game_id,game_day,away_team,away_id,away_score,is_neutral,away_poss,points_away,poss_away
401594528,"December 21, 2023",Abilene Christian Wildcats,2000,73,False,79.7,69.0,70.53299999999999
401598957,"December 30, 2023",Abilene Christian Wildcats,2000,84,False,74.025,69.66666666666667,72.06083333333333
401574101,"February 08, 2024",Abilene Christian Wildcats,2000,52,False,73.165,69.0,71.33500000000001
401574109,"February 10, 2024",Abilene Christian Wildcats,2000,45,False,68.955,67.45454545454545,71.50136363636364
401574114,"February 15, 2024",Abilene Christian Wildcats,2000,87,False,76.63,65.58333333333333,71.28916666666667
401574119,"February 17, 2024",Abilene Christian Wildcats,2000,63,False,64.42,67.23076923076923,71.7
401574134,"February 29, 2024",Abilene Christian Wildcats,2000,77,False,68.42,66.92857142857143,71.17999999999999
401574064,"January 11, 2024",Abilene Christian Wildcats,2000,64,False,71.77000000000001,71.71428571428571,72.34142857142857
401574068,"January 13, 2024",Abilene Christian Wildcats,2000,53,False,67.095,70.75,72.27
401574075,"January 18, 2024",Abilene Christian Wildcats,2000,71,False,68.095,68.77777777777777,71.695
401574140,"March 02, 2024",Abilene Christian Wildcats,2000,86,False,77.84,67.6,70.99600000000001
401625507,"March 13, 2024",Abilene Christian Wildcats,2000,57,True,70.305,68.75,71.42375
401600131,"November 06, 2023",Abilene Christian Wildcats,2000,64,False,70.7,0.0,0.0
401583590,"November 10, 2023",Abilene Christian Wildcats,2000,64,False,66.445,64.0,70.7
401582121,"November 17, 2023",Abilene Christian Wildcats,2000,77,True,67.91,64.0,68.57249999999999
401582127,"November 20, 2023",Abilene Christian Wildcats,2000,69,True,73.445,68.33333333333333,68.35166666666667
401574044,"November 29, 2023",Abilene Christian Wildcats,2000,71,False,74.165,68.5,69.625
401594597,"December 18, 2023",Adams State Grizzlies,nd-adams-state-grizzlies,83,False,82.005,0.0,0.0
401609946,"December 29, 2023",Adams State Grizzlies,nd-adams-state-grizzlies,61,False,71.49000000000001,83.0,82.005
401583843,"December 03, 2023",Air Force Falcons,2005,80,False,70.955,65.66666666666667,66.29666666666667
401577967,"December 16, 2023",Air Force Falcons,2005,73,True,74.77000000000001,69.25,67.46125
401594451,"February 03, 2024",Air Force Falcons,2005,56,False,59.885,70.33333333333333,66.98111111111112
401594454,"February 13, 2024",Air Force Falcons,2005,66,False,60.91,68.9,66.2715
401594456,"February 24, 2024",Air Force Falcons,2005,78,False,65.745,68.63636363636364,65.7840909090909
401594444,"January 09, 2024",Air Force Falcons,2005,54,False,58.745,70.0,68.923
401594446,"January 16, 2024",Air Force Falcons,2005,69,False,70.095,67.33333333333333,67.22666666666667
401594448,"January 23, 2024",Air Force Falcons,2005,90,False,66.095,67.57142857142857,67.63642857142858
401594449,"January 27, 2024",Air Force Falcons,2005,70,False,63.28,70.375,67.44375
401594458,"March 01, 2024",Air Force Falcons,2005,60,False,65.675,69.41666666666667,65.78083333333333
401594459,"March 05, 2024",Air Force Falcons,2005,63,False,57.815,68.6923076923077,65.77269230769231
401625524,"March 13, 2024",Air Force Falcons,2005,56,True,66.955,68.28571428571429,65.20428571428572
401576634,"November 10, 2023",Air Force Falcons,2005,82,False,71.84,0.0,0.0
401594441,"November 12, 2023",Air Force Falcons,2005,57,False,57.7,82.0,71.84
401594442,"November 26, 2023",Air Force Falcons,2005,58,False,69.35,69.5,64.77000000000001
401594232,"December 09, 2023",Akron Zips,2006,77,False,65.815,75.5,71.0825
401634066,"February 10, 2024",Akron Zips,2006,59,False,65.7,75.375,67.85375
401588681,"February 17, 2024",Akron Zips,2006,73,False,68.955,73.55555555555556,67.61444444444444
401588690,"February 20, 2024",Akron Zips,2006,64,False,67.025,73.5,67.7485
401588701,"February 27, 2024",Akron Zips,2006,67,False,67.025,72.63636363636364,67.68272727272728
401588619,"January 02, 2024",Akron Zips,2006,73,False,67.56,76.0,69.32666666666667
401588630,"January 09, 2024",Akron Zips,2006,80,False,67.91,75.25,68.88499999999999
401588644,"January 19, 2024",Akron Zips,2006,77,False,66.515,76.2,68.69
401588659,"January 27, 2024",Akron Zips,2006,68,False,64.375,76.33333333333333,68.3275
401588663,"January 30, 2024",Akron Zips,2006,77,False,68.49000000000001,75.14285714285714,67.76285714285714
401588716,"March 08, 2024",Akron Zips,2006,84,False,72.725,72.16666666666667,67.62791666666666
401590205,"November 06, 2023",Akron Zips,2006,81,False,68.955,0.0,0.0
401597298,"November 28, 2023",Akron Zips,2006,70,False,73.21,81.0,68.955
401594553,"December 02, 2023",Alabama A&M Bulldogs,2010,59,False,72.19,66.4,74.961
401600099,"December 09, 2023",Alabama A&M Bulldogs,2010,49,False,68.77,65.16666666666667,74.49916666666667
401579105,"December 11, 2023",Alabama A&M Bulldogs,2010,91,False,98.655,62.857142857142854,73.68071428571429
401600100,"December 21, 2023",Alabama A&M Bulldogs,2010,67,False,78.58500000000001,66.375,76.8025
401594535,"December 30, 2023",Alabama A&M Bulldogs,2010,73,False,81.305,66.44444444444444,77.00055555555555
401600106,"February 10, 2024",Alabama A&M Bulldogs,2010,62,False,76.84,67.46666666666667,75.8
401600107,"February 12, 2024",Alabama A&M Bulldogs,2010,60,False,71.05,67.125,75.86500000000001
401574640,"February 24, 2024",Alabama A&M Bulldogs,2010,61,False,67.305,66.70588235294117,75.58176470588236
401598912,"February 26, 2024",Alabama A&M Bulldogs,2010,58,False,75.56,66.38888888888889,75.12194444444444
401600101,"January 06, 2024",Alabama A&M Bulldogs,2010,63,False,70.49000000000001,67.1,77.43100000000001
401600102,"January 08, 2024",Alabama A&M Bulldogs,2010,78,False,67.375,66.72727272727273,76.80000000000001
401627822,"January 15, 2024",Alabama A&M Bulldogs,2010,55,True,66.235,67.66666666666667,76.01458333333333
401600105,"January 27, 2024",Alabama A&M Bulldogs,2010,69,False,75.26,66.6923076923077,75.2623076923077
401598028,"January 29, 2024",Alabama A&M Bulldogs,2010,76,False,83.33,66.85714285714286,75.26214285714286
401625672,"March 13, 2024",Alabama A&M Bulldogs,2010,75,True,70.91,65.94736842105263,75.14500000000001
401625676,"March 15, 2024",Alabama A&M Bulldogs,2010,65,True,73.98,66.4,74.93325
401587110,"November 09, 2023",Alabama A&M Bulldogs,2010,67,False,75.445,0.0,0.0
401593932,"November 18, 2023",Alabama A&M Bulldogs,2010,81,False,82.165,67.0,75.445
401583796,"November 21, 2023",Alabama A&M Bulldogs,2010,54,False,74.095,74.0,78.805
401604370,"November 24, 2023",Alabama A&M Bulldogs,2010,71,True,69.515,67.33333333333333,77.235
401594173,"November 25, 2023",Alabama A&M Bulldogs,2010,59,False,73.58500000000001,68.25,75.305
401577643,"December 09, 2023",Alabama Crimson Tide,333,86,True,72.98,90.0,76.0375
401577597,"December 16, 2023",Alabama Crimson Tide,333,82,False,68.955,88.66666666666667,75.01833333333333
401591434,"December 20, 2023",Alabama Crimson Tide,333,74,True,81.91,87.0,73.5025
401597172,"February 07, 2024",Alabama Crimson Tide,333,81,False,80.75,82.0,74.40055555555556
401597178,"February 10, 2024",Alabama Crimson Tide,333,109,False,79.91,81.9,75.0355
401597202,"February 24, 2024",Alabama Crimson Tide,333,95,False,81.91,84.36363636363636,75.47863636363637
401597212,"February 28, 2024",Alabama Crimson Tide,333,103,False,77.58500000000001,85.25,76.01458333333333
401597112,"January 06, 2024",Alabama Crimson Tide,333,78,False,71.235,84.4,75.184
401597127,"January 13, 2024",Alabama Crimson Tide,333,82,False,74.445,83.33333333333333,74.52583333333332
401597143,"January 20, 2024",Alabama Crimson Tide,333,71,False,75.375,83.14285714285714,74.51428571428572
401597159,"January 31, 2024",Alabama Crimson Tide,333,85,False,72.63,81.625,74.621875
401597222,"March 05, 2024",Alabama Crimson Tide,333,87,False,83.61,86.61538461538461,76.13538461538461
401577636,"November 24, 2023",Alabama Crimson Tide,333,81,True,73.05,0.0,0.0
401582161,"November 25, 2023",Alabama Crimson Tide,333,99,True,79.025,81.0,73.05
401584432,"December 13, 2023",Alabama State Hornets,2011,56,False,67.305,71.2,75.11
401583799,"December 22, 2023",Alabama State Hornets,2011,62,False,78.12,68.66666666666667,73.80916666666667
401577581,"December 29, 2023",Alabama State Hornets,2011,70,False,62.235,67.71428571428571,74.425
401600121,"February 10, 2024",Alabama State Hornets,2011,68,False,72.12,67.5,71.81875000000001
401600122,"February 12, 2024",Alabama State Hornets,2011,62,False,67.305,67.53846153846153,71.84192307692308
401598911,"February 24, 2024",Alabama State Hornets,2011,65,False,74.58500000000001,67.14285714285714,71.51785714285714
401574641,"February 26, 2024",Alabama State Hornets,2011,84,False,78.05,67.0,71.72233333333334
401600127,"January 06, 2024",Alabama State Hornets,2011,54,False,61.63,68.0,72.90125
401600126,"January 08, 2024",Alabama State Hornets,2011,83,False,82.235,66.44444444444444,71.64888888888889
401598027,"January 27, 2024",Alabama State Hornets,2011,74,False,71.445,68.1,72.70750000000001
401600120,"January 29, 2024",Alabama State Hornets,2011,55,False,63.305,68.63636363636364,72.59272727272727
401600110,"March 02, 2024",Alabama State Hornets,2011,53,False,66.49,68.0625,72.1178125
401625671,"March 13, 2024",Alabama State Hornets,2011,50,True,60.56,67.17647058823529,71.78676470588235
401594542,"November 06, 2023",Alabama State Hornets,2011,59,False,71.235,0.0,0.0
401600113,"November 10, 2023",Alabama State Hornets,2011,67,False,77.725,59.0,71.235
401583602,"November 17, 2023",Alabama State Hornets,2011,75,False,76.305,63.0,74.47999999999999
401579100,"November 22, 2023",Alabama State Hornets,2011,67,False,77.165,67.0,75.08833333333332
401581728,"November 24, 2023",Alabama State Hornets,2011,88,True,73.12,67.0,75.6075
401611836,"November 29, 2023",Albany St (GA) Golden Rams,nd-albany-st-ga-golden-rams,92,False,86.725,0.0,0.0
401576143,"December 10, 2023",Alcorn State Braves,2016,58,False,66.955,69.0,72.75357142857142
401577624,"December 12, 2023",Alcorn State Braves,2016,65,False,73.56,67.625,72.02875
401602188,"December 17, 2023",Alcorn State Braves,2016,82,False,69.77,67.33333333333333,72.19888888888889
401594421,"December 19, 2023",Alcorn State Braves,2016,55,False,79.77,68.8,71.95599999999999
401581080,"December 21, 2023",Alcorn State Braves,2016,75,False,71.28,67.54545454545455,72.66636363636364
401602352,"February 10, 2024",Alcorn State Braves,2016,68,False,69.84,68.88235294117646,70.87911764705882
401602353,"February 12, 2024",Alcorn State Braves,2016,72,False,63.28,68.83333333333333,70.82138888888889
401583820,"January 06, 2024",Alcorn State Braves,2016,80,False,72.305,68.16666666666667,72.55083333333333
401600103,"January 11, 2024",Alcorn State Braves,2016,74,False,66.56,69.07692307692308,72.53192307692308
401600118,"January 13, 2024",Alcorn State Braves,2016,53,False,63.42,69.42857142857143,72.10535714285714
401598906,"January 27, 2024",Alcorn State Braves,2016,76,False,65.025,68.33333333333333,71.52633333333333
401574633,"January 29, 2024",Alcorn State Braves,2016,70,False,67.025,68.8125,71.12
401598035,"March 02, 2024",Alcorn State Braves,2016,73,False,67.77,69.0,70.42447368421053
401602354,"March 04, 2024",Alcorn State Braves,2016,82,False,66.42,69.2,70.29175000000001
401594524,"November 06, 2023",Alcorn State Braves,2016,59,False,73.91,0.0,0.0
401594610,"November 14, 2023",Alcorn State Braves,2016,86,False,71.19,59.0,73.91
401597872,"November 16, 2023",Alcorn State Braves,2016,77,False,77.98,72.5,72.55
401592370,"November 19, 2023",Alcorn State Braves,2016,49,False,67.7,74.0,74.36
401578013,"November 21, 2023",Alcorn State Braves,2016,74,False,80.305,67.75,72.695
401602360,"November 22, 2023",Alcorn State Braves,2016,69,False,67.955,69.0,74.21700000000001
401583762,"November 24, 2023",Alcorn State Braves,2016,69,False,70.235,69.0,73.17333333333333
401594470,"December 03, 2023",Alice Lloyd College Eagles,nd-alice-lloyd-college-eagles,82,False,73.49,0.0,0.0
401597956,"December 21, 2023",Alice Lloyd College Eagles,nd-alice-lloyd-college-eagles,39,False,75.35,82.0,73.49
401577547,"December 06, 2023",American University Eagles,44,53,False,56.095,69.25,69.99125000000001
401575397,"December 09, 2023",American University Eagles,44,77,False,64.77000000000001,66.0,67.212
401584334,"December 21, 2023",American University Eagles,44,55,False,60.885,67.83333333333333,66.805
401582138,"December 29, 2023",American University Eagles,44,87,False,73.885,66.0,65.95928571428571
401597391,"February 10, 2024",American University Eagles,44,56,False,58.955,68.53846153846153,65.63538461538461
401597392,"February 14, 2024",American University Eagles,44,59,False,60.095,67.64285714285714,65.1582142857143
401597395,"February 25, 2024",American University Eagles,44,66,False,66.095,67.06666666666666,64.82066666666667
401597396,"February 28, 2024",American University Eagles,44,73,False,56.745,67.0,64.9003125
401594486,"January 06, 2024",American University Eagles,44,71,False,58.745,68.625,66.95
401597385,"January 10, 2024",American University Eagles,44,68,False,64.63,68.88888888888889,66.03833333333334
401594512,"January 15, 2024",American University Eagles,44,66,False,64.16499999999999,68.8,65.89750000000001
401597387,"January 20, 2024",American University Eagles,44,68,False,67.7,68.54545454545455,65.74
401597390,"January 31, 2024",American University Eagles,44,69,False,62.42,68.5,65.90333333333334
401584356,"November 06, 2023",American University Eagles,44,63,False,66.165,0.0,0.0
401594150,"November 09, 2023",American University Eagles,44,56,False,70.12,63.0,66.165
401575483,"November 19, 2023",American University Eagles,44,83,False,75.91,59.5,68.14250000000001
401581741,"November 29, 2023",American University Eagles,44,75,False,67.77,67.33333333333333,70.73166666666667
401599590,"December 30, 2023",Anderson (SC) Trojans,nd-anderson-sc-trojans,79,False,79.26,0.0,0.0
401587158,"November 09, 2023",Andrews University Cardinals,nd-andrews-university-cardinals,34,False,86.815,0.0,0.0
401609950,"November 26, 2023",Angelo State Rams,nd-angelo-state-rams,50,False,68.19,0.0,0.0
401600143,"December 30, 2023",Antelope Valley,nd-antelope-valley,78,False,80.165,0.0,0.0
401581832,"December 13, 2023",App State Mountaineers,2026,93,False,72.63,72.0,74.73833333333333
401581502,"February 01, 2024",App State Mountaineers,2026,81,False,72.91,73.875,72.609375
401581503,"February 03, 2024",App State Mountaineers,2026,85,False,74.56,74.66666666666667,72.64277777777778
401581504,"February 07, 2024",App State Mountaineers,2026,56,False,68.025,75.7,72.8345
401581507,"February 22, 2024",App State Mountaineers,2026,82,False,70.235,73.9090909090909,72.39727272727272
401581508,"February 24, 2024",App State Mountaineers,2026,65,False,67.815,74.58333333333333,72.21708333333333
401581494,"January 04, 2024",App State Mountaineers,2026,91,False,80.77,77.25,74.21125
401581495,"January 06, 2024",App State Mountaineers,2026,62,False,69.63,80.0,75.523
401581496,"January 11, 2024",App State Mountaineers,2026,70,False,65.88499999999999,77.0,74.54083333333334
401581497,"January 13, 2024",App State Mountaineers,2026,59,False,67.745,76.0,73.30428571428571
401574585,"November 11, 2023",App State Mountaineers,2026,78,False,79.56,0.0,0.0
401581825,"November 14, 2023",App State Mountaineers,2026,71,False,74.095,78.0,79.56
401581827,"November 22, 2023",App State Mountaineers,2026,67,True,70.56,74.5,76.8275
401594402,"November 09, 2023",Apprentice School Builders,nd-apprentice-school-builders,56,False,72.7,0.0,0.0
401597907,"November 30, 2023",Apprentice School Builders,nd-apprentice-school-builders,46,False,81.49,56.0,72.7
401581769,"December 29, 2023",Aquinas Saints,nd-aquinas-saints,71,False,74.815,0.0,0.0
401587147,"December 30, 2023",Arcadia,nd-arcadia,46,False,69.955,0.0,0.0
401597960,"December 09, 2023",Arizona State Sun Devils,9,84,False,78.025,56.0,69.91
401607342,"December 16, 2023",Arizona State Sun Devils,9,59,True,76.025,70.0,73.9675
401607356,"December 29, 2023",Arizona State Sun Devils,9,76,False,73.49,66.33333333333333,74.65333333333334
401607362,"December 31, 2023",Arizona State Sun Devils,9,71,False,78.49,68.75,74.3625
401607412,"February 08, 2024",Arizona State Sun Devils,9,70,False,73.515,68.125,74.575
401607419,"February 10, 2024",Arizona State Sun Devils,9,85,False,75.955,68.33333333333333,74.45722222222223
401607425,"February 17, 2024",Arizona State Sun Devils,9,60,False,74.77,70.0,74.607
401607377,"January 11, 2024",Arizona State Sun Devils,9,67,False,72.56,69.2,75.188
401607394,"January 25, 2024",Arizona State Sun Devils,9,61,False,69.88499999999999,68.83333333333333,74.75
401607399,"January 27, 2024",Arizona State Sun Devils,9,71,False,78.215,67.71428571428571,74.05499999999999
401607471,"March 07, 2024",Arizona State Sun Devils,9,73,False,69.05,69.0909090909091,74.62181818181818
401607444,"March 09, 2024",Arizona State Sun Devils,9,47,False,60.56,69.41666666666667,74.1575
401625476,"March 13, 2024",Arizona State Sun Devils,9,57,True,76.095,67.6923076923077,73.11153846153846
401597957,"November 08, 2023",Arizona State Sun Devils,9,56,True,69.91,0.0,0.0
401577644,"December 16, 2023",Arizona Wildcats,12,84,True,77.165,78.0,77.42
401607355,"December 29, 2023",Arizona Wildcats,12,100,False,84.26,81.0,77.2925
401607360,"December 31, 2023",Arizona Wildcats,12,82,False,77.49,87.33333333333333,79.61500000000001
401607413,"February 08, 2024",Arizona Wildcats,12,105,False,92.235,83.0,75.46428571428571
401607417,"February 10, 2024",Arizona Wildcats,12,99,False,76.235,85.75,77.560625
401607437,"February 28, 2024",Arizona Wildcats,12,85,False,72.63,87.22222222222223,77.41333333333334
401607378,"January 13, 2024",Arizona Wildcats,12,70,False,71.235,86.0,79.08375000000001
401607395,"January 25, 2024",Arizona Wildcats,12,80,False,67.84,82.8,77.514
401607398,"January 27, 2024",Arizona Wildcats,12,87,False,72.84,82.33333333333333,75.90166666666667
401607442,"March 07, 2024",Arizona Wildcats,12,88,False,70.05,87.0,76.935
401607475,"March 09, 2024",Arizona Wildcats,12,65,False,73.63,87.0909090909091,76.30909090909091
401576148,"November 10, 2023",Arizona Wildcats,12,78,False,77.42,0.0,0.0
401604757,"November 27, 2023",Arkansas Baptist Buffaloes,nd-arkansas-baptist-buffaloes,60,False,77.305,0.0,0.0
401584354,"December 09, 2023",Arkansas Razorbacks,8,70,True,70.98,75.5,72.88749999999999
401597164,"February 03, 2024",Arkansas Razorbacks,8,74,False,73.98,71.0,72.86
401597192,"February 17, 2024",Arkansas Razorbacks,8,67,False,65.165,71.375,73.0
401597195,"February 20, 2024",Arkansas Razorbacks,8,78,False,77.19,70.88888888888889,72.12944444444445
401597121,"January 10, 2024",Arkansas Razorbacks,8,66,False,76.77,73.66666666666667,72.25166666666667
401597124,"January 13, 2024",Arkansas Razorbacks,8,68,False,74.375,71.75,73.38125
401597148,"January 24, 2024",Arkansas Razorbacks,8,51,False,64.35,71.0,73.58
401597162,"January 31, 2024",Arkansas Razorbacks,8,91,False,77.77,67.66666666666667,72.04166666666667
401597214,"March 02, 2024",Arkansas Razorbacks,8,102,False,89.47,71.6,72.63550000000001
401597228,"March 09, 2024",Arkansas Razorbacks,8,88,False,85.375,74.36363636363636,74.1659090909091
401625450,"March 14, 2024",Arkansas Razorbacks,8,66,True,68.235,75.5,75.10000000000001
401581521,"November 23, 2023",Arkansas Razorbacks,8,79,True,73.05,0.0,0.0
401581524,"November 24, 2023",Arkansas Razorbacks,8,72,True,72.725,79.0,73.05
401594613,"December 01, 2023",Arkansas State Red Wolves,2032,66,False,76.84,75.0,75.22999999999999
401591433,"December 04, 2023",Arkansas State Red Wolves,2032,65,False,76.235,73.2,75.55199999999999
401594615,"December 13, 2023",Arkansas State Red Wolves,2032,75,False,71.42,71.83333333333333,75.66583333333334
401575768,"December 20, 2023",Arkansas State Red Wolves,2032,70,False,70.815,72.28571428571429,75.0592857142857
401581611,"December 30, 2023",Arkansas State Red Wolves,2032,90,False,72.12,72.0,74.52875
401581623,"February 15, 2024",Arkansas State Red Wolves,2032,82,False,66.095,69.14285714285714,74.32653846153846
401581624,"February 17, 2024",Arkansas State Red Wolves,2032,76,False,65.63,70.0,73.73857142857142
401581627,"February 28, 2024",Arkansas State Red Wolves,2032,71,False,71.42,70.375,73.19800000000001
401581616,"January 17, 2024",Arkansas State Red Wolves,2032,66,False,73.095,74.0,74.26111111111112
401581617,"January 20, 2024",Arkansas State Red Wolves,2032,79,False,70.7,73.2,74.1445
401581618,"January 25, 2024",Arkansas State Red Wolves,2032,0,False,,73.72727272727273,73.83136363636363
401636059,"January 26, 2024",Arkansas State Red Wolves,2032,75,False,74.12,67.58333333333333,73.83136363636363
401581619,"January 28, 2024",Arkansas State Red Wolves,2032,82,False,79.98,68.15384615384616,73.85541666666667
401581610,"March 01, 2024",Arkansas State Red Wolves,2032,57,False,70.42,70.41176470588235,73.086875
401625599,"March 10, 2024",Arkansas State Red Wolves,2032,67,True,57.955,69.66666666666667,72.92999999999999
401625601,"March 11, 2024",Arkansas State Red Wolves,2032,71,True,66.025,69.52631578947368,72.09805555555556
401584411,"November 06, 2023",Arkansas State Red Wolves,2032,76,False,83.05,0.0,0.0
401574584,"November 11, 2023",Arkansas State Red Wolves,2032,75,False,70.815,76.0,83.05
401594611,"November 17, 2023",Arkansas State Red Wolves,2032,74,False,78.61,75.5,76.9325
401604300,"November 25, 2023",Arkansas State Red Wolves,2032,75,True,68.445,75.0,77.49166666666666
401592097,"December 10, 2023",Arkansas-Fort Smith Lions,nd-arkansas-fort-smith-lions,60,False,73.63,0.0,0.0
401604758,"December 05, 2023",Arkansas-Pine Bluff Golden Lions,2029,71,False,84.84,78.2,76.151
401591372,"December 09, 2023",Arkansas-Pine Bluff Golden Lions,2029,63,False,69.58500000000001,77.0,77.59916666666668
401577578,"December 12, 2023",Arkansas-Pine Bluff Golden Lions,2029,86,False,74.025,75.0,76.45428571428572
401604914,"February 03, 2024",Arkansas-Pine Bluff Golden Lions,2029,83,False,72.935,69.41666666666667,74.73409090909091
401633439,"February 05, 2024",Arkansas-Pine Bluff Golden Lions,2029,74,False,72.77,70.46153846153847,74.58416666666666
401600123,"February 17, 2024",Arkansas-Pine Bluff Golden Lions,2029,80,False,73.91,70.71428571428571,74.44461538461539
401600109,"February 19, 2024",Arkansas-Pine Bluff Golden Lions,2029,67,False,78.98,71.33333333333333,74.40642857142858
401603002,"January 13, 2024",Arkansas-Pine Bluff Golden Lions,2029,70,False,70.305,76.375,76.150625
401598025,"January 15, 2024",Arkansas-Pine Bluff Golden Lions,2029,0,False,,75.66666666666667,75.50111111111111
401604288,"January 27, 2024",Arkansas-Pine Bluff Golden Lions,2029,66,False,73.58500000000001,68.1,75.50111111111111
401606615,"January 29, 2024",Arkansas-Pine Bluff Golden Lions,2029,86,False,68.98,67.9090909090909,75.3095
401583834,"March 07, 2024",Arkansas-Pine Bluff Golden Lions,2029,84,False,70.885,71.0625,74.71133333333334
401611837,"March 09, 2024",Arkansas-Pine Bluff Golden Lions,2029,95,False,78.58500000000001,71.82352941176471,74.4721875
401594537,"November 06, 2023",Arkansas-Pine Bluff Golden Lions,2029,79,False,76.165,0.0,0.0
401574409,"November 13, 2023",Arkansas-Pine Bluff Golden Lions,2029,85,False,80.235,79.0,76.165
401600442,"November 21, 2023",Arkansas-Pine Bluff Golden Lions,2029,67,False,75.235,82.0,78.2
401588594,"November 24, 2023",Arkansas-Pine Bluff Golden Lions,2029,74,False,69.025,77.0,77.21166666666666
401584353,"November 30, 2023",Arkansas-Pine Bluff Golden Lions,2029,86,False,80.095,76.25,75.165
401608799,"December 18, 2023",Arlington Baptist Patriots,nd-arlington-baptist-patriots,53,False,78.955,0.0,0.0
401581743,"December 08, 2023",Army Black Knights,349,64,False,66.98,58.75,67.97875
401584406,"December 21, 2023",Army Black Knights,349,63,False,66.095,59.8,67.779
401602996,"February 07, 2024",Army Black Knights,349,68,False,64.815,58.72727272727273,64.99772727272727
401600091,"February 17, 2024",Army Black Knights,349,59,False,63.42,59.5,64.9825
401594500,"February 25, 2024",Army Black Knights,349,41,False,62.815,59.46153846153846,64.8623076923077
401604269,"January 03, 2024",Army Black Knights,349,47,False,56.35,60.333333333333336,67.49833333333333
401597386,"January 13, 2024",Army Black Knights,349,60,False,65.42,58.42857142857143,65.9057142857143
401598594,"January 20, 2024",Army Black Knights,349,53,False,63.515,58.625,65.845
401597969,"January 24, 2024",Army Black Knights,349,69,False,61.49,58.0,65.58611111111111
401598639,"January 31, 2024",Army Black Knights,349,55,False,63.21,59.1,65.1765
401594523,"March 02, 2024",Army Black Knights,349,68,False,62.77,58.142857142857146,64.71607142857142
401584400,"November 09, 2023",Army Black Knights,349,44,False,66.745,0.0,0.0
401577613,"November 12, 2023",Army Black Knights,349,64,False,66.815,44.0,66.745
401584401,"November 21, 2023",Army Black Knights,349,59,True,66.095,54.0,66.78
401574596,"November 25, 2023",Army Black Knights,349,68,False,72.26,55.666666666666664,66.55166666666666
401593930,"November 11, 2023",Asbury Eagles,nd-asbury-eagles,74,False,79.77,0.0,0.0
401581830,"December 03, 2023",Auburn Tigers,2,64,False,64.305,80.66666666666667,76.98666666666666
401577616,"December 09, 2023",Auburn Tigers,2,104,True,76.305,76.5,73.81625
401597165,"February 03, 2024",Auburn Tigers,2,91,False,71.095,78.44444444444444,72.40277777777777
401597176,"February 10, 2024",Auburn Tigers,2,65,False,71.91,79.7,72.272
401597204,"February 24, 2024",Auburn Tigers,2,97,False,70.58500000000001,78.36363636363636,72.2390909090909
401597211,"February 28, 2024",Auburn Tigers,2,84,False,80.98,79.91666666666667,72.10125000000001
401597113,"January 06, 2024",Auburn Tigers,2,83,False,72.025,82.0,74.314
401597135,"January 17, 2024",Auburn Tigers,2,80,False,65.77,82.16666666666667,73.9325
401597146,"January 24, 2024",Auburn Tigers,2,75,False,75.63,81.85714285714286,72.76642857142858
401597155,"January 27, 2024",Auburn Tigers,2,58,False,66.63,81.0,73.124375
401597221,"March 05, 2024",Auburn Tigers,2,101,False,75.725,80.23076923076923,72.78423076923077
401583794,"November 07, 2023",Auburn Tigers,2,82,True,85.445,0.0,0.0
401582155,"November 16, 2023",Auburn Tigers,2,83,True,76.56,82.0,85.445
401582158,"November 17, 2023",Auburn Tigers,2,77,True,68.955,82.5,81.0025
401577709,"November 19, 2023",Aurora Spartans,nd-aurora-spartans,48,False,74.095,0.0,0.0
401594466,"December 02, 2023",Austin Peay Governors,2046,65,False,68.56,60.0,69.95625000000001
401597883,"December 12, 2023",Austin Peay Governors,2046,70,False,61.815,61.0,69.67699999999999
401597884,"December 16, 2023",Austin Peay Governors,2046,64,False,65.88499999999999,62.5,68.36666666666667
401583606,"December 30, 2023",Austin Peay Governors,2046,70,False,73.35,62.714285714285715,68.01214285714286
401574202,"February 15, 2024",Austin Peay Governors,2046,77,False,71.7,65.78571428571429,67.26785714285714
401574203,"February 17, 2024",Austin Peay Governors,2046,87,False,64.56,66.53333333333333,67.56333333333333
401574191,"January 04, 2024",Austin Peay Governors,2046,84,False,68.305,63.625,68.679375
401574192,"January 06, 2024",Austin Peay Governors,2046,59,False,65.58500000000001,65.88888888888889,68.63777777777779
401574193,"January 13, 2024",Austin Peay Governors,2046,77,False,72.56,65.2,68.33250000000001
401574196,"January 25, 2024",Austin Peay Governors,2046,82,False,67.49,66.27272727272727,68.71681818181818
401574197,"January 27, 2024",Austin Peay Governors,2046,67,False,64.095,67.58333333333333,68.61458333333333
401574198,"January 31, 2024",Austin Peay Governors,2046,43,False,54.28,67.53846153846153,68.26692307692308
401625658,"March 10, 2024",Austin Peay Governors,2046,91,False,73.47,67.8125,67.375625
401589057,"November 10, 2023",Austin Peay Governors,2046,45,False,64.375,0.0,0.0
401597880,"November 17, 2023",Austin Peay Governors,2046,63,False,75.58500000000001,45.0,64.375
401604308,"November 22, 2023",Austin Peay Governors,2046,74,True,74.12,54.0,69.98
401581828,"November 26, 2023",Austin Peay Governors,2046,58,False,65.745,60.666666666666664,71.36
401593869,"November 10, 2023",Ave Maria Gyrenes,nd-ave-maria-gyrenes,71,False,71.77,0.0,0.0
401587246,"December 12, 2023",Avila Eagles,nd-avila-eagles,64,False,68.445,48.0,73.12
401581801,"November 06, 2023",Avila Eagles,nd-avila-eagles,48,False,73.12,0.0,0.0
401593954,"December 09, 2023",BYU Cougars,252,69,False,71.63,77.0,68.63
401603458,"February 03, 2024",BYU Cougars,252,86,False,72.42,71.8,69.59299999999999
401603463,"February 06, 2024",BYU Cougars,252,66,False,70.515,74.16666666666667,70.06416666666667
401603480,"February 17, 2024",BYU Cougars,252,83,False,69.025,73.0,70.12857142857142
401603492,"February 24, 2024",BYU Cougars,252,74,False,68.56,74.25,69.990625
401603499,"February 27, 2024",BYU Cougars,252,76,False,69.84,74.22222222222223,69.83166666666666
401603405,"January 09, 2024",BYU Cougars,252,72,False,69.98,73.0,70.13
401603417,"January 13, 2024",BYU Cougars,252,63,False,68.095,72.66666666666667,70.08
401603431,"January 20, 2024",BYU Cougars,252,78,False,69.63,70.25,69.58375
401603514,"March 06, 2024",BYU Cougars,252,63,False,67.56,74.4,69.83250000000001
401625440,"March 14, 2024",BYU Cougars,252,67,True,72.375,73.36363636363636,69.62590909090909
401582152,"November 23, 2023",BYU Cougars,252,77,True,68.63,0.0,0.0
401583756,"December 06, 2023",Ball State Cardinals,2050,68,False,72.56,57.0,68.095
401588609,"December 21, 2023",Ball State Cardinals,2050,63,False,64.77,60.666666666666664,69.58333333333333
401588668,"February 03, 2024",Ball State Cardinals,2050,77,False,70.095,68.625,68.688125
401634062,"February 10, 2024",Ball State Cardinals,2050,60,False,67.56,69.55555555555556,68.84444444444445
401588680,"February 17, 2024",Ball State Cardinals,2050,59,False,66.28,68.6,68.716
401588691,"February 20, 2024",Ball State Cardinals,2050,70,False,71.445,67.72727272727273,68.49454545454546
401588703,"February 27, 2024",Ball State Cardinals,2050,79,False,66.56,67.91666666666667,68.74041666666666
401588618,"January 02, 2024",Ball State Cardinals,2050,69,False,67.84,61.25,68.38
401588632,"January 13, 2024",Ball State Cardinals,2050,72,False,61.885,62.8,68.272
401588639,"January 16, 2024",Ball State Cardinals,2050,76,False,71.095,64.33333333333333,67.2075
401588653,"January 23, 2024",Ball State Cardinals,2050,87,False,75.165,66.0,67.76285714285714
401588719,"March 08, 2024",Ball State Cardinals,2050,70,False,74.305,68.76923076923077,68.57269230769231
401587215,"November 18, 2023",Ball State Cardinals,2050,50,False,70.63,0.0,0.0
401588599,"November 28, 2023",Ball State Cardinals,2050,64,False,65.56,50.0,70.63
401591555,"November 12, 2023",Bard College Bard,nd-bard-college-bard,36,False,67.21000000000001,0.0,0.0
401592434,"December 16, 2023",Baylor Bears,239,64,True,70.98,91.5,73.875
401576155,"December 20, 2023",Baylor Bears,239,70,True,68.56,82.33333333333333,72.91000000000001
401603467,"February 10, 2024",Baylor Bears,239,61,False,68.235,75.75,69.223125
401603482,"February 17, 2024",Baylor Bears,239,94,False,71.05,74.11111111111111,69.11333333333333
401603487,"February 20, 2024",Baylor Bears,239,71,False,61.815,76.1,69.307
401603497,"February 26, 2024",Baylor Bears,239,62,False,64.095,75.63636363636364,68.62590909090909
401603403,"January 06, 2024",Baylor Bears,239,75,False,71.49,79.25,71.8225
401603421,"January 16, 2024",Baylor Bears,239,64,False,74.165,78.4,71.756
401603430,"January 20, 2024",Baylor Bears,239,73,False,59.095,76.0,72.1575
401603450,"January 31, 2024",Baylor Bears,239,77,False,61.745,75.57142857142857,70.29142857142857
401603523,"March 09, 2024",Baylor Bears,239,68,False,68.84,74.5,68.24833333333333
401625445,"March 15, 2024",Baylor Bears,239,62,True,67.095,74.0,68.29384615384616
401581799,"November 22, 2023",Baylor Bears,239,88,True,73.375,0.0,0.0
401582118,"November 24, 2023",Baylor Bears,239,95,True,74.375,88.0,73.375
401579036,"December 05, 2023",Belhaven Blazers,nd-belhaven-blazers,65,False,75.235,0.0,0.0
401588601,"December 02, 2023",Bellarmine Knights,91,58,False,66.63,67.83333333333333,71.165
401598963,"December 20, 2023",Bellarmine Knights,91,43,False,74.14,66.42857142857143,70.51714285714286
401593957,"December 22, 2023",Bellarmine Knights,91,59,False,66.745,63.5,70.97
401597902,"December 30, 2023",Bellarmine Knights,91,85,False,68.84,63.0,70.50055555555555
401574516,"February 01, 2024",Bellarmine Knights,91,96,False,76.77,64.0,68.41692307692308
401574540,"February 03, 2024",Bellarmine Knights,91,75,False,71.655,66.28571428571429,69.01357142857144
401575340,"February 10, 2024",Bellarmine Knights,91,52,False,62.605,66.86666666666666,69.18966666666667
401593942,"February 28, 2024",Bellarmine Knights,91,74,False,73.28,65.9375,68.778125
401575337,"January 11, 2024",Bellarmine Knights,91,53,False,57.84,65.2,70.3345
401574425,"January 13, 2024",Bellarmine Knights,91,57,False,61.49,64.0909090909091,69.19863636363637
401574440,"January 20, 2024",Bellarmine Knights,91,70,False,66.745,63.5,68.55625
401574206,"March 01, 2024",Bellarmine Knights,91,87,False,75.165,66.41176470588235,69.04294117647059
401581774,"November 06, 2023",Bellarmine Knights,91,57,False,76.885,0.0,0.0
401598958,"November 10, 2023",Bellarmine Knights,91,75,False,72.77,57.0,76.885
401594562,"November 14, 2023",Bellarmine Knights,91,64,False,68.025,66.0,74.8275
401588590,"November 17, 2023",Bellarmine Knights,91,85,False,66.305,65.33333333333333,72.56
401575472,"November 26, 2023",Bellarmine Knights,91,58,False,69.235,70.25,70.99625
401598960,"November 29, 2023",Bellarmine Knights,91,68,False,73.77,67.8,70.644
401581817,"November 30, 2023",Bellevue University Bruins,nd-bellevue-university-bruins,59,False,70.35,0.0,0.0
401575766,"December 09, 2023",Belmont Bruins,2057,75,False,67.305,79.5,78.04875
401575767,"December 16, 2023",Belmont Bruins,2057,93,False,80.05,78.6,75.9
401601877,"February 03, 2024",Belmont Bruins,2057,80,False,75.77,75.2,74.04650000000001
401601891,"February 10, 2024",Belmont Bruins,2057,96,False,74.165,75.63636363636364,74.20318181818182
401601901,"February 18, 2024",Belmont Bruins,2057,75,False,70.745,77.33333333333333,74.2
401601905,"February 21, 2024",Belmont Bruins,2057,69,False,67.56,77.15384615384616,73.93423076923077
401601921,"February 28, 2024",Belmont Bruins,2057,83,False,65.815,76.57142857142857,73.47892857142857
401601821,"January 02, 2024",Belmont Bruins,2057,63,False,75.84,81.0,76.59166666666667
401601840,"January 13, 2024",Belmont Bruins,2057,64,False,72.56,78.42857142857143,76.48428571428572
401601851,"January 20, 2024",Belmont Bruins,2057,72,False,66.21000000000001,76.625,75.99375
401601857,"January 23, 2024",Belmont Bruins,2057,67,False,66.305,76.11111111111111,74.90666666666667
401625665,"March 08, 2024",Belmont Bruins,2057,62,True,75.49,77.0,72.968
401575759,"November 10, 2023",Belmont Bruins,2057,76,False,82.63,0.0,0.0
401607319,"November 17, 2023",Belmont Bruins,2057,68,False,80.095,76.0,82.63
401575763,"November 25, 2023",Belmont Bruins,2057,84,False,73.7,72.0,81.3625
401601811,"November 29, 2023",Belmont Bruins,2057,90,False,75.77,76.0,78.80833333333334
401604386,"November 07, 2023",Benedictine (AZ) Redhawks,nd-benedictine-az-redhawks,62,False,76.58500000000001,0.0,0.0
401598962,"December 07, 2023",Berea Mountaineers,nd-berea-mountaineers,59,False,69.745,0.0,0.0
401575760,"November 14, 2023",Berry Vikings,nd-berry-vikings,59,False,78.815,0.0,0.0
401608977,"December 10, 2023",Bethany (WV) Bison,nd-bethany-wv-bison,56,False,85.815,0.0,0.0
401583781,"December 14, 2023",Bethany (WV) Bison,nd-bethany-wv-bison,70,False,78.885,56.0,85.815
401589374,"December 07, 2023",Bethel (IN) Pilots,nd-bethel-in-pilots,62,False,76.025,0.0,0.0
401594472,"December 12, 2023",Bethel (TN) Wildcats,nd-bethel-tn-wildcats,74,False,76.815,0.0,0.0
401604792,"January 06, 2024",Bethel (TN) Wildcats,nd-bethel-tn-wildcats,61,False,68.955,74.0,76.815
401594094,"December 07, 2023",Bethesda University Flames,nd-bethesda-university-flames,54,False,84.35,64.66666666666667,83.89333333333333
401601140,"December 09, 2023",Bethesda University Flames,nd-bethesda-university-flames,76,False,80.35,62.0,84.0075
401594056,"December 21, 2023",Bethesda University Flames,nd-bethesda-university-flames,45,False,75.375,64.8,83.276
401621842,"January 02, 2024",Bethesda University Flames,nd-bethesda-university-flames,56,False,89.235,61.5,81.95916666666666
401598043,"November 06, 2023",Bethesda University Flames,nd-bethesda-university-flames,59,False,84.63,0.0,0.0
401602183,"November 09, 2023",Bethesda University Flames,nd-bethesda-university-flames,72,False,81.56,59.0,84.63
401602970,"November 26, 2023",Bethesda University Flames,nd-bethesda-university-flames,63,False,85.49,65.5,83.095
401574622,"December 09, 2023",Bethune-Cookman Wildcats,2065,80,False,77.19,57.666666666666664,73.80166666666666
401574624,"December 16, 2023",Bethune-Cookman Wildcats,2065,63,False,73.84,63.25,74.64875
401574625,"December 20, 2023",Bethune-Cookman Wildcats,2065,54,False,64.16499999999999,63.2,74.487
401574626,"December 29, 2023",Bethune-Cookman Wildcats,2065,54,False,82.025,61.666666666666664,72.76666666666667
401606614,"December 31, 2023",Bethune-Cookman Wildcats,2065,62,False,73.35,60.57142857142857,74.08928571428571
401574634,"February 03, 2024",Bethune-Cookman Wildcats,2065,79,False,77.91,63.8,73.8215
401574635,"February 05, 2024",Bethune-Cookman Wildcats,2065,68,False,70.445,65.18181818181819,74.19318181818181
401574638,"February 17, 2024",Bethune-Cookman Wildcats,2065,54,False,64.7,65.41666666666667,73.88083333333333
401574639,"February 19, 2024",Bethune-Cookman Wildcats,2065,60,False,63.955,64.53846153846153,73.17461538461538
401574630,"January 20, 2024",Bethune-Cookman Wildcats,2065,80,False,76.54,60.75,73.996875
401574631,"January 22, 2024",Bethune-Cookman Wildcats,2065,72,False,69.7,62.888888888888886,74.27944444444444
401574642,"March 02, 2024",Bethune-Cookman Wildcats,2065,67,False,67.26,64.21428571428571,72.51607142857144
401574643,"March 04, 2024",Bethune-Cookman Wildcats,2065,60,False,74.445,64.4,72.16566666666667
401574644,"March 09, 2024",Bethune-Cookman Wildcats,2065,67,False,77.955,64.125,72.308125
401625673,"March 14, 2024",Bethune-Cookman Wildcats,2065,73,True,65.91,64.29411764705883,72.64029411764706
401625675,"March 15, 2024",Bethune-Cookman Wildcats,2065,53,True,70.58500000000001,64.77777777777777,72.2663888888889
401574616,"November 06, 2023",Bethune-Cookman Wildcats,2065,60,False,69.49,0.0,0.0
401581785,"November 24, 2023",Bethune-Cookman Wildcats,2065,65,True,78.58500000000001,60.0,69.49
401574620,"November 26, 2023",Bethune-Cookman Wildcats,2065,48,False,73.33,62.5,74.0375
401574598,"December 02, 2023",Binghamton Bearcats,2066,79,False,72.77,61.6,70.556
401574601,"December 22, 2023",Binghamton Bearcats,2066,64,False,69.49000000000001,64.5,70.925
401581213,"February 03, 2024",Binghamton Bearcats,2066,49,False,56.885,65.36363636363636,71.50772727272728
401581229,"February 17, 2024",Binghamton Bearcats,2066,69,False,62.235,64.0,70.28916666666667
401581233,"February 22, 2024",Binghamton Bearcats,2066,80,False,68.58500000000001,64.38461538461539,69.66961538461538
401581184,"January 11, 2024",Binghamton Bearcats,2066,69,False,79.725,64.42857142857143,70.72
401581188,"January 13, 2024",Binghamton Bearcats,2066,75,False,75.025,65.0,71.845625
401581201,"January 25, 2024",Binghamton Bearcats,2066,73,False,76.165,66.11111111111111,72.19888888888889
401581205,"January 27, 2024",Binghamton Bearcats,2066,51,False,60.63,66.8,72.5955
401581249,"March 05, 2024",Binghamton Bearcats,2066,72,False,70.095,65.5,69.59214285714286
401625603,"March 09, 2024",Binghamton Bearcats,2066,64,False,67.84,65.93333333333334,69.62566666666666
401574590,"November 06, 2023",Binghamton Bearcats,2066,61,False,69.235,0.0,0.0
401574591,"November 10, 2023",Binghamton Bearcats,2066,60,False,74.445,61.0,69.235
401574593,"November 15, 2023",Binghamton Bearcats,2066,63,False,67.84,60.5,71.84
401574595,"November 21, 2023",Binghamton Bearcats,2066,75,False,68.375,61.333333333333336,70.50666666666666
401574597,"November 29, 2023",Binghamton Bearcats,2066,49,False,72.885,64.75,69.97375
401579039,"December 14, 2023",Birmingham-Southern Panthers,nd-birmingham-southern-panthers,51,False,76.42,0.0,0.0
401587240,"December 17, 2023",Blackburn Beavers,nd-blackburn-beavers,66,False,72.49,0.0,0.0
401593853,"December 06, 2023",Bloomsburg Huskies,nd-bloomsburg-huskies,55,False,76.7,0.0,0.0
401587109,"November 06, 2023",Blue Mountain Toppers,nd-blue-mountain-toppers,60,False,72.305,0.0,0.0
401584436,"November 21, 2023",Blue Mountain Toppers,nd-blue-mountain-toppers,56,False,70.35,60.0,72.305
401581852,"December 18, 2023",Bluefield University Ramblin' Rams,nd-bluefield-university-ramblin-rams,70,False,81.955,0.0,0.0
401599588,"December 09, 2023",Bob Jones Bruins,nd-bob-jones-bruins,58,False,77.28,49.0,68.955
401600057,"November 28, 2023",Bob Jones Bruins,nd-bob-jones-bruins,49,False,68.955,0.0,0.0
401580934,"December 21, 2023",Boise State Broncos,68,61,True,71.63,71.5,71.06
401602975,"February 06, 2024",Boise State Broncos,68,62,False,65.16499999999999,72.0,69.41071428571429
401600800,"February 10, 2024",Boise State Broncos,68,61,False,68.7,70.75,68.88
401602977,"February 24, 2024",Boise State Broncos,68,92,False,69.63,69.66666666666667,68.86
401594457,"February 27, 2024",Boise State Broncos,68,79,False,59.025,71.9,68.937
401602971,"January 05, 2024",Boise State Broncos,68,78,False,69.63,68.0,71.25
401602973,"January 12, 2024",Boise State Broncos,68,64,False,68.7,70.5,70.845
401600810,"January 23, 2024",Boise State Broncos,68,72,False,60.7,69.2,70.416
401602974,"January 31, 2024",Boise State Broncos,68,86,False,73.095,69.66666666666667,68.79666666666667
401597949,"March 08, 2024",Boise State Broncos,68,79,False,72.165,72.54545454545455,68.03590909090909
401583761,"November 19, 2023",Boise State Broncos,68,68,False,68.56,0.0,0.0
401581336,"November 23, 2023",Boise State Broncos,68,75,True,73.56,68.0,68.56
401604176,"February 10, 2024",Boston College Eagles,103,65,False,68.56,73.375,67.5775
401604199,"February 20, 2024",Boston College Eagles,103,76,False,72.56,72.44444444444444,67.68666666666667
401604207,"February 24, 2024",Boston College Eagles,103,70,False,69.955,72.8,68.174
401604108,"January 06, 2024",Boston College Eagles,103,95,False,69.165,74.33333333333333,67.35833333333333
401604118,"January 10, 2024",Boston College Eagles,103,59,False,71.305,79.5,67.81
401604120,"January 13, 2024",Boston College Eagles,103,78,False,69.77,75.4,68.509
401604145,"January 23, 2024",Boston College Eagles,103,71,False,66.815,75.83333333333333,68.71916666666667
401604153,"January 27, 2024",Boston College Eagles,103,61,False,61.49,75.14285714285714,68.44714285714285
401604231,"March 06, 2024",Boston College Eagles,103,67,False,66.885,72.54545454545455,68.3359090909091
401604234,"March 09, 2024",Boston College Eagles,103,67,False,70.49,72.08333333333333,68.215
401625406,"March 13, 2024",Boston College Eagles,103,76,True,63.095,71.6923076923077,68.39
401625410,"March 14, 2024",Boston College Eagles,103,60,True,63.63,72.0,68.01178571428571
401593809,"November 10, 2023",Boston College Eagles,103,75,False,66.35,0.0,0.0
401581585,"November 23, 2023",Boston College Eagles,103,68,True,70.63,75.0,66.35
401574558,"November 29, 2023",Boston College Eagles,103,80,False,65.095,71.5,68.49
401577720,"December 02, 2023",Boston University Terriers,104,70,False,68.095,54.6,70.04400000000001
401589467,"December 10, 2023",Boston University Terriers,104,73,False,62.91,57.166666666666664,69.71916666666667
401597965,"December 13, 2023",Boston University Terriers,104,54,False,63.63,59.42857142857143,68.74642857142858
401594496,"February 10, 2024",Boston University Terriers,104,77,False,65.91,59.53846153846154,67.46192307692307
401597974,"February 14, 2024",Boston University Terriers,104,50,False,65.56,60.785714285714285,67.35107142857143
401597394,"February 21, 2024",Boston University Terriers,104,67,False,54.445,60.06666666666667,67.23166666666667
401597976,"February 28, 2024",Boston University Terriers,104,64,False,72.955,60.5,66.4325
401597966,"January 03, 2024",Boston University Terriers,104,60,False,67.375,58.75,68.106875
401594511,"January 13, 2024",Boston University Terriers,104,60,False,67.815,58.888888888888886,68.02555555555556
401597968,"January 20, 2024",Boston University Terriers,104,59,False,68.375,59.0,68.0045
401597970,"January 27, 2024",Boston University Terriers,104,62,False,62.955,59.0,68.03818181818181
401597971,"January 29, 2024",Boston University Terriers,104,63,False,65.63,59.25,67.61458333333333
401594129,"November 06, 2023",Boston University Terriers,104,58,False,67.21000000000001,0.0,0.0
401597961,"November 10, 2023",Boston University Terriers,104,45,False,70.05,58.0,67.21000000000001
401597962,"November 14, 2023",Boston University Terriers,104,53,False,71.91,51.5,68.63
401597832,"November 21, 2023",Boston University Terriers,104,45,False,63.14,52.0,69.72333333333334
401582143,"November 29, 2023",Boston University Terriers,104,72,False,77.91,50.25,68.0775
401581079,"December 12, 2023",Bowie State Bulldogs,nd-bowie-state-bulldogs,73,False,76.14,0.0,0.0
401588600,"December 02, 2023",Bowling Green Falcons,189,54,False,68.7,69.66666666666667,75.97833333333334
401634059,"February 11, 2024",Bowling Green Falcons,189,60,False,66.025,71.55555555555556,71.80833333333334
401588683,"February 17, 2024",Bowling Green Falcons,189,60,False,70.165,70.4,71.22999999999999
401588687,"February 20, 2024",Bowling Green Falcons,189,60,False,80.05,69.45454545454545,71.13318181818182
401588622,"January 05, 2024",Bowling Green Falcons,189,67,False,66.84,65.75,74.15875
401588637,"January 13, 2024",Bowling Green Falcons,189,83,False,72.98,66.0,72.69500000000001
401588641,"January 16, 2024",Bowling Green Falcons,189,78,False,73.025,68.83333333333333,72.74249999999999
401588657,"January 27, 2024",Bowling Green Falcons,189,72,False,69.095,70.14285714285714,72.78285714285714
401588664,"January 30, 2024",Bowling Green Falcons,189,81,False,67.7,70.375,72.321875
401588707,"March 01, 2024",Bowling Green Falcons,189,59,False,65.7,68.66666666666667,71.87625
401588710,"March 05, 2024",Bowling Green Falcons,189,73,False,66.56,67.92307692307692,71.40115384615385
401625501,"March 14, 2024",Bowling Green Falcons,189,66,True,61.165000000000006,68.28571428571429,71.05535714285715
401588588,"November 14, 2023",Bowling Green Falcons,189,62,False,75.49,0.0,0.0
401608089,"November 24, 2023",Bowling Green Falcons,189,65,True,82.77,62.0,75.49
401608090,"November 25, 2023",Bowling Green Falcons,189,82,True,69.675,63.5,79.13
401598961,"December 04, 2023",Boyce Bulldogs,nd-boyce-bulldogs,54,False,73.025,0.0,0.0
401594467,"December 16, 2023",Boyce Bulldogs,nd-boyce-bulldogs,59,False,78.745,54.0,73.025
401584379,"January 01, 2024",Boyce Bulldogs,nd-boyce-bulldogs,46,False,68.35,56.5,75.885
401587208,"December 05, 2023",Bradley Braves,71,52,False,67.095,75.0,70.81666666666666
401587210,"December 18, 2023",Bradley Braves,71,67,True,64.7,69.25,69.88625
401601875,"February 03, 2024",Bradley Braves,71,73,False,63.025,73.66666666666667,68.60444444444445
401601883,"February 07, 2024",Bradley Braves,71,70,False,71.305,73.6,68.04650000000001
401601904,"February 18, 2024",Bradley Braves,71,63,False,68.445,73.27272727272727,68.34272727272727
401601907,"February 21, 2024",Bradley Braves,71,86,False,67.91,72.41666666666667,68.35125000000001
401601824,"January 03, 2024",Bradley Braves,71,86,False,73.77,68.8,68.849
401601842,"January 13, 2024",Bradley Braves,71,77,False,63.7,71.66666666666667,69.66916666666667
401601849,"January 17, 2024",Bradley Braves,71,70,False,62.025,72.42857142857143,68.81642857142857
401601866,"January 27, 2024",Bradley Braves,71,86,False,73.7,72.125,67.9675
401601924,"March 03, 2024",Bradley Braves,71,66,False,69.745,73.46153846153847,68.3173076923077
401625669,"March 09, 2024",Bradley Braves,71,67,True,67.025,72.92857142857143,68.41928571428572
401587204,"November 06, 2023",Bradley Braves,71,73,False,75.56,0.0,0.0
401599983,"November 20, 2023",Bradley Braves,71,80,True,70.795,73.0,75.56
401601810,"November 29, 2023",Bradley Braves,71,72,False,66.095,76.5,73.17750000000001
401593918,"December 19, 2023",Brescia Bearcats,nd-brescia-bearcats,59,False,80.49,56.5,79.9325
401583811,"December 21, 2023",Brescia Bearcats,nd-brescia-bearcats,47,False,73.21,57.333333333333336,80.11833333333333
401597429,"November 07, 2023",Brescia Bearcats,nd-brescia-bearcats,41,False,77.515,0.0,0.0
401604761,"November 13, 2023",Brescia Bearcats,nd-brescia-bearcats,72,False,82.35,41.0,77.515
401594578,"November 06, 2023",Brevard Tornados,nd-brevard-tornados,68,False,74.77,0.0,0.0
401600054,"November 08, 2023",Brevard Tornados,nd-brevard-tornados,44,False,73.98,68.0,74.77
401606727,"December 22, 2023",Brewton-Parker Wildcats,nd-brewton-parker-wildcats,84,False,79.58500000000001,0.0,0.0
401588316,"December 15, 2023",Bridgewater College (VA) Eagles,nd-bridgewater-college-va-eagles,70,False,70.42,0.0,0.0
401589061,"December 19, 2023",Bridgewater College (VA) Eagles,nd-bridgewater-college-va-eagles,60,False,73.375,70.0,70.42
401577567,"December 03, 2023",Brown Bears,225,49,False,61.095,74.25,75.13125
401577662,"December 06, 2023",Brown Bears,225,67,False,66.58500000000001,69.2,72.324
401577663,"December 10, 2023",Brown Bears,225,54,False,68.88499999999999,68.83333333333333,71.36749999999999
401577665,"December 29, 2023",Brown Bears,225,65,False,66.49,66.71428571428571,71.01285714285714
401577674,"February 16, 2024",Brown Bears,225,63,False,60.675,67.7,69.526
401577675,"February 17, 2024",Brown Bears,225,71,False,68.77000000000001,67.27272727272727,68.72136363636363
401577676,"February 23, 2024",Brown Bears,225,66,False,68.56,67.58333333333333,68.72541666666666
401577677,"February 24, 2024",Brown Bears,225,78,False,70.235,67.46153846153847,68.71269230769231
401577668,"January 15, 2024",Brown Bears,225,74,False,69.445,66.5,70.44749999999999
401577670,"January 27, 2024",Brown Bears,225,71,False,62.235,67.33333333333333,70.33611111111111
401577680,"March 09, 2024",Brown Bears,225,84,False,68.885,68.21428571428571,68.82142857142857
401625539,"March 16, 2024",Brown Bears,225,90,True,79.095,69.26666666666667,68.82566666666666
401625541,"March 17, 2024",Brown Bears,225,61,True,65.025,70.5625,69.4675
401577656,"November 06, 2023",Brown Bears,225,70,False,73.77,0.0,0.0
401574605,"November 14, 2023",Brown Bears,225,64,False,76.445,70.0,73.77
401577659,"November 19, 2023",Brown Bears,225,70,False,72.12,67.0,75.10749999999999
401603091,"November 25, 2023",Brown Bears,225,93,True,78.19,68.0,74.11166666666666
401593939,"December 20, 2023",Bryan (TN) Lions,nd-bryan-tn-lions,55,False,84.56,0.0,0.0
401577661,"December 01, 2023",Bryant Bulldogs,2803,69,False,74.56,68.0,76.59
401594396,"December 06, 2023",Bryant Bulldogs,2803,67,False,76.77,68.2,76.184
401597919,"December 09, 2023",Bryant Bulldogs,2803,75,False,76.98,68.0,76.28166666666667
401603539,"December 12, 2023",Bryant Bulldogs,2803,53,False,81.795,69.0,76.38142857142857
401594547,"December 31, 2023",Bryant Bulldogs,2803,78,False,80.98,67.0,77.058125
401581214,"February 03, 2024",Bryant Bulldogs,2803,72,False,78.05,73.23076923076923,78.05461538461539
401581220,"February 10, 2024",Bryant Bulldogs,2803,70,False,75.58500000000001,73.14285714285714,78.05428571428571
401581237,"February 24, 2024",Bryant Bulldogs,2803,48,False,64.14,72.93333333333334,77.88966666666667
401581242,"February 29, 2024",Bryant Bulldogs,2803,67,False,81.91,71.375,77.03031250000001
401581181,"January 06, 2024",Bryant Bulldogs,2803,81,False,77.42,68.22222222222223,77.49388888888889
401581189,"January 13, 2024",Bryant Bulldogs,2803,89,False,78.49,69.5,77.4865
401581196,"January 20, 2024",Bryant Bulldogs,2803,98,False,88.05,71.27272727272727,77.57772727272727
401581202,"January 25, 2024",Bryant Bulldogs,2803,70,False,73.305,73.5,78.45041666666667
401625607,"March 12, 2024",Bryant Bulldogs,2803,70,False,77.305,71.11764705882354,77.31735294117647
401600448,"November 12, 2023",Bryant Bulldogs,2803,57,False,73.19,0.0,0.0
401597963,"November 16, 2023",Bryant Bulldogs,2803,79,False,75.235,57.0,73.19
401600915,"November 18, 2023",Bryant Bulldogs,2803,61,False,74.7,68.0,74.2125
401577607,"November 24, 2023",Bryant Bulldogs,2803,75,False,83.235,65.66666666666667,74.375
401587171,"December 13, 2023",Bryn Athyn Lions,nd-bryn-athyn-lions,40,False,65.955,0.0,0.0
401604800,"February 10, 2024",Bryn Athyn Lions,nd-bryn-athyn-lions,55,False,72.28,40.0,65.955
401594483,"December 02, 2023",Bucknell Bison,2083,76,False,66.77000000000001,60.166666666666664,66.09083333333334
401583789,"December 22, 2023",Bucknell Bison,2083,52,False,61.745,62.42857142857143,66.18785714285715
401594494,"February 03, 2024",Bucknell Bison,2083,66,False,70.165,65.5,67.33708333333334
401594495,"February 07, 2024",Bucknell Bison,2083,80,False,69.42,65.53846153846153,67.55461538461539
401594498,"February 17, 2024",Bucknell Bison,2083,50,False,64.63,66.57142857142857,67.68785714285714
401594499,"February 21, 2024",Bucknell Bison,2083,59,False,59.63,65.46666666666667,67.484
401594501,"February 28, 2024",Bucknell Bison,2083,68,False,62.815,65.0625,66.993125
401594487,"January 10, 2024",Bucknell Bison,2083,86,False,78.515,61.125,65.63250000000001
401594489,"January 17, 2024",Bucknell Bison,2083,73,False,67.955,63.888888888888886,67.0638888888889
401594490,"January 20, 2024",Bucknell Bison,2083,72,False,73.095,64.8,67.15299999999999
401594492,"January 27, 2024",Bucknell Bison,2083,66,False,63.42,65.45454545454545,67.69318181818181
401625703,"March 07, 2024",Bucknell Bison,2083,80,False,60.77,65.23529411764706,66.74735294117647
401625708,"March 10, 2024",Bucknell Bison,2083,65,False,67.165,66.05555555555556,66.41527777777777
401589361,"November 08, 2023",Bucknell Bison,2083,61,False,68.095,0.0,0.0
401584389,"November 11, 2023",Bucknell Bison,2083,73,False,64.42,61.0,68.095
401581527,"November 14, 2023",Bucknell Bison,2083,57,False,69.84,67.0,66.2575
401576150,"November 17, 2023",Bucknell Bison,2083,60,False,70.025,63.666666666666664,67.45166666666667
401575418,"November 22, 2023",Bucknell Bison,2083,61,False,63.955,62.75,68.095
401584385,"November 25, 2023",Bucknell Bison,2083,49,False,60.21,62.4,67.26700000000001
401581166,"December 05, 2023",Buffalo Bulls,2084,59,False,71.35,64.5,68.80375000000001
401593795,"December 21, 2023",Buffalo Bulls,2084,66,False,73.63,63.4,69.313
401588674,"February 06, 2024",Buffalo Bulls,2084,73,False,75.35,65.36363636363636,70.58727272727273
401634068,"February 10, 2024",Buffalo Bulls,2084,82,False,73.49,66.0,70.98416666666667
401588679,"February 13, 2024",Buffalo Bulls,2084,68,False,68.77,67.23076923076923,71.17692307692307
401588693,"February 24, 2024",Buffalo Bulls,2084,72,False,77.12,67.28571428571429,71.005
401588702,"February 27, 2024",Buffalo Bulls,2084,64,False,69.49000000000001,67.6,71.41266666666667
401588617,"January 02, 2024",Buffalo Bulls,2084,76,False,69.63,63.833333333333336,70.0325
401588634,"January 12, 2024",Buffalo Bulls,2084,59,False,71.49,65.57142857142857,69.975
401588638,"January 16, 2024",Buffalo Bulls,2084,66,False,73.095,64.75,70.164375
401588658,"January 27, 2024",Buffalo Bulls,2084,65,False,65.56,64.88888888888889,70.49
401588665,"January 30, 2024",Buffalo Bulls,2084,70,False,76.49,64.9,69.997
401581575,"November 20, 2023",Buffalo Bulls,2084,68,True,73.42,0.0,0.0
401581582,"November 21, 2023",Buffalo Bulls,2084,60,True,62.42,68.0,73.42
401581580,"November 22, 2023",Buffalo Bulls,2084,64,True,69.885,64.0,67.92
401581839,"November 29, 2023",Buffalo Bulls,2084,66,False,69.49000000000001,64.0,68.575
401584392,"December 10, 2023",Buffalo State Bengals,nd-buffalo-state-bengals,64,False,76.305,0.0,0.0
401599445,"December 23, 2023",Butler Bulldogs,2086,75,False,75.77,62.0,66.45500000000001
401599513,"February 02, 2024",Butler Bulldogs,2086,99,False,75.84,71.28571428571429,71.00857142857143
401599519,"February 06, 2024",Butler Bulldogs,2086,62,False,65.49,74.75,71.6125
401599539,"February 20, 2024",Butler Bulldogs,2086,62,False,60.42,73.33333333333333,70.93222222222222
401599544,"February 24, 2024",Butler Bulldogs,2086,64,False,72.165,72.2,69.881
401599470,"January 02, 2024",Butler Bulldogs,2086,70,False,72.235,66.33333333333333,69.56
401599481,"January 10, 2024",Butler Bulldogs,2086,69,False,73.885,67.25,70.22875
401599491,"January 16, 2024",Butler Bulldogs,2086,71,False,74.235,67.6,70.96000000000001
401599500,"January 23, 2024",Butler Bulldogs,2086,90,False,68.025,68.16666666666667,71.50583333333334
401599554,"March 02, 2024",Butler Bulldogs,2086,82,False,64.49000000000001,71.45454545454545,70.08863636363637
401574577,"November 17, 2023",Butler Bulldogs,2086,54,False,65.025,0.0,0.0
401581571,"November 26, 2023",Butler Bulldogs,2086,70,True,67.885,54.0,65.025
401600070,"December 19, 2023",CS Dominguez Hills Toros,nd-cs-dominguez-hills-toros,78,False,83.235,0.0,0.0
401595311,"December 17, 2023",CSU Pueblo Thunderwolves,nd-csu-pueblo-thunderwolves,54,False,75.305,0.0,0.0
401600818,"December 09, 2023",Cairn University Highlanders,nd-cairn-university-highlanders,33,False,76.35,65.0,73.49
401604793,"November 11, 2023",Cairn University Highlanders,nd-cairn-university-highlanders,65,False,73.49,0.0,0.0
401575415,"December 30, 2023",Cal Maritime Keelhaulers,nd-cal-maritime-keelhaulers,66,False,73.84,0.0,0.0
401583740,"December 02, 2023",Cal Poly Mustangs,13,70,False,67.655,63.6,67.337
401602634,"December 04, 2023",Cal Poly Mustangs,13,63,False,76.63,64.66666666666667,67.39
401602635,"December 09, 2023",Cal Poly Mustangs,13,50,False,68.165,64.42857142857143,68.71000000000001
401573477,"December 30, 2023",Cal Poly Mustangs,13,46,False,62.77,62.625,68.641875
401573535,"February 08, 2024",Cal Poly Mustangs,13,65,False,79.165,60.75,68.14208333333333
401573540,"February 10, 2024",Cal Poly Mustangs,13,68,False,78.28,61.07692307692308,68.99
401573553,"February 22, 2024",Cal Poly Mustangs,13,50,False,59.28,61.57142857142857,69.65357142857142
401573561,"February 29, 2024",Cal Poly Mustangs,13,75,False,70.095,60.8,68.962
401573492,"January 11, 2024",Cal Poly Mustangs,13,56,False,65.025,60.77777777777778,67.98944444444444
401573510,"January 20, 2024",Cal Poly Mustangs,13,53,False,64.165,60.3,67.69300000000001
401573520,"January 27, 2024",Cal Poly Mustangs,13,73,False,76.61,59.63636363636363,67.37227272727273
401573571,"March 07, 2024",Cal Poly Mustangs,13,68,False,69.165,61.6875,69.0328125
401573579,"March 09, 2024",Cal Poly Mustangs,13,87,False,66.63,62.05882352941177,69.04058823529412
401594592,"November 09, 2023",Cal Poly Mustangs,13,76,False,74.42,0.0,0.0
401601130,"November 11, 2023",Cal Poly Mustangs,13,66,False,73.725,76.0,74.42
401598003,"November 17, 2023",Cal Poly Mustangs,13,61,True,58.095,71.0,74.07249999999999
401594033,"November 18, 2023",Cal Poly Mustangs,13,57,True,67.56,67.66666666666667,68.74666666666667
401594626,"November 19, 2023",Cal Poly Mustangs,13,58,False,62.885000000000005,65.0,68.45
401600066,"December 09, 2023",Cal State Bakersfield Roadrunners,2934,73,False,67.56,62.333333333333336,69.11833333333333
401598569,"December 15, 2023",Cal State Bakersfield Roadrunners,2934,58,False,62.025,65.0,68.72874999999999
401573474,"December 28, 2023",Cal State Bakersfield Roadrunners,2934,64,False,67.58500000000001,63.6,67.388
401573532,"February 08, 2024",Cal State Bakersfield Roadrunners,2934,63,False,67.16499999999999,63.1,69.1465
401573546,"February 17, 2024",Cal State Bakersfield Roadrunners,2934,71,False,70.725,63.09090909090909,68.96636363636364
401573554,"February 22, 2024",Cal State Bakersfield Roadrunners,2934,66,False,72.98,63.75,69.11291666666666
401573491,"January 11, 2024",Cal State Bakersfield Roadrunners,2934,64,False,73.305,63.666666666666664,67.42083333333333
401573497,"January 13, 2024",Cal State Bakersfield Roadrunners,2934,71,False,75.025,63.714285714285715,68.26142857142858
401573515,"January 25, 2024",Cal State Bakersfield Roadrunners,2934,64,False,70.515,64.625,69.106875
401573518,"January 27, 2024",Cal State Bakersfield Roadrunners,2934,50,False,68.095,64.55555555555556,69.26333333333334
401573569,"March 02, 2024",Cal State Bakersfield Roadrunners,2934,68,False,62.095,63.92307692307692,69.41038461538461
401573578,"March 09, 2024",Cal State Bakersfield Roadrunners,2934,57,False,64.88499999999999,64.21428571428571,68.88785714285714
401625533,"March 13, 2024",Cal State Bakersfield Roadrunners,2934,78,True,70.19,63.733333333333334,68.62100000000001
401600062,"November 09, 2023",Cal State Bakersfield Roadrunners,2934,59,False,68.88499999999999,0.0,0.0
401581771,"November 13, 2023",Cal State Bakersfield Roadrunners,2934,63,False,69.655,59.0,68.88499999999999
401600064,"November 28, 2023",Cal State Bakersfield Roadrunners,2934,65,False,68.815,61.0,69.27
401576685,"December 06, 2023",Cal State Fullerton Titans,2239,60,False,65.56,61.75,70.79875
401594054,"December 09, 2023",Cal State Fullerton Titans,2239,62,False,65.16499999999999,61.4,69.751
401598762,"December 17, 2023",Cal State Fullerton Titans,2239,65,False,69.095,61.5,68.98666666666666
401573478,"December 30, 2023",Cal State Fullerton Titans,2239,63,False,68.025,62.0,69.00214285714286
401573533,"February 08, 2024",Cal State Fullerton Titans,2239,58,False,72.77,63.5,68.58749999999999
401573539,"February 10, 2024",Cal State Fullerton Titans,2239,71,False,68.63,63.07692307692308,68.90923076923076
401573549,"February 17, 2024",Cal State Fullerton Titans,2239,69,False,64.025,63.642857142857146,68.88928571428572
401573564,"February 29, 2024",Cal State Fullerton Titans,2239,76,False,68.305,64.0,68.565
401573481,"January 04, 2024",Cal State Fullerton Titans,2239,67,False,69.305,62.125,68.88
401573500,"January 13, 2024",Cal State Fullerton Titans,2239,71,False,74.77,62.666666666666664,68.92722222222223
401573506,"January 20, 2024",Cal State Fullerton Titans,2239,73,False,65.16499999999999,63.5,69.5115
401573514,"January 25, 2024",Cal State Fullerton Titans,2239,54,False,62.77,64.36363636363636,69.11636363636363
401573572,"March 07, 2024",Cal State Fullerton Titans,2239,74,False,76.515,64.75,68.54875
401597930,"November 06, 2023",Cal State Fullerton Titans,2239,57,False,79.98,0.0,0.0
401575462,"November 16, 2023",Cal State Fullerton Titans,2239,44,False,69.63,57.0,79.98
401601481,"November 20, 2023",Cal State Fullerton Titans,2239,74,True,64.77,50.5,74.805
401574836,"November 26, 2023",Cal State Fullerton Titans,2239,72,False,68.815,58.333333333333336,71.46
401594015,"December 02, 2023",Cal State Northridge Matadors,2463,71,False,83.305,77.25,75.31625
401575805,"December 19, 2023",Cal State Northridge Matadors,2463,76,False,80.725,76.0,76.914
401573475,"December 28, 2023",Cal State Northridge Matadors,2463,83,False,76.725,76.0,77.54916666666666
401573480,"December 30, 2023",Cal State Northridge Matadors,2463,84,False,82.375,77.0,77.43142857142857
401573523,"February 01, 2024",Cal State Northridge Matadors,2463,62,False,70.42,75.72727272727273,76.42136363636364
401573536,"February 10, 2024",Cal State Northridge Matadors,2463,82,False,68.63,74.58333333333333,75.92125
401573544,"February 15, 2024",Cal State Northridge Matadors,2463,76,False,65.375,75.15384615384616,75.36038461538462
401573556,"February 24, 2024",Cal State Northridge Matadors,2463,65,False,68.56,75.21428571428571,74.64714285714285
401573493,"January 11, 2024",Cal State Northridge Matadors,2463,75,False,74.91,77.875,78.049375
401573507,"January 20, 2024",Cal State Northridge Matadors,2463,63,False,67.955,77.55555555555556,77.70055555555555
401573516,"January 27, 2024",Cal State Northridge Matadors,2463,72,False,73.375,76.1,76.726
401573573,"March 06, 2024",Cal State Northridge Matadors,2463,70,False,75.675,74.53333333333333,74.24133333333333
401625532,"March 13, 2024",Cal State Northridge Matadors,2463,87,True,82.795,74.25,74.3309375
401625535,"March 14, 2024",Cal State Northridge Matadors,2463,68,True,68.955,75.0,74.82882352941176
401594089,"November 06, 2023",Cal State Northridge Matadors,2463,79,False,80.35,0.0,0.0
401583734,"November 09, 2023",Cal State Northridge Matadors,2463,76,False,73.7,79.0,80.35
401594090,"November 14, 2023",Cal State Northridge Matadors,2463,74,False,70.7,77.5,77.025
401575408,"November 29, 2023",Cal State Northridge Matadors,2463,80,False,76.515,76.33333333333333,74.91666666666667
401594628,"December 12, 2023",California Baptist Lancers,2856,55,False,68.025,91.0,72.63
401594649,"December 16, 2023",California Baptist Lancers,2856,70,False,61.63,73.0,70.3275
401594652,"December 30, 2023",California Baptist Lancers,2856,61,False,73.05,72.0,67.42833333333333
401574107,"February 10, 2024",California Baptist Lancers,2856,78,False,68.84,65.625,67.2
401574117,"February 17, 2024",California Baptist Lancers,2856,76,False,67.885,67.0,67.38222222222223
401574122,"February 22, 2024",California Baptist Lancers,2856,65,False,66.7,67.9,67.4325
401574127,"February 24, 2024",California Baptist Lancers,2856,65,False,64.42,67.63636363636364,67.36590909090908
401574053,"January 04, 2024",California Baptist Lancers,2856,58,False,64.095,69.25,68.83375000000001
401574057,"January 06, 2024",California Baptist Lancers,2856,46,False,62.885,67.0,67.886
401574082,"January 25, 2024",California Baptist Lancers,2856,63,False,62.77,63.5,67.0525
401574087,"January 27, 2024",California Baptist Lancers,2856,81,False,72.515,63.42857142857143,66.4407142857143
401574142,"March 07, 2024",California Baptist Lancers,2856,57,False,71.35,67.41666666666667,67.12041666666667
401625508,"March 13, 2024",California Baptist Lancers,2856,74,True,72.305,66.61538461538461,67.44576923076923
401625510,"March 14, 2024",California Baptist Lancers,2856,57,True,60.815,67.14285714285714,67.79285714285714
401574042,"November 29, 2023",California Baptist Lancers,2856,91,False,72.63,0.0,0.0
401581167,"December 09, 2023",California Golden Bears,25,90,False,86.745,74.0,76.48
401578030,"December 16, 2023",California Golden Bears,25,78,True,72.35,79.33333333333333,79.90166666666667
401607402,"February 01, 2024",California Golden Bears,25,65,False,79.815,75.57142857142857,74.35071428571429
401607406,"February 03, 2024",California Golden Bears,25,81,False,68.165,74.25,75.03375
401607422,"February 15, 2024",California Golden Bears,25,65,False,70.56,75.0,74.27055555555556
401607424,"February 17, 2024",California Golden Bears,25,82,False,77.56,74.0,73.8995
401607457,"February 28, 2024",California Golden Bears,25,78,False,76.515,74.72727272727273,74.23227272727273
401607364,"January 03, 2024",California Golden Bears,25,74,False,71.745,79.0,78.01375
401607372,"January 06, 2024",California Golden Bears,25,66,False,65.56,78.0,76.76
401607379,"January 13, 2024",California Golden Bears,25,73,False,71.095,76.0,74.89333333333333
401607439,"March 02, 2024",California Golden Bears,25,59,False,71.025,75.0,74.4225
401607472,"March 07, 2024",California Golden Bears,25,58,False,74.77,73.76923076923077,74.16115384615385
401604309,"November 22, 2023",California Golden Bears,25,81,True,78.165,0.0,0.0
401581772,"November 25, 2023",California Golden Bears,25,67,True,74.795,81.0,78.165
401588606,"December 18, 2023",Calumet College Crimson Wave,nd-calumet-college-crimson-wave,48,False,76.91,0.0,0.0
401596811,"December 06, 2023",Campbell Fighting Camels,2097,50,False,65.42,51.666666666666664,65.66833333333334
401589385,"December 30, 2023",Campbell Fighting Camels,2097,76,False,71.445,51.25,65.60625
401600695,"February 01, 2024",Campbell Fighting Camels,2097,69,False,70.095,60.333333333333336,66.87
401600707,"February 03, 2024",Campbell Fighting Camels,2097,74,False,61.885,61.2,67.1925
401600722,"February 15, 2024",Campbell Fighting Camels,2097,87,False,80.095,62.36363636363637,66.71000000000001
401600729,"February 17, 2024",Campbell Fighting Camels,2097,66,False,68.955,64.41666666666667,67.82541666666667
401600750,"February 29, 2024",Campbell Fighting Camels,2097,73,False,75.815,64.53846153846153,67.91230769230769
401600619,"January 04, 2024",Campbell Fighting Camels,2097,62,False,64.885,56.2,66.774
401600626,"January 06, 2024",Campbell Fighting Camels,2097,80,False,75.7,57.166666666666664,66.45916666666666
401600667,"January 18, 2024",Campbell Fighting Camels,2097,77,False,64.025,60.42857142857143,67.77928571428572
401600674,"January 20, 2024",Campbell Fighting Camels,2097,43,False,63.35,62.5,67.31
401630141,"March 09, 2024",Campbell Fighting Camels,2097,67,True,65.98,65.14285714285714,68.47678571428571
401583608,"November 11, 2023",Campbell Fighting Camels,2097,63,False,67.885,0.0,0.0
401584330,"November 15, 2023",Campbell Fighting Camels,2097,44,False,64.025,63.0,67.885
401596809,"November 29, 2023",Campbell Fighting Camels,2097,48,False,65.095,53.5,65.95500000000001
401598954,"November 29, 2023",Campbellsville Tigers,nd-campbellsville-tigers,77,False,82.7,0.0,0.0
401577555,"December 09, 2023",Canisius Golden Griffins,2099,71,False,66.35,71.4,71.583
401594256,"December 22, 2023",Canisius Golden Griffins,2099,70,False,69.7,71.33333333333333,70.71083333333333
401594265,"February 04, 2024",Canisius Golden Griffins,2099,63,False,73.58500000000001,69.0909090909091,70.82
401594266,"February 06, 2024",Canisius Golden Griffins,2099,64,False,68.7,68.58333333333333,71.05041666666666
401594268,"February 16, 2024",Canisius Golden Griffins,2099,55,False,63.35,68.23076923076923,70.86961538461539
401594269,"February 18, 2024",Canisius Golden Griffins,2099,73,False,61.025,67.28571428571429,70.3325
401594257,"January 05, 2024",Canisius Golden Griffins,2099,69,False,69.28,71.14285714285714,70.56642857142857
401594258,"January 07, 2024",Canisius Golden Griffins,2099,76,False,77.7,70.875,70.405625
401594261,"January 19, 2024",Canisius Golden Griffins,2099,58,False,69.025,71.44444444444444,71.21611111111112
401594262,"January 21, 2024",Canisius Golden Griffins,2099,59,False,69.05,70.1,70.997
401594273,"March 07, 2024",Canisius Golden Griffins,2099,62,False,65.955,67.66666666666667,69.712
401594274,"March 09, 2024",Canisius Golden Griffins,2099,73,False,81.095,67.3125,69.4771875
401625618,"March 12, 2024",Canisius Golden Griffins,2099,77,True,68.745,67.6470588235294,70.16058823529411
401625621,"March 13, 2024",Canisius Golden Griffins,2099,52,True,64.35,68.16666666666667,70.08194444444445
401586910,"November 08, 2023",Canisius Golden Griffins,2099,77,False,69.095,0.0,0.0
401575417,"November 11, 2023",Canisius Golden Griffins,2099,70,False,71.745,77.0,69.095
401594171,"November 15, 2023",Canisius Golden Griffins,2099,61,False,72.56,73.5,70.42
401594250,"November 24, 2023",Canisius Golden Griffins,2099,76,True,78.91,69.33333333333333,71.13333333333334
401594252,"November 26, 2023",Canisius Golden Griffins,2099,73,True,65.605,71.0,73.0775
401583719,"December 01, 2023",Carolina Christian College Centurions,nd-carolina-christian-college-centurions,69,False,81.165,0.0,0.0
401583721,"December 09, 2023",Carolina University Bruins,nd-carolina-university-bruins,64,False,74.35,51.0,82.06
401600049,"November 12, 2023",Carolina University Bruins,nd-carolina-university-bruins,48,False,82.375,0.0,0.0
401601464,"November 14, 2023",Carolina University Bruins,nd-carolina-university-bruins,54,False,81.745,48.0,82.375
401597301,"December 31, 2023",Carroll (MT) Fighting Saints,nd-carroll-mt-fighting-saints,51,False,79.49,73.0,77.56
401584449,"November 06, 2023",Carroll (MT) Fighting Saints,nd-carroll-mt-fighting-saints,73,False,77.56,0.0,0.0
401574416,"December 03, 2023",Central Arkansas Bears,2110,76,False,65.56,62.2,70.793
401574418,"December 10, 2023",Central Arkansas Bears,2110,73,False,69.42,64.5,69.92083333333333
401574420,"December 28, 2023",Central Arkansas Bears,2110,72,False,72.77,65.71428571428571,69.84928571428571
401574421,"December 30, 2023",Central Arkansas Bears,2110,59,False,71.095,66.5,70.214375
401574431,"February 08, 2024",Central Arkansas Bears,2110,55,False,66.235,70.84615384615384,71.73384615384614
401574432,"February 10, 2024",Central Arkansas Bears,2110,79,False,69.885,69.71428571428571,71.34107142857142
401574434,"February 22, 2024",Central Arkansas Bears,2110,65,False,73.885,70.33333333333333,71.244
401574435,"February 24, 2024",Central Arkansas Bears,2110,82,False,77.56,70.0,71.4090625
401574423,"January 06, 2024",Central Arkansas Bears,2110,84,False,73.77,65.66666666666667,70.31222222222222
401574426,"January 18, 2024",Central Arkansas Bears,2110,96,False,74.025,67.5,70.658
401574195,"January 20, 2024",Central Arkansas Bears,2110,71,False,68.095,70.0909090909091,70.96409090909091
401574427,"January 24, 2024",Central Arkansas Bears,2110,79,False,83.84,70.16666666666667,70.72500000000001
401574207,"November 06, 2023",Central Arkansas Bears,2110,53,False,68.7,0.0,0.0
401574410,"November 17, 2023",Central Arkansas Bears,2110,71,False,67.955,53.0,68.7
401574411,"November 20, 2023",Central Arkansas Bears,2110,68,False,73.235,62.0,68.3275
401574412,"November 22, 2023",Central Arkansas Bears,2110,56,False,71.305,64.0,69.96333333333332
401574415,"November 29, 2023",Central Arkansas Bears,2110,63,False,72.77,62.0,70.29875
401604348,"December 18, 2023",Central Christian College Tigers,nd-central-christian-college-tigers,56,False,73.56,0.0,0.0
401592106,"December 05, 2023",Central Connecticut Blue Devils,2115,68,False,74.56,69.75,68.55375
401577569,"December 09, 2023",Central Connecticut Blue Devils,2115,56,False,69.91,69.4,69.755
401582024,"December 16, 2023",Central Connecticut Blue Devils,2115,57,False,68.885,67.16666666666667,69.78083333333333
401586896,"December 21, 2023",Central Connecticut Blue Devils,2115,82,False,71.58500000000001,65.71428571428571,69.65285714285714
401589514,"February 03, 2024",Central Connecticut Blue Devils,2115,68,False,67.16499999999999,69.91666666666667,69.21124999999999
401589507,"February 15, 2024",Central Connecticut Blue Devils,2115,64,False,69.235,69.76923076923077,69.05384615384615
401589478,"February 22, 2024",Central Connecticut Blue Devils,2115,73,False,70.63,69.35714285714286,69.06678571428571
401589490,"February 24, 2024",Central Connecticut Blue Devils,2115,68,False,68.77,69.6,69.171
401589449,"January 04, 2024",Central Connecticut Blue Devils,2115,74,False,72.165,67.75,69.894375
401589388,"January 13, 2024",Central Connecticut Blue Devils,2115,75,False,66.77,68.44444444444444,70.14666666666668
401589495,"January 21, 2024",Central Connecticut Blue Devils,2115,72,False,65.63,69.1,69.809
401589509,"January 25, 2024",Central Connecticut Blue Devils,2115,76,False,66.815,69.36363636363636,69.42909090909092
401586898,"November 06, 2023",Central Connecticut Blue Devils,2115,70,False,69.955,0.0,0.0
401577682,"November 10, 2023",Central Connecticut Blue Devils,2115,70,False,73.35,70.0,69.955
401581084,"November 22, 2023",Central Connecticut Blue Devils,2115,60,False,66.025,70.0,71.6525
401584402,"November 29, 2023",Central Connecticut Blue Devils,2115,79,False,64.88499999999999,66.66666666666667,69.77666666666666
401577595,"December 09, 2023",Central Michigan Chippewas,2117,64,False,73.49,63.2,69.709
401597845,"December 30, 2023",Central Michigan Chippewas,2117,35,False,68.42,63.333333333333336,70.33916666666667
401588669,"February 03, 2024",Central Michigan Chippewas,2117,77,False,77.12,62.63636363636363,68.72272727272728
401588676,"February 06, 2024",Central Michigan Chippewas,2117,47,False,63.025,63.833333333333336,69.4225
401634064,"February 10, 2024",Central Michigan Chippewas,2117,58,False,65.77,62.53846153846154,68.93038461538461
401588695,"February 24, 2024",Central Michigan Chippewas,2117,60,False,67.305,62.214285714285715,68.70464285714286
401588621,"January 06, 2024",Central Michigan Chippewas,2117,71,False,64.095,59.285714285714285,70.06500000000001
401588631,"January 09, 2024",Central Michigan Chippewas,2117,80,False,67.49000000000001,60.75,69.31875
401588642,"January 16, 2024",Central Michigan Chippewas,2117,61,False,66.49,62.888888888888886,69.11555555555555
401588656,"January 27, 2024",Central Michigan Chippewas,2117,62,False,67.42,62.7,68.853
401588705,"March 02, 2024",Central Michigan Chippewas,2117,73,False,69.025,62.06666666666667,68.61133333333333
401588715,"March 05, 2024",Central Michigan Chippewas,2117,69,False,62.7,62.75,68.6371875
401584349,"November 06, 2023",Central Michigan Chippewas,2117,59,False,73.955,0.0,0.0
401586905,"November 13, 2023",Central Michigan Chippewas,2117,67,False,72.58500000000001,59.0,73.955
401577573,"November 15, 2023",Central Michigan Chippewas,2117,68,False,71.955,63.0,73.27000000000001
401603140,"November 21, 2023",Central Michigan Chippewas,2117,61,True,59.745000000000005,64.66666666666667,72.83166666666666
401577637,"November 29, 2023",Central Michigan Chippewas,2117,61,False,70.305,63.75,69.56
401581831,"December 05, 2023",Central Penn Knights,nd-central-penn-knights,35,False,84.49,0.0,0.0
401581865,"December 05, 2023",Champion Christian Tigers,nd-champion-christian-tigers,63,False,83.095,67.0,86.3675
401604284,"December 12, 2023",Champion Christian Tigers,nd-champion-christian-tigers,61,False,96.98,66.2,85.713
401608788,"December 16, 2023",Champion Christian Tigers,nd-champion-christian-tigers,72,False,85.7,65.33333333333333,87.59083333333335
401574422,"January 03, 2024",Champion Christian Tigers,nd-champion-christian-tigers,54,False,88.49,66.28571428571429,87.32071428571429
401604760,"November 06, 2023",Champion Christian Tigers,nd-champion-christian-tigers,76,False,93.605,0.0,0.0
401604754,"November 09, 2023",Champion Christian Tigers,nd-champion-christian-tigers,73,False,90.025,76.0,93.605
401579003,"November 13, 2023",Champion Christian Tigers,nd-champion-christian-tigers,46,False,78.42,74.5,91.815
401606610,"November 14, 2023",Champion Christian Tigers,nd-champion-christian-tigers,73,False,83.42,65.0,87.35000000000001
401577650,"December 01, 2023",Charleston Cougars,232,76,True,66.7,72.0,72.426
401577651,"December 02, 2023",Charleston Cougars,232,74,False,73.515,72.66666666666667,71.47166666666668
401600702,"February 03, 2024",Charleston Cougars,232,84,False,69.77,78.5,71.235
401600723,"February 15, 2024",Charleston Cougars,232,77,False,64.745,78.92307692307692,71.1223076923077
401600736,"February 22, 2024",Charleston Cougars,232,90,False,71.77,78.78571428571429,70.66678571428572
401600743,"February 24, 2024",Charleston Cougars,232,72,False,60.885,79.53333333333333,70.74033333333334
401600620,"January 04, 2024",Charleston Cougars,232,73,False,71.42,72.85714285714286,71.76357142857144
401600627,"January 06, 2024",Charleston Cougars,232,93,False,68.49,72.875,71.720625
401600675,"January 20, 2024",Charleston Cougars,232,69,False,67.84,75.11111111111111,71.36166666666666
401600681,"January 25, 2024",Charleston Cougars,232,107,False,73.235,74.5,71.0095
401600688,"January 27, 2024",Charleston Cougars,232,90,False,71.49000000000001,77.45454545454545,71.21181818181819
401577648,"November 10, 2023",Charleston Cougars,232,72,True,78.05,0.0,0.0
401581142,"November 16, 2023",Charleston Cougars,232,64,True,69.98,72.0,78.05
401582113,"November 17, 2023",Charleston Cougars,232,60,True,69.375,68.0,74.015
401582117,"November 19, 2023",Charleston Cougars,232,80,False,72.7,65.33333333333333,72.46833333333333
401577649,"November 26, 2023",Charleston Cougars,232,84,False,72.025,69.0,72.52625
401592851,"December 16, 2023",Charleston Southern Buccaneers,2127,69,False,59.885000000000005,58.5,68.13624999999999
401597844,"December 19, 2023",Charleston Southern Buccaneers,2127,59,False,62.35,60.6,66.486
401583599,"December 29, 2023",Charleston Southern Buccaneers,2127,60,False,72.49,60.333333333333336,65.79666666666667
401601253,"February 07, 2024",Charleston Southern Buccaneers,2127,46,False,67.49,64.18181818181819,67.95363636363636
401601265,"February 17, 2024",Charleston Southern Buccaneers,2127,55,False,74.56,62.666666666666664,67.915
401601269,"February 21, 2024",Charleston Southern Buccaneers,2127,63,False,66.7,62.07692307692308,68.42615384615384
401601217,"January 06, 2024",Charleston Southern Buccaneers,2127,56,False,68.165,60.285714285714285,66.75285714285714
401601221,"January 10, 2024",Charleston Southern Buccaneers,2127,86,False,75.725,59.75,66.929375
401601233,"January 20, 2024",Charleston Southern Buccaneers,2127,79,False,71.515,62.666666666666664,67.90666666666667
401601245,"January 31, 2024",Charleston Southern Buccaneers,2127,63,False,64.815,64.3,68.2675
401601281,"March 02, 2024",Charleston Southern Buccaneers,2127,65,False,74.305,62.142857142857146,68.30285714285715
401625517,"March 08, 2024",Charleston Southern Buccaneers,2127,55,True,67.63,62.333333333333336,68.703
401583591,"November 17, 2023",Charleston Southern Buccaneers,2127,53,False,68.88499999999999,0.0,0.0
401574619,"November 20, 2023",Charleston Southern Buccaneers,2127,73,False,66.235,53.0,68.88499999999999
401581090,"November 24, 2023",Charleston Southern Buccaneers,2127,56,False,65.445,63.0,67.56
401597896,"November 28, 2023",Charleston Southern Buccaneers,2127,52,False,71.98,60.666666666666664,66.855
401576153,"December 09, 2023",Charlotte 49ers,2429,56,False,63.56,54.0,60.7
401593794,"December 16, 2023",Charlotte 49ers,2429,56,False,65.42,55.0,62.13
401600238,"December 29, 2023",Charlotte 49ers,2429,75,False,66.88499999999999,55.333333333333336,63.22666666666667
401602119,"February 06, 2024",Charlotte 49ers,2429,69,False,65.235,64.625,64.96125
401602129,"February 11, 2024",Charlotte 49ers,2429,73,False,67.515,65.11111111111111,64.99166666666666
401602145,"February 21, 2024",Charlotte 49ers,2429,52,False,59.885,65.9,65.244
401602152,"February 24, 2024",Charlotte 49ers,2429,67,False,61.42,64.63636363636364,64.75681818181819
401602057,"January 02, 2024",Charlotte 49ers,2429,54,False,65.16499999999999,60.25,64.14125
401602076,"January 13, 2024",Charlotte 49ers,2429,66,False,65.77000000000001,59.0,64.346
401602080,"January 16, 2024",Charlotte 49ers,2429,81,False,64.7,60.166666666666664,64.58333333333333
401602102,"January 27, 2024",Charlotte 49ers,2429,75,False,67.49,63.142857142857146,64.6
401602175,"March 09, 2024",Charlotte 49ers,2429,82,False,66.235,64.83333333333333,64.47875
401601479,"November 19, 2023",Charlotte 49ers,2429,54,True,60.7,0.0,0.0
401594564,"December 03, 2023",Chattanooga Mocs,236,80,False,65.56,74.5,73.63
401594566,"December 16, 2023",Chattanooga Mocs,236,88,False,71.98,76.33333333333333,70.94
401594568,"December 22, 2023",Chattanooga Mocs,236,83,False,81.795,79.25,71.2
401583800,"December 30, 2023",Chattanooga Mocs,236,66,False,72.56,80.0,73.319
401587942,"February 08, 2024",Chattanooga Mocs,236,88,False,80.235,78.63636363636364,71.64090909090909
401587947,"February 10, 2024",Chattanooga Mocs,236,89,False,61.42,79.41666666666667,72.35708333333334
401587957,"February 18, 2024",Chattanooga Mocs,236,65,False,71.305,80.15384615384616,71.51576923076924
401587966,"February 24, 2024",Chattanooga Mocs,236,62,False,65.49000000000001,79.07142857142857,71.50071428571428
401587889,"January 03, 2024",Chattanooga Mocs,236,74,False,74.095,77.66666666666667,73.19250000000001
401587910,"January 17, 2024",Chattanooga Mocs,236,74,False,65.095,77.14285714285714,73.32142857142857
401587916,"January 21, 2024",Chattanooga Mocs,236,81,False,69.305,76.75,72.293125
401587923,"January 24, 2024",Chattanooga Mocs,236,79,False,69.235,77.22222222222223,71.96111111111111
401587930,"January 31, 2024",Chattanooga Mocs,236,91,False,71.165,77.4,71.6885
401594561,"November 10, 2023",Chattanooga Mocs,236,81,False,76.7,0.0,0.0
401593936,"November 29, 2023",Chattanooga Mocs,236,68,False,70.56,81.0,76.7
401606715,"November 09, 2023",Cheyney (PA) Wolves,nd-cheyney-pa-wolves,52,False,79.49,0.0,0.0
401581722,"December 13, 2023",Chicago State Cougars,2130,75,False,68.7,62.2,70.072
401594440,"December 16, 2023",Chicago State Cougars,2130,63,False,62.885000000000005,64.33333333333333,69.84333333333333
401584416,"December 22, 2023",Chicago State Cougars,2130,53,False,65.095,64.14285714285714,68.84928571428571
401594651,"December 27, 2023",Chicago State Cougars,2130,62,False,61.63,62.75,68.38
401597893,"December 30, 2023",Chicago State Cougars,2130,58,False,59.77,62.666666666666664,67.63
401600252,"February 10, 2024",Chicago State Cougars,2130,55,False,61.56,63.1875,67.2478125
401600253,"February 14, 2024",Chicago State Cougars,2130,73,False,72.375,62.705882352941174,66.91323529411765
401598975,"January 02, 2024",Chicago State Cougars,2130,55,False,60.56,62.2,66.84400000000001
401600246,"January 03, 2024",Chicago State Cougars,2130,53,False,66.56,61.54545454545455,66.27272727272727
401600247,"January 07, 2024",Chicago State Cougars,2130,69,False,72.305,60.833333333333336,66.29666666666667
401587232,"January 10, 2024",Chicago State Cougars,2130,75,False,71.49,61.46153846153846,66.75884615384615
401600239,"January 15, 2024",Chicago State Cougars,2130,77,False,70.05,62.42857142857143,67.09678571428572
401597836,"January 31, 2024",Chicago State Cougars,2130,60,False,66.56,63.4,67.29366666666667
401588585,"November 06, 2023",Chicago State Cougars,2130,41,False,71.7,0.0,0.0
401598585,"November 12, 2023",Chicago State Cougars,2130,78,False,73.77,41.0,71.7
401597405,"November 16, 2023",Chicago State Cougars,2130,55,False,63.095,59.5,72.735
401601494,"November 22, 2023",Chicago State Cougars,2130,84,True,80.955,58.0,69.52166666666666
401597841,"November 28, 2023",Chicago State Cougars,2130,53,False,60.84,64.5,72.38
401575390,"November 09, 2023",Christendom Crusaders,nd-christendom-crusaders,53,False,74.025,0.0,0.0
401577610,"December 09, 2023",Cincinnati Bearcats,2132,79,False,75.91,86.0,71.49
401603456,"February 03, 2024",Cincinnati Bearcats,2132,75,False,66.35,71.5,70.60666666666667
401603481,"February 17, 2024",Cincinnati Bearcats,2132,76,False,71.235,72.0,69.99857142857142
401603494,"February 24, 2024",Cincinnati Bearcats,2132,57,False,69.49000000000001,72.5,70.153125
401603498,"February 27, 2024",Cincinnati Bearcats,2132,59,False,65.025,70.77777777777777,70.07944444444445
401603398,"January 06, 2024",Cincinnati Bearcats,2132,71,False,76.35,82.5,73.69999999999999
401603412,"January 13, 2024",Cincinnati Bearcats,2132,59,False,62.63,78.66666666666667,74.58333333333333
401603433,"January 22, 2024",Cincinnati Bearcats,2132,69,False,71.98,73.75,71.595
401603451,"January 31, 2024",Cincinnati Bearcats,2132,65,False,65.28,72.8,71.672
401603511,"March 05, 2024",Cincinnati Bearcats,2132,71,False,75.885,69.6,69.574
401625439,"March 13, 2024",Cincinnati Bearcats,2132,72,True,71.815,69.72727272727273,70.14772727272727
401625443,"March 14, 2024",Cincinnati Bearcats,2132,56,True,65.815,69.91666666666667,70.28666666666668
401603538,"November 28, 2023",Cincinnati Bearcats,2132,86,False,71.49,0.0,0.0
401597988,"November 06, 2023",Clark Atlanta Panthers,nd-clark-atlanta-panthers,71,False,65.91,0.0,0.0
401604794,"January 02, 2024",Clarks Summit Defenders,nd-clarks-summit-defenders,37,False,69.42,63.0,80.56
401575394,"November 25, 2023",Clarks Summit Defenders,nd-clarks-summit-defenders,63,False,80.56,0.0,0.0
401597839,"December 30, 2023",Cleary University Cougars,nd-cleary-university-cougars,47,False,73.815,70.0,81.165
401594215,"November 25, 2023",Cleary University Cougars,nd-cleary-university-cougars,70,False,81.165,0.0,0.0
401604094,"December 03, 2023",Clemson Tigers,228,79,False,66.025,81.0,73.1775
401583604,"December 16, 2023",Clemson Tigers,228,77,False,74.305,80.33333333333333,70.79333333333334
401604171,"February 06, 2024",Clemson Tigers,228,80,False,72.7,77.625,71.5025
401604182,"February 10, 2024",Clemson Tigers,228,77,False,71.955,77.88888888888889,71.63555555555556
401604201,"February 21, 2024",Clemson Tigers,228,81,False,61.745,77.8,71.66749999999999
401604103,"January 03, 2024",Clemson Tigers,228,82,False,75.025,79.5,71.67125
401604119,"January 10, 2024",Clemson Tigers,228,72,False,68.28,80.0,72.34200000000001
401604137,"January 20, 2024",Clemson Tigers,228,78,False,70.375,78.66666666666667,71.665
401604148,"January 27, 2024",Clemson Tigers,228,71,False,71.655,78.57142857142857,71.48071428571428
401604223,"March 02, 2024",Clemson Tigers,228,62,False,66.49,78.0909090909091,70.76545454545455
401604238,"March 09, 2024",Clemson Tigers,228,76,False,68.56,76.75,70.40916666666666
401583760,"November 10, 2023",Clemson Tigers,228,77,True,74.445,0.0,0.0
401574551,"November 28, 2023",Clemson Tigers,228,85,False,71.91,77.0,74.445
401594174,"December 05, 2023",Cleveland State Vikings,325,57,False,72.7,69.33333333333333,71.925
401594175,"December 09, 2023",Cleveland State Vikings,325,77,False,71.63,66.25,72.11875
401587209,"December 15, 2023",Cleveland State Vikings,325,76,False,67.095,68.4,72.021
401587670,"December 31, 2023",Cleveland State Vikings,325,86,False,68.63,69.66666666666667,71.2
401587715,"February 01, 2024",Cleveland State Vikings,325,77,False,65.885,72.5,70.872
401587720,"February 03, 2024",Cleveland State Vikings,325,71,False,65.305,72.9090909090909,70.41863636363637
401587725,"February 07, 2024",Cleveland State Vikings,325,75,False,69.63,72.75,69.99249999999999
401587745,"February 22, 2024",Cleveland State Vikings,325,73,False,69.885,72.92307692307692,69.96461538461539
401587750,"February 25, 2024",Cleveland State Vikings,325,73,False,62.42,72.92857142857143,69.95892857142857
401587675,"January 04, 2024",Cleveland State Vikings,325,70,False,70.35,72.0,70.83285714285714
401587689,"January 12, 2024",Cleveland State Vikings,325,80,False,73.445,71.75,70.7725
401587694,"January 14, 2024",Cleveland State Vikings,325,71,False,69.095,72.66666666666667,71.06944444444444
401625696,"March 07, 2024",Cleveland State Vikings,325,82,False,70.445,72.93333333333334,69.45633333333333
401625698,"March 11, 2024",Cleveland State Vikings,325,71,True,72.305,73.5,69.518125
401594169,"November 06, 2023",Cleveland State Vikings,325,77,False,71.165,0.0,0.0
401581350,"November 18, 2023",Cleveland State Vikings,325,62,False,71.63,77.0,71.165
401587635,"November 29, 2023",Cleveland State Vikings,325,69,False,72.98,69.5,71.39750000000001
401577681,"November 06, 2023",Coast Guard Bears,nd-coast-guard-bears,48,False,84.05,0.0,0.0
401577654,"December 18, 2023",Coastal Carolina Chanticleers,324,81,False,80.19,80.0,77.095
401581635,"February 01, 2024",Coastal Carolina Chanticleers,324,67,False,77.955,73.0,75.10333333333334
401581636,"February 03, 2024",Coastal Carolina Chanticleers,324,74,False,74.165,72.14285714285714,75.51071428571429
401581637,"February 07, 2024",Coastal Carolina Chanticleers,324,75,False,70.58500000000001,72.375,75.3425
401581640,"February 21, 2024",Coastal Carolina Chanticleers,324,71,False,73.63,72.66666666666667,74.8138888888889
401581641,"February 24, 2024",Coastal Carolina Chanticleers,324,59,False,74.16499999999999,72.5,74.69550000000001
401581629,"January 04, 2024",Coastal Carolina Chanticleers,324,71,False,70.165,80.5,78.6425
401581630,"January 06, 2024",Coastal Carolina Chanticleers,324,77,False,78.84,77.33333333333333,75.81666666666666
401581632,"January 18, 2024",Coastal Carolina Chanticleers,324,70,False,73.655,77.25,76.5725
401581499,"January 20, 2024",Coastal Carolina Chanticleers,324,59,False,70.675,75.8,75.989
401625589,"March 05, 2024",Coastal Carolina Chanticleers,324,75,True,73.305,71.27272727272727,74.64727272727272
401625592,"March 07, 2024",Coastal Carolina Chanticleers,324,66,True,71.165,71.58333333333333,74.53541666666666
401582112,"November 17, 2023",Coastal Carolina Chanticleers,324,80,True,77.095,0.0,0.0
401584335,"November 06, 2023",Coastal Georgia Mariner,nd-coastal-georgia-mariner,55,False,75.63,0.0,0.0
401600232,"November 29, 2023",Coastal Georgia Mariner,nd-coastal-georgia-mariner,49,False,70.21,55.0,75.63
401594477,"December 06, 2023",Coe Kohawks,nd-coe-kohawks,58,False,69.49,0.0,0.0
401600053,"December 30, 2023",Coker Cobras,nd-coker-cobras,76,False,80.795,0.0,0.0
401587189,"December 08, 2023",Colby-Sawyer Chargers,nd-colby-sawyer-chargers,36,False,69.56,0.0,0.0
401598634,"December 02, 2023",Colgate Raiders,2142,55,False,77.025,62.5,69.5475
401597869,"December 09, 2023",Colgate Raiders,2142,77,False,64.88499999999999,60.0,72.04
401584515,"December 17, 2023",Colgate Raiders,2142,57,False,68.21,64.25,70.25125
401581762,"December 21, 2023",Colgate Raiders,2142,65,False,66.025,62.8,69.84299999999999
401598579,"December 30, 2023",Colgate Raiders,2142,64,False,69.56,63.166666666666664,69.20666666666666
401597973,"February 07, 2024",Colgate Raiders,2142,74,False,65.025,67.63636363636364,68.44136363636363
401594518,"February 10, 2024",Colgate Raiders,2142,76,False,66.63,68.16666666666667,68.15666666666667
401602712,"February 19, 2024",Colgate Raiders,2142,67,False,66.305,68.76923076923077,68.03923076923077
401598642,"February 28, 2024",Colgate Raiders,2142,77,False,63.815,68.64285714285714,67.91535714285715
401598632,"January 06, 2024",Colgate Raiders,2142,80,False,70.095,63.285714285714285,69.25714285714285
401594488,"January 13, 2024",Colgate Raiders,2142,84,False,74.58500000000001,65.375,69.361875
401598637,"January 17, 2024",Colgate Raiders,2142,64,False,64.165,67.44444444444444,69.94222222222223
401597389,"January 27, 2024",Colgate Raiders,2142,73,False,59.21,67.1,69.36449999999999
401598643,"March 02, 2024",Colgate Raiders,2142,63,False,68.885,69.2,67.642
401586911,"November 14, 2023",Colgate Raiders,2142,75,False,75.955,0.0,0.0
401581510,"November 17, 2023",Colgate Raiders,2142,50,True,63.14,75.0,75.955
401581873,"December 28, 2023",College Of Biblical Studies Ambassadors,nd-college-of-biblical-studies-ambassadors,72,False,80.49,55.0,67.14
401606612,"January 02, 2024",College Of Biblical Studies Ambassadors,nd-college-of-biblical-studies-ambassadors,72,False,72.77,63.5,73.815
401579029,"November 10, 2023",College Of Biblical Studies Ambassadors,nd-college-of-biblical-studies-ambassadors,55,False,67.14,0.0,0.0
401583792,"December 10, 2023",Colorado Buffaloes,38,90,True,70.025,73.5,66.98
401607407,"February 03, 2024",Colorado Buffaloes,38,68,False,76.7,75.625,70.02
401607421,"February 15, 2024",Colorado Buffaloes,38,60,False,58.63,74.77777777777777,70.76222222222222
401607427,"February 17, 2024",Colorado Buffaloes,38,92,False,80.515,73.3,69.549
401607366,"January 04, 2024",Colorado Buffaloes,38,50,False,73.35,79.0,67.995
401607371,"January 06, 2024",Colorado Buffaloes,38,73,False,71.445,71.75,69.33375000000001
401607374,"January 10, 2024",Colorado Buffaloes,38,78,False,67.165,72.0,69.756
401607393,"January 24, 2024",Colorado Buffaloes,38,98,False,76.98,73.0,69.32416666666667
401607397,"January 27, 2024",Colorado Buffaloes,38,69,False,67.235,76.57142857142857,70.41785714285714
401607460,"March 07, 2024",Colorado Buffaloes,38,79,False,65.955,75.0,70.54590909090909
401607462,"March 09, 2024",Colorado Buffaloes,38,73,False,60.56,75.33333333333333,70.16333333333334
401625482,"March 15, 2024",Colorado Buffaloes,38,58,True,62.095,75.15384615384616,69.42461538461538
401593791,"November 20, 2023",Colorado Buffaloes,38,64,True,62.375,0.0,0.0
401594481,"November 29, 2023",Colorado Buffaloes,38,83,False,71.58500000000001,64.0,62.375
401594593,"November 22, 2023",Colorado Christian Cougars,nd-colorado-christian-cougars,68,False,79.235,0.0,0.0
401594595,"December 02, 2023",Colorado College Tigers,nd-colorado-college-tigers,66,False,77.655,58.0,75.35
401594009,"November 06, 2023",Colorado College Tigers,nd-colorado-college-tigers,58,False,75.35,0.0,0.0
401590983,"December 22, 2023",Colorado State Rams,36,76,False,64.955,79.33333333333333,70.66833333333334
401600811,"February 03, 2024",Colorado State Rams,36,73,False,60.815,73.0,69.298125
401597944,"February 13, 2024",Colorado State Rams,36,55,False,69.375,73.0,68.35555555555555
401606630,"February 21, 2024",Colorado State Rams,36,66,False,71.305,71.2,68.45750000000001
401597313,"February 24, 2024",Colorado State Rams,36,60,False,64.63,70.72727272727273,68.71636363636364
401600793,"January 06, 2024",Colorado State Rams,36,72,False,70.885,78.5,69.24
401602972,"January 09, 2024",Colorado State Rams,36,58,False,65.35,77.2,69.569
401602981,"January 24, 2024",Colorado State Rams,36,64,False,64.63,74.0,68.86583333333333
401602993,"January 27, 2024",Colorado State Rams,36,76,False,76.56,72.57142857142857,68.26071428571429
401594460,"March 09, 2024",Colorado State Rams,36,82,False,64.19,69.83333333333333,68.37583333333333
401625527,"March 14, 2024",Colorado State Rams,36,85,True,70.05,70.76923076923077,68.05384615384615
401625530,"March 15, 2024",Colorado State Rams,36,61,True,69.28,71.78571428571429,68.19642857142857
401594011,"November 14, 2023",Colorado State Rams,36,83,False,73.63,0.0,0.0
401581584,"November 22, 2023",Colorado State Rams,36,86,True,71.7,83.0,73.63
401581586,"November 23, 2023",Colorado State Rams,36,69,True,66.675,84.5,72.66499999999999
401594070,"November 09, 2023",Columbia International Rams,nd-columbia-international-rams,58,False,79.56,0.0,0.0
401602670,"November 14, 2023",Columbia International Rams,nd-columbia-international-rams,80,False,76.235,58.0,79.56
401574610,"December 03, 2023",Columbia Lions,171,71,False,71.63,68.5,75.9675
401587231,"December 11, 2023",Columbia Lions,171,87,False,70.025,69.33333333333333,74.52166666666666
401586897,"December 30, 2023",Columbia Lions,171,78,False,77.305,73.75,73.39750000000001
401581750,"February 02, 2024",Columbia Lions,171,59,False,69.35,74.57142857142857,73.47714285714287
401591562,"February 03, 2024",Columbia Lions,171,72,False,64.025,72.625,72.96125
401577673,"February 10, 2024",Columbia Lions,171,83,False,64.42,72.55555555555556,71.96833333333333
401591561,"January 09, 2024",Columbia Lions,171,79,False,70.885,74.6,74.179
401587191,"January 15, 2024",Columbia Lions,171,70,False,72.56,75.33333333333333,73.63000000000001
401587181,"March 01, 2024",Columbia Lions,171,70,False,67.815,73.6,71.2135
401589371,"March 02, 2024",Columbia Lions,171,72,False,71.375,73.27272727272727,70.90454545454546
401581156,"November 06, 2023",Columbia Lions,171,59,False,78.165,0.0,0.0
401591557,"November 18, 2023",Columbia Lions,171,78,False,73.77,59.0,78.165
401576679,"November 06, 2023",Concordia-Irvine Eagles,nd-concordia-irvine-eagles,64,False,67.84,0.0,0.0
401597400,"November 28, 2023",Concordia-St. Paul Golden Bears,nd-concordia-st-paul-golden-bears,56,False,72.14,0.0,0.0
401589738,"December 03, 2023",Coppin State Eagles,2154,52,False,72.305,52.0,56.80416666666667
401581078,"December 09, 2023",Coppin State Eagles,2154,45,False,73.14,52.0,59.01857142857143
401575487,"December 12, 2023",Coppin State Eagles,2154,54,False,72.56,51.125,60.783750000000005
401581843,"December 19, 2023",Coppin State Eagles,2154,48,False,78.16499999999999,51.44444444444444,62.092222222222226
401577626,"December 28, 2023",Coppin State Eagles,2154,53,False,64.815,51.1,63.6995
401589744,"February 03, 2024",Coppin State Eagles,2154,46,False,64.49000000000001,51.92307692307692,64.39192307692308
401589745,"February 05, 2024",Coppin State Eagles,2154,65,False,66.58500000000001,51.5,64.39892857142857
401589747,"February 19, 2024",Coppin State Eagles,2154,67,False,68.955,52.4,64.54466666666667
401589749,"February 26, 2024",Coppin State Eagles,2154,69,False,68.56,53.3125,64.8203125
401589739,"January 06, 2024",Coppin State Eagles,2154,53,False,63.095,51.27272727272727,63.800909090909094
401589742,"January 27, 2024",Coppin State Eagles,2154,58,False,72.19,51.416666666666664,63.74208333333333
401606726,"March 07, 2024",Coppin State Eagles,2154,60,False,74.56,54.23529411764706,65.04029411764705
401625566,"March 13, 2024",Coppin State Eagles,2154,51,True,67.16499999999999,54.55555555555556,65.56916666666667
401584329,"November 06, 2023",Coppin State Eagles,2154,55,False,74.515,0.0,0.0
401589735,"November 11, 2023",Coppin State Eagles,2154,60,False,70.63,55.0,74.515
401589736,"November 15, 2023",Coppin State Eagles,2154,41,False,64.49000000000001,57.5,72.57249999999999
401588729,"November 17, 2023",Coppin State Eagles,2154,48,False,67.56,52.0,69.87833333333333
401587235,"November 18, 2023",Coppin State Eagles,2154,46,True,0.0,51.0,69.29875
401589737,"November 26, 2023",Coppin State Eagles,2154,62,False,63.63,50.0,55.439
401598577,"December 02, 2023",Cornell Big Red,172,79,False,76.77,81.4,74.59299999999999
401586912,"December 05, 2023",Cornell Big Red,172,70,False,76.095,81.0,74.95583333333333
401594397,"December 19, 2023",Cornell Big Red,172,95,False,82.26,79.42857142857143,75.11857142857141
401598578,"December 22, 2023",Cornell Big Red,172,90,False,77.77,81.375,76.01125
401598582,"February 02, 2024",Cornell Big Red,172,56,False,62.07,82.18181818181819,75.70227272727273
401581751,"February 03, 2024",Cornell Big Red,172,89,False,73.7,80.0,74.56625
401587194,"February 10, 2024",Cornell Big Red,172,78,False,70.445,80.6923076923077,74.49961538461538
401598580,"January 02, 2024",Cornell Big Red,172,79,False,73.095,82.33333333333333,76.20666666666666
401577669,"January 20, 2024",Cornell Big Red,172,84,False,73.77,82.0,75.8955
401589370,"March 01, 2024",Cornell Big Red,172,87,False,72.42,80.5,74.21000000000001
401587182,"March 02, 2024",Cornell Big Red,172,77,False,69.49,80.93333333333334,74.09066666666666
401591564,"March 09, 2024",Cornell Big Red,172,98,False,74.885,80.6875,73.803125
401625540,"March 16, 2024",Cornell Big Red,172,57,True,66.63,81.70588235294117,73.86676470588235
401598574,"November 06, 2023",Cornell Big Red,172,84,False,81.56,0.0,0.0
401586890,"November 11, 2023",Cornell Big Red,172,78,False,73.445,84.0,81.56
401589058,"November 15, 2023",Cornell Big Red,172,83,False,71.375,81.0,77.5025
401598576,"November 19, 2023",Cornell Big Red,172,88,True,77.63,81.66666666666667,75.46
401601482,"November 20, 2023",Cornell Big Red,172,74,True,68.955,83.25,76.0025
401594560,"November 06, 2023",Covenant Fighting Scots,nd-covenant-fighting-scots,44,False,70.955,0.0,0.0
401574837,"December 03, 2023",Creighton Bluejays,156,89,False,73.955,79.0,67.025
401577596,"December 13, 2023",Creighton Bluejays,156,64,True,60.675,84.0,70.49000000000001
401599448,"December 30, 2023",Creighton Bluejays,156,67,False,72.21000000000001,77.33333333333333,67.21833333333333
401599520,"February 07, 2024",Creighton Bluejays,156,87,False,76.28,75.625,69.975
401599526,"February 10, 2024",Creighton Bluejays,156,78,False,74.885,76.88888888888889,70.67555555555556
401599534,"February 17, 2024",Creighton Bluejays,156,79,False,69.60499999999999,77.0,71.0965
401599547,"February 25, 2024",Creighton Bluejays,156,66,False,65.35,77.18181818181819,70.9609090909091
401599469,"January 02, 2024",Creighton Bluejays,156,77,False,62.605,74.75,68.46625
401599479,"January 09, 2024",Creighton Bluejays,156,84,False,69.955,75.2,67.29400000000001
401599493,"January 17, 2024",Creighton Bluejays,156,48,False,63.21,76.66666666666667,67.7375
401599496,"January 20, 2024",Creighton Bluejays,156,97,False,90.165,72.57142857142857,67.09071428571428
401599565,"March 09, 2024",Creighton Bluejays,156,69,False,65.60499999999999,76.25,70.49333333333333
401574560,"November 30, 2023",Creighton Bluejays,156,79,False,67.025,0.0,0.0
401598006,"December 17, 2023",Crown College Polars,nd-crown-college-polars,66,False,68.095,0.0,0.0
401594233,"December 14, 2023",Cumberland (KY) Patriots,nd-cumberland-ky-patriots,59,False,78.56,0.0,0.0
401574604,"November 08, 2023",Curry College Colonels,nd-curry-college-colonels,38,False,84.955,0.0,0.0
401594249,"November 20, 2023",D'Youville Saints,nd-dyouville-saints,69,False,85.19,0.0,0.0
401590206,"November 08, 2023",Dakota Wesleyan Tigers,nd-dakota-wesleyan-tigers,55,False,76.28,0.0,0.0
401600078,"January 03, 2024",Dallas Christian Crusaders,nd-dallas-christian-crusaders,55,False,71.375,49.0,80.52166666666666
401602356,"November 06, 2023",Dallas Christian Crusaders,nd-dallas-christian-crusaders,54,False,83.235,0.0,0.0
401604782,"November 13, 2023",Dallas Christian Crusaders,nd-dallas-christian-crusaders,45,False,79.515,54.0,83.235
401608790,"November 29, 2023",Dallas Christian Crusaders,nd-dallas-christian-crusaders,48,False,78.815,49.5,81.375
401608786,"January 02, 2024",Dallas Crusaders,nd-dallas-crusaders,53,False,82.235,0.0,0.0
401583802,"November 07, 2023",Dalton State Roadrunners,nd-dalton-state-roadrunners,65,False,80.515,0.0,0.0
401582144,"December 02, 2023",Dartmouth Big Green,159,68,False,77.84,57.333333333333336,66.89333333333333
401600289,"December 16, 2023",Dartmouth Big Green,159,54,False,67.14,60.0,69.63
401577724,"December 21, 2023",Dartmouth Big Green,159,57,False,65.885,58.8,69.132
401594555,"December 30, 2023",Dartmouth Big Green,159,53,False,67.815,58.5,68.59083333333334
401581752,"February 10, 2024",Dartmouth Big Green,159,59,False,68.16499999999999,57.0,67.43055555555556
401591563,"February 16, 2024",Dartmouth Big Green,159,63,False,72.025,57.2,67.50399999999999
401598583,"February 17, 2024",Dartmouth Big Green,159,80,False,73.77,57.72727272727273,67.915
401589366,"January 06, 2024",Dartmouth Big Green,159,51,False,65.095,57.714285714285715,68.48
401587174,"January 15, 2024",Dartmouth Big Green,159,58,False,62.42,56.875,68.056875
401587198,"March 01, 2024",Dartmouth Big Green,159,56,False,62.49,59.583333333333336,68.40291666666667
401577679,"March 02, 2024",Dartmouth Big Green,159,67,False,71.28,59.30769230769231,67.94807692307693
401576147,"November 06, 2023",Dartmouth Big Green,159,54,False,69.42,0.0,0.0
401600269,"November 25, 2023",Dartmouth Big Green,159,65,False,68.235,54.0,69.42
401597848,"November 29, 2023",Dartmouth Big Green,159,53,False,63.025,59.5,68.8275
401603529,"December 19, 2023",Davenport Panthers,nd-davenport-panthers,66,False,75.025,0.0,0.0
401587203,"December 30, 2023",Davidson Wildcats,2166,72,True,76.26,68.25,66.38
401596880,"February 04, 2024",Davidson Wildcats,2166,63,False,69.7,73.375,70.720625
401596887,"February 07, 2024",Davidson Wildcats,2166,72,False,63.7,72.22222222222223,70.60722222222222
401596904,"February 17, 2024",Davidson Wildcats,2166,80,False,71.05,72.2,69.9165
401596919,"February 24, 2024",Davidson Wildcats,2166,63,False,66.095,72.9090909090909,70.01954545454545
401596925,"February 27, 2024",Davidson Wildcats,2166,66,False,67.56,72.08333333333333,69.69250000000001
401596839,"January 13, 2024",Davidson Wildcats,2166,79,False,78.7,69.0,68.35600000000001
401596846,"January 17, 2024",Davidson Wildcats,2166,79,False,75.19,70.66666666666667,70.08
401596859,"January 24, 2024",Davidson Wildcats,2166,84,False,70.095,71.85714285714286,70.81
401596945,"March 09, 2024",Davidson Wildcats,2166,71,False,74.42,71.61538461538461,69.52846153846154
401625542,"March 12, 2024",Davidson Wildcats,2166,63,True,74.235,71.57142857142857,69.87785714285714
401583849,"November 12, 2023",Davidson Wildcats,2166,65,True,64.28,0.0,0.0
401597831,"November 17, 2023",Davidson Wildcats,2166,68,False,71.98,65.0,64.28
401597833,"November 24, 2023",Davidson Wildcats,2166,55,False,63.84,66.5,68.13
401597834,"November 29, 2023",Davidson Wildcats,2166,85,False,65.42,62.666666666666664,66.7
401577537,"December 16, 2023",Dayton Flyers,2168,82,True,65.05,64.0,60.67625
401596882,"February 06, 2024",Dayton Flyers,2168,94,False,73.28,68.0,64.05888888888889
401596888,"February 09, 2024",Dayton Flyers,2168,47,False,60.28,70.6,64.981
401596914,"February 21, 2024",Dayton Flyers,2168,67,False,60.49,68.45454545454545,64.55363636363636
401596821,"January 03, 2024",Dayton Flyers,2168,72,False,67.88499999999999,67.6,61.551
401596833,"January 12, 2024",Dayton Flyers,2168,72,False,67.16499999999999,68.33333333333333,62.60666666666666
401596857,"January 23, 2024",Dayton Flyers,2168,66,False,62.675,68.85714285714286,63.257857142857134
401596865,"January 27, 2024",Dayton Flyers,2168,64,False,71.05,68.5,63.184999999999995
401596929,"March 01, 2024",Dayton Flyers,2168,72,False,76.7,68.33333333333333,64.21499999999999
401596937,"March 05, 2024",Dayton Flyers,2168,100,False,71.56,68.61538461538461,65.17538461538462
401577531,"November 10, 2023",Dayton Flyers,2168,66,False,59.025,0.0,0.0
401581342,"November 16, 2023",Dayton Flyers,2168,70,True,64.77,66.0,59.025
401581549,"November 19, 2023",Dayton Flyers,2168,55,True,57.56,68.0,61.897499999999994
401577533,"November 29, 2023",Dayton Flyers,2168,65,False,61.35,63.666666666666664,60.451666666666675
401575513,"December 06, 2023",DePaul Blue Demons,305,64,False,61.095,54.0,67.21000000000001
401599518,"February 06, 2024",DePaul Blue Demons,305,57,False,71.84,61.42857142857143,65.99142857142857
401599535,"February 17, 2024",DePaul Blue Demons,305,70,False,64.165,60.875,66.7225
401599541,"February 21, 2024",DePaul Blue Demons,305,71,False,76.745,61.888888888888886,66.43833333333333
401599552,"February 28, 2024",DePaul Blue Demons,305,58,False,75.49,62.8,67.46900000000001
401599471,"January 02, 2024",DePaul Blue Demons,305,56,False,67.35,59.0,64.1525
401599476,"January 06, 2024",DePaul Blue Demons,305,65,False,61.025,58.0,65.21833333333333
401599484,"January 12, 2024",DePaul Blue Demons,305,69,False,65.56,59.75,64.17
401599495,"January 20, 2024",DePaul Blue Demons,305,60,False,67.28,61.6,64.44800000000001
401599505,"January 27, 2024",DePaul Blue Demons,305,62,False,72.42,61.333333333333336,64.92
401599567,"March 09, 2024",DePaul Blue Demons,305,62,False,66.56,62.36363636363637,68.19818181818182
401625558,"March 13, 2024",DePaul Blue Demons,305,57,True,60.675,62.333333333333336,68.06166666666667
401601488,"November 19, 2023",DePaul Blue Demons,305,54,True,67.21000000000001,0.0,0.0
401587201,"December 18, 2023",Defiance Yellow Jackets,nd-defiance-yellow-jackets,28,False,71.35,41.0,73.655
401594217,"December 21, 2023",Defiance Yellow Jackets,nd-defiance-yellow-jackets,67,False,67.955,34.5,72.5025
401594170,"November 08, 2023",Defiance Yellow Jackets,nd-defiance-yellow-jackets,41,False,73.655,0.0,0.0
401587200,"December 02, 2023",Delaware Blue Hens,48,73,False,67.235,75.0,72.15375
401577609,"December 05, 2023",Delaware Blue Hens,48,87,False,74.375,74.6,71.17
401597375,"December 11, 2023",Delaware Blue Hens,48,73,False,72.235,76.66666666666667,71.70416666666667
401600696,"February 01, 2024",Delaware Blue Hens,48,81,False,65.42,73.9090909090909,70.75909090909092
401600708,"February 08, 2024",Delaware Blue Hens,48,74,False,62.885000000000005,74.5,70.31416666666667
401600724,"February 15, 2024",Delaware Blue Hens,48,67,False,70.77,74.46153846153847,69.74269230769231
401600730,"February 17, 2024",Delaware Blue Hens,48,62,False,62.56,73.92857142857143,69.81607142857142
401600628,"January 06, 2024",Delaware Blue Hens,48,71,False,71.49,76.14285714285714,71.78
401600653,"January 11, 2024",Delaware Blue Hens,48,68,False,68.42,75.5,71.74375
401600660,"January 14, 2024",Delaware Blue Hens,48,74,False,69.955,74.66666666666667,71.37444444444445
401600676,"January 20, 2024",Delaware Blue Hens,48,67,False,66.025,74.6,71.2325
401600757,"March 02, 2024",Delaware Blue Hens,48,56,False,65.955,73.13333333333334,69.33233333333334
401630148,"March 10, 2024",Delaware Blue Hens,48,58,True,67.21000000000001,72.0625,69.12125
401594482,"November 06, 2023",Delaware Blue Hens,48,78,False,72.98,0.0,0.0
401597374,"November 15, 2023",Delaware Blue Hens,48,78,False,68.165,78.0,72.98
401577660,"November 24, 2023",Delaware Blue Hens,48,67,True,75.56,78.0,70.5725
401603084,"November 25, 2023",Delaware Blue Hens,48,77,True,71.91,74.33333333333333,72.235
401594506,"December 02, 2023",Delaware State Hornets,2169,79,False,73.91,68.14285714285714,76.37142857142858
401581093,"December 18, 2023",Delaware State Hornets,2169,59,False,73.445,69.5,76.06375
401583617,"December 20, 2023",Delaware State Hornets,2169,50,False,65.42,68.33333333333333,75.77277777777778
401594410,"February 03, 2024",Delaware State Hornets,2169,64,False,70.025,67.54545454545455,74.72772727272728
401589746,"February 17, 2024",Delaware State Hornets,2169,66,False,66.095,67.25,74.33583333333333
401604431,"February 24, 2024",Delaware State Hornets,2169,62,False,68.235,67.15384615384616,73.70192307692308
401604432,"February 26, 2024",Delaware State Hornets,2169,81,False,69.56,66.78571428571429,73.31142857142856
401604425,"January 08, 2024",Delaware State Hornets,2169,78,False,74.63,66.5,74.7375
401604433,"March 04, 2024",Delaware State Hornets,2169,66,False,70.58500000000001,67.73333333333333,73.06133333333334
401604434,"March 07, 2024",Delaware State Hornets,2169,59,False,65.84,67.625,72.9065625
401625569,"March 14, 2024",Delaware State Hornets,2169,71,True,73.47,67.11764705882354,72.49088235294118
401625571,"March 15, 2024",Delaware State Hornets,2169,71,True,68.955,67.33333333333333,72.54527777777778
401625572,"March 16, 2024",Delaware State Hornets,2169,67,True,66.58500000000001,67.52631578947368,72.35631578947368
401600439,"November 06, 2023",Delaware State Hornets,2169,45,False,75.745,0.0,0.0
401583725,"November 10, 2023",Delaware State Hornets,2169,59,False,76.235,45.0,75.745
401604419,"November 17, 2023",Delaware State Hornets,2169,71,True,76.235,52.0,75.99000000000001
401603544,"November 20, 2023",Delaware State Hornets,2169,72,False,76.12,58.333333333333336,76.07166666666667
401597906,"November 24, 2023",Delaware State Hornets,2169,82,False,83.655,61.75,76.08375000000001
401603105,"November 25, 2023",Delaware State Hornets,2169,72,True,71.235,65.8,77.598
401600244,"November 30, 2023",Delaware State Hornets,2169,76,False,75.375,66.83333333333333,76.53750000000001
401587172,"December 22, 2023",Delaware Valley Aggies,nd-delaware-valley-aggies,53,False,70.885,0.0,0.0
401597376,"November 06, 2023",Delta State Statesmen,nd-delta-state-statesmen,71,False,76.095,0.0,0.0
401594596,"December 06, 2023",Denver Pioneers,2172,80,False,67.56,77.5,70.75833333333334
401593955,"December 13, 2023",Denver Pioneers,2172,74,False,74.885,77.85714285714286,70.30142857142857
401580023,"December 29, 2023",Denver Pioneers,2172,95,False,73.58500000000001,77.375,70.874375
401580064,"February 01, 2024",Denver Pioneers,2172,71,False,74.12,79.33333333333333,71.84333333333333
401580068,"February 03, 2024",Denver Pioneers,2172,76,False,79.165,78.6923076923077,72.01846153846154
401580075,"February 08, 2024",Denver Pioneers,2172,86,False,78.375,78.5,72.52892857142857
401580089,"February 22, 2024",Denver Pioneers,2172,70,False,74.235,79.0,72.91866666666667
401580038,"January 06, 2024",Denver Pioneers,2172,82,False,77.28,79.33333333333333,71.17555555555556
401580048,"January 18, 2024",Denver Pioneers,2172,78,False,73.49,79.6,71.786
401580053,"January 20, 2024",Denver Pioneers,2172,78,False,70.77,79.45454545454545,71.94090909090909
401580100,"March 02, 2024",Denver Pioneers,2172,58,False,61.35,78.4375,73.0009375
401625494,"March 09, 2024",Denver Pioneers,2172,61,True,68.165,77.23529411764706,72.31558823529411
401625498,"March 11, 2024",Denver Pioneers,2172,66,True,71.095,76.33333333333333,72.085
401625499,"March 12, 2024",Denver Pioneers,2172,68,True,72.35,75.78947368421052,72.03289473684211
401594109,"November 06, 2023",Denver Pioneers,2172,87,False,75.655,0.0,0.0
401610799,"November 15, 2023",Denver Pioneers,2172,91,True,77.7,87.0,75.655
401604335,"November 16, 2023",Denver Pioneers,2172,74,True,67.095,89.0,76.67750000000001
401606133,"November 17, 2023",Denver Pioneers,2172,75,False,67.63,84.0,73.48333333333333
401594594,"November 26, 2023",Denver Pioneers,2172,71,False,71.445,81.75,72.02
401583739,"November 29, 2023",Denver Pioneers,2172,67,False,65.025,79.6,71.905
401594229,"November 14, 2023",Depauw Tigers,nd-depauw-tigers,68,False,81.84,0.0,0.0
401587641,"December 02, 2023",Detroit Mercy Titans,2174,58,False,63.49,61.8,68.69500000000001
401581721,"December 10, 2023",Detroit Mercy Titans,2174,59,False,69.7,61.166666666666664,67.8275
401583757,"December 18, 2023",Detroit Mercy Titans,2174,56,False,68.955,60.857142857142854,68.095
401583758,"December 21, 2023",Detroit Mercy Titans,2174,63,False,73.91,60.25,68.2025
401583595,"December 23, 2023",Detroit Mercy Titans,2174,66,False,72.955,60.55555555555556,68.83666666666666
401587646,"December 29, 2023",Detroit Mercy Titans,2174,55,False,64.165,61.1,69.2485
401587671,"December 31, 2023",Detroit Mercy Titans,2174,56,False,78.305,60.54545454545455,68.78636363636363
401587726,"February 08, 2024",Detroit Mercy Titans,2174,85,False,67.91,63.733333333333334,71.03633333333333
401587731,"February 10, 2024",Detroit Mercy Titans,2174,67,False,71.815,65.0625,70.8409375
401587756,"February 28, 2024",Detroit Mercy Titans,2174,55,False,69.35,65.17647058823529,70.89823529411764
401587695,"January 17, 2024",Detroit Mercy Titans,2174,99,False,87.4,60.166666666666664,69.57958333333333
401587706,"January 25, 2024",Detroit Mercy Titans,2174,71,False,72.745,63.15384615384615,70.95038461538462
401587710,"January 27, 2024",Detroit Mercy Titans,2174,64,False,70.445,63.714285714285715,71.07857142857144
401587760,"March 02, 2024",Detroit Mercy Titans,2174,70,False,61.7,64.61111111111111,70.81222222222222
401625693,"March 05, 2024",Detroit Mercy Titans,2174,79,False,74.095,64.89473684210526,70.33263157894737
401577691,"November 06, 2023",Detroit Mercy Titans,2174,60,False,73.375,0.0,0.0
401583753,"November 10, 2023",Detroit Mercy Titans,2174,61,False,73.025,60.0,73.375
401594543,"November 14, 2023",Detroit Mercy Titans,2174,69,False,62.63,60.5,73.2
401583754,"November 18, 2023",Detroit Mercy Titans,2174,52,False,70.35,63.333333333333336,69.67666666666666
401583755,"November 25, 2023",Detroit Mercy Titans,2174,67,False,64.095,60.5,69.845
401599985,"December 29, 2023",Dillard Blue Devils,nd-dillard-blue-devils,64,False,80.91,65.0,77.025
401600073,"November 25, 2023",Dillard Blue Devils,nd-dillard-blue-devils,65,False,77.025,0.0,0.0
401581810,"November 06, 2023",Doane Tigers,nd-doane-tigers,53,False,72.16499999999999,0.0,0.0
401590839,"December 09, 2023",Drake Bulldogs,2181,72,True,71.63,76.66666666666667,68.50666666666666
401594422,"December 22, 2023",Drake Bulldogs,2181,78,False,68.42,75.5,69.2875
401601876,"February 03, 2024",Drake Bulldogs,2181,67,False,77.305,75.33333333333333,68.74611111111112
401601887,"February 10, 2024",Drake Bulldogs,2181,74,False,71.42,74.5,69.602
401601893,"February 13, 2024",Drake Bulldogs,2181,78,False,65.955,74.45454545454545,69.76727272727273
401601915,"February 24, 2024",Drake Bulldogs,2181,77,False,75.26,74.75,69.44958333333334
401601922,"February 28, 2024",Drake Bulldogs,2181,107,False,99.19,74.92307692307692,69.89653846153846
401601831,"January 07, 2024",Drake Bulldogs,2181,65,False,67.955,76.0,69.114
401601841,"January 13, 2024",Drake Bulldogs,2181,76,False,66.56,74.16666666666667,68.92083333333333
401601848,"January 17, 2024",Drake Bulldogs,2181,77,False,60.21,74.42857142857143,68.58357142857143
401601860,"January 24, 2024",Drake Bulldogs,2181,80,False,78.42,74.75,67.536875
401625670,"March 10, 2024",Drake Bulldogs,2181,84,True,72.025,77.21428571428571,71.98892857142857
401581537,"November 20, 2023",Drake Bulldogs,2181,68,True,70.375,0.0,0.0
401581542,"November 21, 2023",Drake Bulldogs,2181,79,True,65.235,68.0,70.375
401601812,"November 29, 2023",Drake Bulldogs,2181,83,False,69.91,73.5,67.805
401604303,"December 02, 2023",Drexel Dragons,2182,57,True,58.49,66.25,67.59
401587170,"December 05, 2023",Drexel Dragons,2182,70,False,65.745,64.4,65.77000000000001
401575474,"December 09, 2023",Drexel Dragons,2182,60,False,63.675,65.33333333333333,65.76583333333333
401600770,"December 22, 2023",Drexel Dragons,2182,86,False,78.235,64.57142857142857,65.46714285714286
401600697,"February 01, 2024",Drexel Dragons,2182,62,False,69.095,69.83333333333333,65.80041666666666
401600709,"February 08, 2024",Drexel Dragons,2182,56,False,64.49000000000001,69.23076923076923,66.05384615384615
401600715,"February 10, 2024",Drexel Dragons,2182,70,False,69.21,68.28571428571429,65.94214285714285
401600737,"February 22, 2024",Drexel Dragons,2182,57,False,66.095,68.4,66.16
401600748,"February 26, 2024",Drexel Dragons,2182,70,False,64.955,67.6875,66.1559375
401600649,"January 06, 2024",Drexel Dragons,2182,77,False,63.025000000000006,67.25,67.063125
401600654,"January 11, 2024",Drexel Dragons,2182,67,False,64.35,68.33333333333333,66.61444444444444
401600661,"January 13, 2024",Drexel Dragons,2182,89,False,60.955,68.2,66.388
401600682,"January 25, 2024",Drexel Dragons,2182,67,False,64.77,70.0909090909091,65.8940909090909
401593769,"November 07, 2023",Drexel Dragons,2182,61,False,66.63,0.0,0.0
401600055,"November 11, 2023",Drexel Dragons,2182,74,False,68.26,61.0,66.63
401581857,"November 26, 2023",Drexel Dragons,2182,61,False,73.05,67.5,67.445
401600768,"November 29, 2023",Drexel Dragons,2182,69,False,62.42,65.33333333333333,69.31333333333333
401604090,"December 02, 2023",Duke Blue Devils,150,68,False,65.7,74.5,72.735
401604165,"February 03, 2024",Duke Blue Devils,150,84,False,75.375,74.14285714285714,67.95214285714286
401604194,"February 17, 2024",Duke Blue Devils,150,76,False,67.88499999999999,75.375,68.88
401604203,"February 21, 2024",Duke Blue Devils,150,84,False,61.235,75.44444444444444,68.76944444444445
401604210,"February 24, 2024",Duke Blue Devils,150,79,False,61.77,76.3,68.01599999999999
401604110,"January 06, 2024",Duke Blue Devils,150,67,False,70.56,72.33333333333333,70.39
401604115,"January 09, 2024",Duke Blue Devils,150,75,False,60.745,71.0,70.4325
401604144,"January 23, 2024",Duke Blue Devils,150,83,False,68.77,71.8,68.495
401604155,"January 29, 2024",Duke Blue Devils,150,77,False,64.42,73.66666666666667,68.54083333333334
401604225,"March 04, 2024",Duke Blue Devils,150,79,False,58.815,76.54545454545455,67.44818181818181
401576149,"November 14, 2023",Duke Blue Devils,150,74,True,69.42,0.0,0.0
401574555,"November 29, 2023",Duke Blue Devils,150,75,False,76.05,74.0,69.42
401581849,"December 06, 2023",Duquesne Dukes,2184,85,False,80.935,79.0,64.095
401579120,"December 23, 2023",Duquesne Dukes,2184,73,True,70.58500000000001,82.0,72.515
401596875,"February 03, 2024",Duquesne Dukes,2184,85,False,69.7,72.33333333333333,72.35166666666667
401596891,"February 10, 2024",Duquesne Dukes,2184,75,False,69.91,74.14285714285714,71.97285714285714
401596897,"February 13, 2024",Duquesne Dukes,2184,59,False,60.605,74.25,71.715
401596915,"February 23, 2024",Duquesne Dukes,2184,67,False,70.445,72.55555555555556,70.48055555555555
401596818,"January 03, 2024",Duquesne Dukes,2184,61,False,70.77,79.0,71.87166666666667
401596826,"January 06, 2024",Duquesne Dukes,2184,67,False,81.235,74.5,71.59625
401596849,"January 20, 2024",Duquesne Dukes,2184,69,False,66.49,73.0,73.524
401596932,"March 02, 2024",Duquesne Dukes,2184,59,False,64.16499999999999,72.0,70.477
401596936,"March 05, 2024",Duquesne Dukes,2184,69,False,63.49,70.81818181818181,69.9031818181818
401625552,"March 14, 2024",Duquesne Dukes,2184,65,True,62.375,70.66666666666667,69.36874999999999
401625555,"March 17, 2024",Duquesne Dukes,2184,57,True,63.235,70.23076923076923,68.83076923076922
401574835,"November 22, 2023",Duquesne Dukes,2184,79,False,64.095,0.0,0.0
401606632,"December 29, 2023",E. New Mexico Greyhounds,nd-e-new-mexico-greyhounds,54,False,77.235,0.0,0.0
401575754,"December 14, 2023",East Carolina Pirates,151,65,True,71.98,59.0,59.885
401602112,"February 03, 2024",East Carolina Pirates,151,52,False,61.63,62.666666666666664,64.92833333333333
401602126,"February 10, 2024",East Carolina Pirates,151,84,False,65.235,61.142857142857146,64.45714285714286
401602151,"February 24, 2024",East Carolina Pirates,151,52,False,61.885,64.0,64.554375
401602055,"January 02, 2024",East Carolina Pirates,151,64,False,61.56,62.0,65.9325
401602071,"January 10, 2024",East Carolina Pirates,151,73,False,63.165000000000006,62.666666666666664,64.47500000000001
401602090,"January 20, 2024",East Carolina Pirates,151,61,False,68.42,65.25,64.14750000000001
401602098,"January 24, 2024",East Carolina Pirates,151,54,False,64.56,64.4,65.002
401602168,"March 03, 2024",East Carolina Pirates,151,69,False,59.77,62.666666666666664,64.25777777777779
401602172,"March 06, 2024",East Carolina Pirates,151,77,False,75.515,63.3,63.809000000000005
401625466,"March 15, 2024",East Carolina Pirates,151,59,True,67.49,64.54545454545455,64.87318181818182
401583613,"November 25, 2023",East Carolina Pirates,151,59,False,59.885,0.0,0.0
401597433,"December 03, 2023",East Tennessee State Buccaneers,2193,61,False,62.095,63.5,71.00750000000001
401597416,"December 22, 2023",East Tennessee State Buccaneers,2193,65,False,75.725,63.0,69.225
401583618,"December 29, 2023",East Tennessee State Buccaneers,2193,86,False,73.305,63.333333333333336,70.30833333333334
401587949,"February 14, 2024",East Tennessee State Buccaneers,2193,71,False,65.025,66.16666666666667,69.26375
401587954,"February 17, 2024",East Tennessee State Buccaneers,2193,65,False,62.77,66.53846153846153,68.93769230769232
401587965,"February 24, 2024",East Tennessee State Buccaneers,2193,71,False,74.305,66.42857142857143,68.49714285714286
401587971,"February 28, 2024",East Tennessee State Buccaneers,2193,81,False,67.58500000000001,66.73333333333333,68.88433333333334
401587897,"January 06, 2024",East Tennessee State Buccaneers,2193,54,False,71.49,66.57142857142857,70.73642857142858
401587906,"January 13, 2024",East Tennessee State Buccaneers,2193,73,False,68.91,65.0,70.830625
401587913,"January 17, 2024",East Tennessee State Buccaneers,2193,73,False,59.7,65.88888888888889,70.61722222222222
401587922,"January 24, 2024",East Tennessee State Buccaneers,2193,74,False,75.77,66.6,69.5255
401587933,"January 31, 2024",East Tennessee State Buccaneers,2193,54,False,60.14,67.27272727272727,70.09318181818182
401625584,"March 09, 2024",East Tennessee State Buccaneers,2193,73,True,65.63,67.625,68.803125
401625587,"March 10, 2024",East Tennessee State Buccaneers,2193,85,True,82.4,67.94117647058823,68.6164705882353
401625588,"March 11, 2024",East Tennessee State Buccaneers,2193,69,True,78.515,68.88888888888889,69.38222222222223
401588311,"November 09, 2023",East Tennessee State Buccaneers,2193,76,False,73.885,0.0,0.0
401581164,"November 13, 2023",East Tennessee State Buccaneers,2193,47,False,73.885,76.0,73.885
401594172,"November 22, 2023",East Tennessee State Buccaneers,2193,70,False,68.7,61.5,73.885
401581829,"November 29, 2023",East Tennessee State Buccaneers,2193,61,False,67.56,64.33333333333333,72.15666666666668
401591582,"December 03, 2023",East Texas A&M Lions,2837,47,False,64.955,54.8,70.495
401579071,"February 03, 2024",East Texas A&M Lions,2837,57,False,64.84,58.1,69.86
401579022,"February 05, 2024",East Texas A&M Lions,2837,51,False,63.7,58.0,69.40363636363637
401579088,"February 17, 2024",East Texas A&M Lions,2837,63,False,61.815,57.416666666666664,68.92833333333333
401579089,"February 19, 2024",East Texas A&M Lions,2837,76,False,81.7,57.84615384615385,68.38115384615385
401579063,"February 24, 2024",East Texas A&M Lions,2837,70,False,68.91,59.142857142857146,69.3325
401578016,"January 01, 2024",East Texas A&M Lions,2837,42,False,69.21000000000001,53.5,69.57166666666667
401579042,"January 08, 2024",East Texas A&M Lions,2837,85,False,78.33,51.857142857142854,69.52
401579078,"January 20, 2024",East Texas A&M Lions,2837,68,False,62.14,56.0,70.62125
401579086,"January 22, 2024",East Texas A&M Lions,2837,65,False,71.49,57.333333333333336,69.67888888888889
401578979,"March 02, 2024",East Texas A&M Lions,2837,98,False,74.98,59.86666666666667,69.30433333333333
401625635,"March 10, 2024",East Texas A&M Lions,2837,69,True,64.56,62.25,69.6590625
401625637,"March 11, 2024",East Texas A&M Lions,2837,51,True,67.42,62.64705882352941,69.35911764705882
401575509,"November 06, 2023",East Texas A&M Lions,2837,46,False,64.095,0.0,0.0
401597885,"November 08, 2023",East Texas A&M Lions,2837,46,False,75.515,46.0,64.095
401588943,"November 10, 2023",East Texas A&M Lions,2837,61,False,67.88499999999999,46.0,69.805
401587159,"November 12, 2023",East Texas A&M Lions,2837,64,False,75.42,51.0,69.165
401577543,"November 17, 2023",East Texas A&M Lions,2837,57,False,69.56,54.25,70.72874999999999
401600248,"January 19, 2024",East-West University Phantoms,nd-east-west-university-phantoms,55,False,83.84,49.0,78.095
401598587,"November 28, 2023",East-West University Phantoms,nd-east-west-university-phantoms,49,False,78.095,0.0,0.0
401575450,"December 21, 2023",Eastern Illinois Panthers,2197,48,False,69.63,61.0,68.505
401587252,"December 29, 2023",Eastern Illinois Panthers,2197,58,False,65.445,58.833333333333336,68.6925
401587305,"February 08, 2024",Eastern Illinois Panthers,2197,81,False,77.725,65.8,69.756
401587310,"February 10, 2024",Eastern Illinois Panthers,2197,57,False,63.305,67.18181818181819,70.48045454545455
401587327,"February 22, 2024",Eastern Illinois Panthers,2197,73,False,69.445,66.33333333333333,69.88250000000001
401587332,"February 24, 2024",Eastern Illinois Panthers,2197,67,False,66.955,66.84615384615384,69.84884615384615
401587338,"February 29, 2024",Eastern Illinois Panthers,2197,66,False,68.445,66.85714285714286,69.64214285714286
401587258,"January 04, 2024",Eastern Illinois Panthers,2197,79,False,76.49,58.714285714285715,68.22857142857143
401587263,"January 06, 2024",Eastern Illinois Panthers,2197,90,False,74.63,61.25,69.26125
401587280,"January 20, 2024",Eastern Illinois Panthers,2197,78,False,68.84,64.44444444444444,69.85777777777778
401625574,"March 06, 2024",Eastern Illinois Panthers,2197,57,True,66.35,66.8,69.56233333333333
401584510,"November 06, 2023",Eastern Illinois Panthers,2197,52,False,72.305,0.0,0.0
401587234,"November 11, 2023",Eastern Illinois Panthers,2197,65,False,71.095,52.0,72.305
401580106,"November 15, 2023",Eastern Illinois Panthers,2197,61,False,61.91,58.5,71.7
401587236,"November 19, 2023",Eastern Illinois Panthers,2197,64,False,69.86500000000001,59.333333333333336,68.43666666666667
401575454,"November 28, 2023",Eastern Illinois Panthers,2197,63,False,67.35,60.5,68.79375
401598955,"December 03, 2023",Eastern Kentucky Colonels,2198,69,False,76.56,0.0,0.0
401594572,"December 07, 2023",Eastern Kentucky Colonels,2198,85,False,73.095,69.0,76.56
401600454,"December 13, 2023",Eastern Kentucky Colonels,2198,62,False,70.025,77.0,74.8275
401591574,"December 21, 2023",Eastern Kentucky Colonels,2198,81,False,75.47,72.0,73.22666666666667
401591435,"December 23, 2023",Eastern Kentucky Colonels,2198,67,False,80.7,74.25,73.7875
401577646,"December 29, 2023",Eastern Kentucky Colonels,2198,53,False,68.28,72.8,75.17
401574443,"February 01, 2024",Eastern Kentucky Colonels,2198,76,False,80.19,73.0,73.77875
401574444,"February 03, 2024",Eastern Kentucky Colonels,2198,86,False,65.63,73.33333333333333,74.49111111111111
401574446,"February 10, 2024",Eastern Kentucky Colonels,2198,79,False,66.815,74.6,73.60499999999999
401574447,"February 17, 2024",Eastern Kentucky Colonels,2198,75,False,69.235,75.0,72.98772727272727
401574205,"February 28, 2024",Eastern Kentucky Colonels,2198,79,False,67.515,75.0,72.675
401574424,"January 11, 2024",Eastern Kentucky Colonels,2198,86,False,73.19,69.5,74.02166666666666
401574439,"January 13, 2024",Eastern Kentucky Colonels,2198,81,False,72.91,71.85714285714286,73.90285714285714
401574509,"March 01, 2024",Eastern Kentucky Colonels,2198,67,False,73.165,75.3076923076923,72.27807692307692
401587135,"November 12, 2023",Eastern Mennonite Royals,nd-eastern-mennonite-royals,47,False,68.63,0.0,0.0
401577631,"December 16, 2023",Eastern Michigan Eagles,2199,66,False,68.025,65.5,67.61250000000001
401588672,"February 03, 2024",Eastern Michigan Eagles,2199,66,False,67.725,66.11111111111111,69.42055555555555
401634065,"February 10, 2024",Eastern Michigan Eagles,2199,76,False,63.745000000000005,66.1,69.251
401588686,"February 20, 2024",Eastern Michigan Eagles,2199,69,False,68.35,67.0,68.75045454545455
401588692,"February 24, 2024",Eastern Michigan Eagles,2199,58,False,64.88499999999999,67.16666666666667,68.71708333333333
401588616,"January 02, 2024",Eastern Michigan Eagles,2199,90,False,81.49,65.6,67.69500000000001
401588633,"January 13, 2024",Eastern Michigan Eagles,2199,54,False,65.235,69.66666666666667,69.99416666666667
401588645,"January 20, 2024",Eastern Michigan Eagles,2199,67,False,68.49,67.42857142857143,69.31428571428572
401588650,"January 23, 2024",Eastern Michigan Eagles,2199,56,False,71.095,67.375,69.21125
401588712,"March 05, 2024",Eastern Michigan Eagles,2199,61,False,59.815,66.46153846153847,68.4223076923077
401588717,"March 08, 2024",Eastern Michigan Eagles,2199,62,False,70.165,66.07142857142857,67.80749999999999
401581162,"November 06, 2023",Eastern Michigan Eagles,2199,55,False,76.165,0.0,0.0
401581349,"November 14, 2023",Eastern Michigan Eagles,2199,57,False,66.49000000000001,55.0,76.165
401581351,"November 21, 2023",Eastern Michigan Eagles,2199,76,False,61.49,56.0,71.32750000000001
401574413,"November 25, 2023",Eastern Michigan Eagles,2199,74,False,66.305,62.666666666666664,68.04833333333333
401606989,"November 14, 2023",Eastern Oregon Mountaineers,nd-eastern-oregon-mountaineers,57,False,85.235,0.0,0.0
401593975,"December 09, 2023",Eastern Washington Eagles,331,73,False,69.095,70.5,75.23916666666668
401593977,"December 18, 2023",Eastern Washington Eagles,331,62,False,64.88499999999999,70.85714285714286,74.36142857142856
401581781,"December 21, 2023",Eastern Washington Eagles,331,66,False,73.7,69.75,73.176875
401573423,"February 01, 2024",Eastern Washington Eagles,331,60,False,74.235,73.46153846153847,72.2526923076923
401573427,"February 03, 2024",Eastern Washington Eagles,331,78,False,69.19,72.5,72.39428571428572
401573432,"February 05, 2024",Eastern Washington Eagles,331,90,False,84.445,72.86666666666666,72.18066666666667
401573452,"February 22, 2024",Eastern Washington Eagles,331,71,False,70.165,73.9375,72.9471875
401573456,"February 24, 2024",Eastern Washington Eagles,331,85,False,71.56,73.76470588235294,72.7835294117647
401580031,"January 03, 2024",Eastern Washington Eagles,331,93,False,70.77,69.33333333333333,73.235
401573398,"January 13, 2024",Eastern Washington Eagles,331,79,False,71.63,71.7,72.9885
401573403,"January 18, 2024",Eastern Washington Eagles,331,80,False,70.7,72.36363636363636,72.865
401573407,"January 20, 2024",Eastern Washington Eagles,331,79,False,67.07,73.0,72.68458333333334
401573466,"March 04, 2024",Eastern Washington Eagles,331,91,False,73.63,74.38888888888889,72.71555555555557
401593969,"November 06, 2023",Eastern Washington Eagles,331,66,False,82.33,0.0,0.0
401593970,"November 10, 2023",Eastern Washington Eagles,331,64,False,73.165,66.0,82.33
401593971,"November 12, 2023",Eastern Washington Eagles,331,73,False,77.305,65.0,77.7475
401593972,"November 17, 2023",Eastern Washington Eagles,331,70,False,77.305,67.66666666666667,77.60000000000001
401580930,"November 27, 2023",Eastern Washington Eagles,331,72,False,67.305,68.25,77.52625
401593974,"November 29, 2023",Eastern Washington Eagles,331,78,False,74.025,69.0,75.482
401604763,"December 10, 2023",Ecclesia Royals,nd-ecclesia-royals,52,False,87.885,74.0,80.165
401604759,"December 18, 2023",Ecclesia Royals,nd-ecclesia-royals,75,False,83.84,63.0,84.025
401604286,"December 31, 2023",Ecclesia Royals,nd-ecclesia-royals,42,False,88.375,67.0,83.96333333333334
401581862,"November 20, 2023",Ecclesia Royals,nd-ecclesia-royals,74,False,80.165,0.0,0.0
401584343,"December 05, 2023",Edward Waters Tigers,nd-edward-waters-tigers,47,False,71.28,0.0,0.0
401584440,"December 09, 2023",Elizabeth City State Vikings,nd-elizabeth-city-state-vikings,70,False,78.86500000000001,0.0,0.0
401602710,"December 29, 2023",Elms College Blazers,nd-elms-college-blazers,60,False,67.885,0.0,0.0
401587138,"December 03, 2023",Elon Phoenix,2210,72,False,65.58500000000001,74.75,70.985
401588315,"December 10, 2023",Elon Phoenix,2210,73,False,77.7,74.2,69.905
401588317,"December 22, 2023",Elon Phoenix,2210,43,False,64.955,74.0,71.20416666666667
401600705,"February 03, 2024",Elon Phoenix,2210,69,False,63.955,69.72727272727273,69.67045454545455
401600721,"February 12, 2024",Elon Phoenix,2210,55,False,66.63,69.66666666666667,69.19416666666667
401600731,"February 17, 2024",Elon Phoenix,2210,73,False,63.885,68.53846153846153,68.99692307692308
401600738,"February 22, 2024",Elon Phoenix,2210,58,False,63.21,68.85714285714286,68.63178571428571
401600744,"February 24, 2024",Elon Phoenix,2210,64,False,69.305,68.13333333333334,68.27033333333334
401600621,"January 04, 2024",Elon Phoenix,2210,70,False,65.885,69.57142857142857,70.31142857142858
401600655,"January 11, 2024",Elon Phoenix,2210,62,False,72.98,69.625,69.758125
401600683,"January 25, 2024",Elon Phoenix,2210,68,False,67.63,68.77777777777777,70.11611111111112
401600689,"January 27, 2024",Elon Phoenix,2210,80,False,67.7,68.7,69.8675
401581088,"November 06, 2023",Elon Phoenix,2210,78,False,78.235,0.0,0.0
401588312,"November 12, 2023",Elon Phoenix,2210,68,False,73.84,78.0,78.235
401597979,"November 18, 2023",Elon Phoenix,2210,83,True,64.885,73.0,76.0375
401600056,"November 19, 2023",Elon Phoenix,2210,70,True,66.98,76.33333333333333,72.32000000000001
401611538,"December 31, 2023",Emerson Lions,nd-emerson-lions,48,False,77.7,0.0,0.0
401599990,"December 30, 2023",Erskine Flying Fleet,nd-erskine-flying-fleet,52,False,69.14,58.0,72.58500000000001
401609948,"November 06, 2023",Erskine Flying Fleet,nd-erskine-flying-fleet,58,False,72.58500000000001,0.0,0.0
401594478,"December 18, 2023",Eureka Red Devils,nd-eureka-red-devils,56,False,77.795,39.0,76.7
401587237,"November 25, 2023",Eureka Red Devils,nd-eureka-red-devils,39,False,76.7,0.0,0.0
401587218,"December 05, 2023",Evansville Purple Aces,339,55,False,69.35,79.66666666666667,77.93166666666667
401587219,"December 16, 2023",Evansville Purple Aces,339,70,False,67.025,73.5,75.78625
401587222,"December 29, 2023",Evansville Purple Aces,339,58,False,71.025,72.8,74.034
401601880,"February 03, 2024",Evansville Purple Aces,339,63,False,65.605,65.6,73.062
401601889,"February 10, 2024",Evansville Purple Aces,339,70,False,65.025,65.36363636363636,72.38409090909092
401601903,"February 18, 2024",Evansville Purple Aces,339,79,False,64.63,65.75,71.77083333333333
401601909,"February 21, 2024",Evansville Purple Aces,339,79,False,71.445,66.76923076923077,71.22153846153846
401601825,"January 03, 2024",Evansville Purple Aces,339,73,False,77.7,70.33333333333333,73.5325
401601833,"January 10, 2024",Evansville Purple Aces,339,50,False,67.885,70.71428571428571,74.12785714285714
401601852,"January 20, 2024",Evansville Purple Aces,339,48,False,77.955,68.125,73.3475
401601858,"January 23, 2024",Evansville Purple Aces,339,63,False,65.88499999999999,65.88888888888889,73.85944444444445
401601923,"March 03, 2024",Evansville Purple Aces,339,66,False,74.305,67.64285714285714,71.2375
401625661,"March 07, 2024",Evansville Purple Aces,339,59,True,59.63,67.53333333333333,71.44200000000001
401625666,"March 08, 2024",Evansville Purple Aces,339,58,True,70.42,67.0,70.70375
401587214,"November 15, 2023",Evansville Purple Aces,339,76,False,74.42,0.0,0.0
401587216,"November 24, 2023",Evansville Purple Aces,339,85,False,79.885,76.0,74.42
401601813,"November 29, 2023",Evansville Purple Aces,339,78,False,79.49,80.5,77.1525
401583735,"November 14, 2023",Evergreen State Geoducks,nd-evergreen-state-geoducks,42,False,78.025,0.0,0.0
401589363,"December 06, 2023",FDU Florham Devils,nd-fdu-florham-devils,57,False,67.49,0.0,0.0
401594290,"December 03, 2023",Fairfield Stags,2217,88,False,73.12,65.66666666666667,74.13333333333334
401576161,"December 06, 2023",Fairfield Stags,2217,75,False,71.63,71.25,73.88
401576162,"December 09, 2023",Fairfield Stags,2217,67,False,69.77000000000001,72.0,73.42999999999999
401576164,"December 21, 2023",Fairfield Stags,2217,92,False,75.815,71.16666666666667,72.82000000000001
401594297,"February 02, 2024",Fairfield Stags,2217,82,False,71.025,77.63636363636364,72.19636363636364
401594300,"February 10, 2024",Fairfield Stags,2217,64,False,66.88499999999999,78.0,72.09875000000001
401594303,"February 23, 2024",Fairfield Stags,2217,85,False,75.21,76.92307692307692,71.69769230769231
401594291,"January 05, 2024",Fairfield Stags,2217,93,False,70.165,74.14285714285714,73.24785714285714
401594293,"January 12, 2024",Fairfield Stags,2217,72,False,70.7,76.5,72.8625
401594260,"January 15, 2024",Fairfield Stags,2217,88,False,71.745,76.0,72.62222222222222
401594295,"January 21, 2024",Fairfield Stags,2217,82,False,68.815,77.2,72.53450000000001
401594305,"March 01, 2024",Fairfield Stags,2217,55,False,65.955,77.5,71.94857142857143
401594306,"March 09, 2024",Fairfield Stags,2217,96,False,77.88499999999999,76.0,71.549
401576156,"November 06, 2023",Fairfield Stags,2217,70,False,76.025,0.0,0.0
401576157,"November 09, 2023",Fairfield Stags,2217,80,False,79.235,70.0,76.025
401576159,"November 17, 2023",Fairfield Stags,2217,47,False,67.14,75.0,77.63
401587229,"December 02, 2023",Fairleigh Dickinson Knights,161,71,False,73.095,73.8,79.85900000000001
401587230,"December 08, 2023",Fairleigh Dickinson Knights,161,76,False,74.095,73.33333333333333,78.73166666666667
401584517,"December 29, 2023",Fairleigh Dickinson Knights,161,71,False,73.91,73.71428571428571,78.06928571428571
401589510,"February 10, 2024",Fairleigh Dickinson Knights,161,62,False,79.98,72.72727272727273,76.09136363636364
401589499,"February 15, 2024",Fairleigh Dickinson Knights,161,84,False,84.235,71.83333333333333,76.41541666666667
401589489,"February 22, 2024",Fairleigh Dickinson Knights,161,91,False,85.58500000000001,72.76923076923077,77.01692307692308
401589508,"February 24, 2024",Fairleigh Dickinson Knights,161,68,False,70.095,74.07142857142857,77.62892857142857
401589512,"January 04, 2024",Fairleigh Dickinson Knights,161,56,False,70.025,73.375,77.549375
401589389,"January 15, 2024",Fairleigh Dickinson Knights,161,81,False,72.165,71.44444444444444,76.71333333333334
401589453,"January 19, 2024",Fairleigh Dickinson Knights,161,76,False,74.42,72.4,76.2585
401589481,"March 02, 2024",Fairleigh Dickinson Knights,161,57,False,63.35,73.66666666666667,77.12666666666668
401625628,"March 06, 2024",Fairleigh Dickinson Knights,161,61,False,72.7,72.625,76.265625
401587223,"November 06, 2023",Fairleigh Dickinson Knights,161,92,False,79.7,0.0,0.0
401587127,"November 11, 2023",Fairleigh Dickinson Knights,161,55,False,80.305,92.0,79.7
401583716,"November 22, 2023",Fairleigh Dickinson Knights,161,84,False,79.375,73.5,80.0025
401587228,"November 26, 2023",Fairleigh Dickinson Knights,161,86,False,76.12,77.0,79.79333333333334
401586892,"November 30, 2023",Fairleigh Dickinson Knights,161,52,False,83.795,79.25,78.875
401583786,"December 09, 2023",Felician Golden Falcons,nd-felician-golden-falcons,85,False,76.675,67.0,76.025
401598923,"November 16, 2023",Felician Golden Falcons,nd-felician-golden-falcons,67,False,76.025,0.0,0.0
401583607,"November 06, 2023",Ferrum Panthers,nd-ferrum-panthers,61,False,73.21000000000001,0.0,0.0
401582023,"December 05, 2023",Fisher College Eagles,nd-fisher-college-eagles,69,False,89.955,79.0,91.445
401604273,"November 08, 2023",Fisher College Eagles,nd-fisher-college-eagles,79,False,91.445,0.0,0.0
401594461,"November 06, 2023",Fisk Bulldogs,nd-fisk-bulldogs,61,False,72.955,0.0,0.0
401576633,"November 08, 2023",Fisk Bulldogs,nd-fisk-bulldogs,0,False,,61.0,72.955
401597879,"November 14, 2023",Fisk Bulldogs,nd-fisk-bulldogs,52,False,65.42,30.5,72.955
401598899,"December 06, 2023",Florida A&M Rattlers,50,65,False,71.305,58.666666666666664,72.76166666666667
401598901,"December 16, 2023",Florida A&M Rattlers,50,52,False,80.7,60.25,72.39750000000001
401575449,"December 17, 2023",Florida A&M Rattlers,50,58,False,71.84,58.6,74.058
401575468,"December 21, 2023",Florida A&M Rattlers,50,56,False,69.88499999999999,58.5,73.68833333333333
401592853,"December 30, 2023",Florida A&M Rattlers,50,62,False,71.98,58.142857142857146,73.145
401598907,"February 03, 2024",Florida A&M Rattlers,50,61,False,73.19,66.63636363636364,73.97500000000001
401598908,"February 05, 2024",Florida A&M Rattlers,50,53,False,70.63,66.16666666666667,73.90958333333333
401583830,"February 17, 2024",Florida A&M Rattlers,50,55,False,72.42,65.15384615384616,73.65730769230768
401598910,"February 19, 2024",Florida A&M Rattlers,50,68,False,69.235,64.42857142857143,73.56892857142857
401574627,"January 06, 2024",Florida A&M Rattlers,50,86,False,80.235,58.625,72.999375
401598904,"January 20, 2024",Florida A&M Rattlers,50,97,False,77.655,61.666666666666664,73.80333333333334
401598905,"January 22, 2024",Florida A&M Rattlers,50,81,False,71.84,65.2,74.1885
401598913,"March 02, 2024",Florida A&M Rattlers,50,68,False,68.095,64.66666666666667,73.28
401598914,"March 04, 2024",Florida A&M Rattlers,50,44,False,70.7,64.875,72.9559375
401577591,"November 07, 2023",Florida A&M Rattlers,50,54,False,68.815,0.0,0.0
401574831,"November 09, 2023",Florida A&M Rattlers,50,54,False,77.26,54.0,68.815
401575750,"November 14, 2023",Florida A&M Rattlers,50,68,False,72.21,54.0,73.0375
401580310,"December 05, 2023",Florida Atlantic Owls,2226,89,True,76.7,83.33333333333333,72.18833333333333
401575423,"December 16, 2023",Florida Atlantic Owls,2226,64,True,69.88499999999999,84.75,73.31625
401600258,"December 23, 2023",Florida Atlantic Owls,2226,96,True,87.91,80.6,72.63
401601144,"December 30, 2023",Florida Atlantic Owls,2226,68,False,65.28,83.16666666666667,75.17666666666666
401602124,"February 08, 2024",Florida Atlantic Owls,2226,73,False,73.095,81.9090909090909,73.0
401602131,"February 11, 2024",Florida Atlantic Owls,2226,95,False,79.56,81.16666666666667,73.00791666666667
401602142,"February 18, 2024",Florida Atlantic Owls,2226,86,False,71.19,82.23076923076923,73.51192307692307
401602153,"February 25, 2024",Florida Atlantic Owls,2226,74,False,71.49,82.5,73.34607142857143
401602062,"January 06, 2024",Florida Atlantic Owls,2226,68,False,63.7,81.0,73.76285714285713
401602072,"January 11, 2024",Florida Atlantic Owls,2226,85,False,72.56,79.375,72.505
401602093,"January 21, 2024",Florida Atlantic Owls,2226,112,False,83.515,80.0,72.51111111111112
401602096,"January 24, 2024",Florida Atlantic Owls,2226,69,False,66.885,83.2,73.6115
401602171,"March 06, 2024",Florida Atlantic Owls,2226,80,False,69.7,81.93333333333334,73.22233333333334
401597840,"November 08, 2023",Florida Atlantic Owls,2226,75,True,71.235,0.0,0.0
401581165,"November 23, 2023",Florida Atlantic Owls,2226,91,True,72.445,75.0,71.235
401581569,"November 26, 2023",Florida Atlantic Owls,2226,84,True,72.88499999999999,83.0,71.84
401575755,"December 19, 2023",Florida Gators,57,106,True,95.515,78.5,79.0025
401597168,"February 03, 2024",Florida Gators,57,66,False,66.84,83.85714285714286,78.44785714285715
401597191,"February 17, 2024",Florida Gators,57,88,False,73.91,81.625,76.996875
401597197,"February 21, 2024",Florida Gators,57,93,False,81.7,82.33333333333333,76.65388888888889
401597120,"January 10, 2024",Florida Gators,57,85,False,75.91,87.66666666666667,84.50666666666667
401597132,"January 16, 2024",Florida Gators,57,66,False,73.375,87.0,82.3575
401597141,"January 20, 2024",Florida Gators,57,79,False,65.235,82.8,80.561
401597160,"January 31, 2024",Florida Gators,57,94,False,81.095,82.16666666666667,78.00666666666667
401597219,"March 02, 2024",Florida Gators,57,76,False,70.58500000000001,83.4,77.1585
401597234,"March 09, 2024",Florida Gators,57,78,False,75.49,82.72727272727273,76.56090909090909
401625456,"March 15, 2024",Florida Gators,57,102,True,80.26,82.33333333333333,76.47166666666666
401625459,"March 17, 2024",Florida Gators,57,67,True,77.375,83.84615384615384,76.76307692307692
401581800,"November 22, 2023",Florida Gators,57,86,True,79.84,0.0,0.0
401574554,"November 29, 2023",Florida Gators,57,71,False,78.165,86.0,79.84
401593872,"December 03, 2023",Florida Gulf Coast Eagles,526,62,False,69.955,68.33333333333333,68.575
401600443,"December 09, 2023",Florida Gulf Coast Eagles,526,57,False,64.025,66.75,68.92
401597992,"December 16, 2023",Florida Gulf Coast Eagles,526,65,False,61.025000000000006,64.8,67.941
401594622,"December 19, 2023",Florida Gulf Coast Eagles,526,53,False,63.885,64.83333333333333,66.78833333333334
401574429,"February 01, 2024",Florida Gulf Coast Eagles,526,82,False,67.21,65.77777777777777,68.20055555555557
401587123,"February 03, 2024",Florida Gulf Coast Eagles,526,69,False,65.025,67.4,68.1015
401574445,"February 07, 2024",Florida Gulf Coast Eagles,526,82,False,66.63,67.54545454545455,67.82181818181817
401593877,"February 17, 2024",Florida Gulf Coast Eagles,526,60,False,62.21,68.75,67.7225
401574532,"February 28, 2024",Florida Gulf Coast Eagles,526,79,False,64.605,68.07692307692308,67.29846153846154
401574536,"January 10, 2024",Florida Gulf Coast Eagles,526,75,False,75.56,63.142857142857146,66.37357142857142
401574512,"January 12, 2024",Florida Gulf Coast Eagles,526,75,False,73.63,64.625,67.521875
401593889,"March 01, 2024",Florida Gulf Coast Eagles,526,59,False,59.815,68.85714285714286,67.10607142857143
401577612,"November 07, 2023",Florida Gulf Coast Eagles,526,63,False,65.21,0.0,0.0
401577553,"November 13, 2023",Florida Gulf Coast Eagles,526,74,False,70.095,63.0,65.21
401593871,"November 29, 2023",Florida Gulf Coast Eagles,526,68,False,70.42,68.5,67.6525
401608783,"December 13, 2023",Florida International Panthers,2229,60,False,72.675,74.0,75.83375000000001
401591579,"December 30, 2023",Florida International Panthers,2229,92,False,90.26,71.2,75.202
401573626,"February 15, 2024",Florida International Panthers,2229,56,False,69.815,73.2,74.8695
401573630,"February 17, 2024",Florida International Panthers,2229,68,False,68.235,71.63636363636364,74.41
401573584,"January 06, 2024",Florida International Panthers,2229,63,False,68.16499999999999,74.66666666666667,77.71166666666666
401573593,"January 18, 2024",Florida International Panthers,2229,69,False,62.955,73.0,76.34785714285714
401573603,"January 25, 2024",Florida International Panthers,2229,91,False,85.025,72.5,74.67375
401573607,"January 27, 2024",Florida International Panthers,2229,61,False,66.28,74.55555555555556,75.82388888888889
401573646,"March 07, 2024",Florida International Panthers,2229,76,False,81.445,71.33333333333333,73.89541666666666
401573648,"March 09, 2024",Florida International Panthers,2229,70,False,70.42,71.6923076923077,74.47615384615385
401625484,"March 12, 2024",Florida International Panthers,2229,76,True,67.28,71.57142857142857,74.18642857142856
401625485,"March 13, 2024",Florida International Panthers,2229,59,True,68.445,71.86666666666666,73.72600000000001
401575460,"November 06, 2023",Florida International Panthers,2229,62,False,79.12,0.0,0.0
401588937,"November 13, 2023",Florida International Panthers,2229,80,False,69.28,62.0,79.12
401608782,"November 15, 2023",Florida International Panthers,2229,83,False,76.63,71.0,74.2
401581536,"November 19, 2023",Florida International Panthers,2229,71,True,78.305,75.0,75.01
401593873,"December 22, 2023",Florida Memorial,nd-florida-memorial,75,False,73.095,0.0,0.0
401604092,"December 02, 2023",Florida State Seminoles,52,70,False,74.28,76.0,76.32833333333333
401604164,"February 03, 2024",Florida State Seminoles,52,92,False,88.075,76.28571428571429,74.68357142857143
401604170,"February 06, 2024",Florida State Seminoles,52,63,False,67.21000000000001,78.25,76.3575
401604185,"February 13, 2024",Florida State Seminoles,52,75,False,69.12,76.55555555555556,75.34111111111112
401604206,"February 24, 2024",Florida State Seminoles,52,63,False,71.05,76.4,74.71900000000001
401604124,"January 13, 2024",Florida State Seminoles,52,67,False,68.025,74.5,75.81625
401604131,"January 17, 2024",Florida State Seminoles,52,84,False,74.84,73.0,74.25800000000001
401604142,"January 23, 2024",Florida State Seminoles,52,85,False,76.655,74.83333333333333,74.355
401604221,"March 02, 2024",Florida State Seminoles,52,76,False,78.095,75.18181818181819,74.38545454545455
401604227,"March 05, 2024",Florida State Seminoles,52,73,False,69.58500000000001,75.25,74.69458333333334
401625403,"March 13, 2024",Florida State Seminoles,52,86,True,73.84,75.07692307692308,74.30153846153847
401625407,"March 14, 2024",Florida State Seminoles,52,67,True,71.7,75.85714285714286,74.26857142857143
401575751,"November 17, 2023",Florida State Seminoles,52,68,False,75.58500000000001,0.0,0.0
401586906,"November 20, 2023",Florida State Seminoles,52,83,True,71.63,68.0,75.58500000000001
401603138,"November 21, 2023",Florida State Seminoles,52,77,True,81.77,75.5,73.6075
401586895,"December 16, 2023",Fordham Rams,2230,55,False,81.165,58.5,73.97999999999999
401596876,"February 03, 2024",Fordham Rams,2230,67,False,68.955,71.57142857142857,77.57785714285714
401596906,"February 17, 2024",Fordham Rams,2230,70,False,65.025,71.0,76.5
401596910,"February 20, 2024",Fordham Rams,2230,53,False,64.91,70.88888888888889,75.225
401596820,"January 03, 2024",Fordham Rams,2230,119,False,97.05,57.333333333333336,76.375
401596835,"January 13, 2024",Fordham Rams,2230,80,False,73.77,72.75,81.54375
401596860,"January 24, 2024",Fordham Rams,2230,71,False,73.05,74.2,79.989
401596862,"January 27, 2024",Fordham Rams,2230,59,False,70.05,73.66666666666667,78.8325
401596930,"March 02, 2024",Fordham Rams,2230,69,False,71.165,69.1,74.1935
401596941,"March 06, 2024",Fordham Rams,2230,64,False,65.165,69.0909090909091,73.91818181818182
401625546,"March 13, 2024",Fordham Rams,2230,62,True,63.63,68.66666666666667,73.18875
401582123,"November 19, 2023",Fordham Rams,2230,45,True,67.235,0.0,0.0
401582128,"November 20, 2023",Fordham Rams,2230,72,True,80.725,45.0,67.235
401591565,"November 06, 2023",Fort Lauderdale Eagles,nd-fort-lauderdale-eagles,47,False,77.84,0.0,0.0
401597436,"December 28, 2023",Fort Valley State Wildcats,nd-fort-valley-state-wildcats,57,False,73.28,0.0,0.0
401592101,"November 13, 2023",Framingham State Rams,nd-framingham-state-rams,42,False,79.63,0.0,0.0
401589380,"November 22, 2023",Franciscan University Barons,nd-franciscan-university-barons,54,False,77.91,0.0,0.0
401602693,"November 29, 2023",Fredonia State Blue Devils,nd-fredonia-state-blue-devils,54,False,80.7,0.0,0.0
401590841,"December 30, 2023",Fresno Pacific Sunbirds,nd-fresno-pacific-sunbirds,59,False,67.35,66.0,69.28
401598565,"November 06, 2023",Fresno Pacific Sunbirds,nd-fresno-pacific-sunbirds,66,False,69.28,0.0,0.0
401593953,"December 01, 2023",Fresno State Bulldogs,278,56,True,69.815,75.0,73.5725
401598047,"December 22, 2023",Fresno State Bulldogs,278,57,False,68.235,68.66666666666667,72.32000000000001
401598570,"December 29, 2023",Fresno State Bulldogs,278,71,False,72.56,65.75,71.29875
401600812,"February 06, 2024",Fresno State Bulldogs,278,69,False,69.84,64.33333333333333,70.52388888888889
401594453,"February 10, 2024",Fresno State Bulldogs,278,68,False,65.35,64.8,70.4555
401600813,"February 17, 2024",Fresno State Bulldogs,278,66,False,64.98,65.0909090909091,69.99136363636363
401597935,"January 03, 2024",Fresno State Bulldogs,278,47,False,67.42,66.8,71.551
401600808,"January 13, 2024",Fresno State Bulldogs,278,67,False,64.35,63.5,70.8625
401600796,"January 20, 2024",Fresno State Bulldogs,278,62,False,71.815,64.0,69.93214285714285
401597308,"January 30, 2024",Fresno State Bulldogs,278,69,False,73.375,63.75,70.1675
401600814,"March 01, 2024",Fresno State Bulldogs,278,66,False,63.955,65.16666666666667,69.57375
401600815,"March 06, 2024",Fresno State Bulldogs,278,58,False,71.7,65.23076923076923,69.14153846153846
401625522,"March 13, 2024",Fresno State Bulldogs,278,77,True,71.305,64.71428571428571,69.32428571428571
401625525,"March 14, 2024",Fresno State Bulldogs,278,75,True,76.49,65.53333333333333,69.45633333333333
401597921,"November 11, 2023",Fresno State Bulldogs,278,69,False,70.56,0.0,0.0
401598567,"November 21, 2023",Fresno State Bulldogs,278,81,True,76.58500000000001,69.0,70.56
401577584,"November 12, 2023",Friends University Falcons,nd-friends-university-falcons,65,False,72.745,0.0,0.0
401587169,"December 02, 2023",Furman Paladins,231,69,False,74.375,80.0,73.375
401594527,"December 04, 2023",Furman Paladins,231,83,False,77.235,76.33333333333333,73.70833333333333
401599589,"December 14, 2023",Furman Paladins,231,110,False,101.54,78.0,74.59
401587940,"February 07, 2024",Furman Paladins,231,69,False,72.305,79.7,76.712
401587946,"February 10, 2024",Furman Paladins,231,65,False,63.77,78.72727272727273,76.31136363636364
401587959,"February 21, 2024",Furman Paladins,231,72,False,71.7,77.58333333333333,75.26625
401587972,"February 28, 2024",Furman Paladins,231,77,False,69.305,77.15384615384616,74.99192307692307
401587892,"January 03, 2024",Furman Paladins,231,68,False,69.305,84.4,79.97999999999999
401587895,"January 06, 2024",Furman Paladins,231,58,False,75.885,81.66666666666667,78.20083333333334
401587912,"January 17, 2024",Furman Paladins,231,100,False,77.025,78.28571428571429,77.87
401587927,"January 27, 2024",Furman Paladins,231,67,False,68.445,81.0,77.764375
401587931,"January 31, 2024",Furman Paladins,231,82,False,76.56,79.44444444444444,76.72888888888889
401625583,"March 09, 2024",Furman Paladins,231,79,True,71.885,77.14285714285714,74.58571428571429
401625586,"March 10, 2024",Furman Paladins,231,77,True,77.12,77.26666666666667,74.40566666666668
401581145,"November 16, 2023",Furman Paladins,231,74,True,75.445,0.0,0.0
401597873,"November 25, 2023",Furman Paladins,231,86,False,71.305,74.0,75.445
401597910,"December 11, 2023",Gallaudet Bison,nd-gallaudet-bison,61,False,65.49000000000001,0.0,0.0
401581833,"December 16, 2023",Gardner-Webb Runnin' Bulldogs,2241,59,True,71.095,65.5,74.235
401594567,"December 19, 2023",Gardner-Webb Runnin' Bulldogs,2241,66,False,68.815,64.2,73.607
401601458,"December 21, 2023",Gardner-Webb Runnin' Bulldogs,2241,90,False,80.935,64.5,72.80833333333334
401576146,"December 30, 2023",Gardner-Webb Runnin' Bulldogs,2241,73,False,74.35,68.14285714285714,73.9692857142857
401601254,"February 07, 2024",Gardner-Webb Runnin' Bulldogs,2241,75,False,72.05,70.54545454545455,72.385
401601261,"February 14, 2024",Gardner-Webb Runnin' Bulldogs,2241,85,False,76.235,70.91666666666667,72.35708333333334
401601266,"February 17, 2024",Gardner-Webb Runnin' Bulldogs,2241,73,False,70.91,72.0,72.65538461538462
401601274,"February 24, 2024",Gardner-Webb Runnin' Bulldogs,2241,78,False,68.49,72.07142857142857,72.5307142857143
401601218,"January 06, 2024",Gardner-Webb Runnin' Bulldogs,2241,76,False,72.375,68.75,74.016875
401601229,"January 17, 2024",Gardner-Webb Runnin' Bulldogs,2241,74,False,65.025,69.55555555555556,73.83444444444444
401601238,"January 24, 2024",Gardner-Webb Runnin' Bulldogs,2241,76,False,66.7,70.0,72.95349999999999
401601282,"March 02, 2024",Gardner-Webb Runnin' Bulldogs,2241,65,False,65.165,72.46666666666667,72.26133333333334
401625520,"March 09, 2024",Gardner-Webb Runnin' Bulldogs,2241,72,True,80.235,72.0,71.8178125
401594525,"November 10, 2023",Gardner-Webb Runnin' Bulldogs,2241,68,False,79.58500000000001,0.0,0.0
401602630,"November 12, 2023",Gardner-Webb Runnin' Bulldogs,2241,62,False,77.025,68.0,79.58500000000001
401581514,"November 18, 2023",Gardner-Webb Runnin' Bulldogs,2241,52,True,63.42,65.0,78.305
401583718,"November 29, 2023",Gardner-Webb Runnin' Bulldogs,2241,80,False,76.91,60.666666666666664,73.34333333333335
401594036,"December 09, 2023",George Fox Bruins,nd-george-fox-bruins,77,False,78.165,0.0,0.0
401577693,"December 02, 2023",George Mason Patriots,2244,86,False,69.63,0.0,0.0
401575520,"December 05, 2023",George Mason Patriots,2244,66,False,73.77,86.0,69.63
401589062,"December 22, 2023",George Mason Patriots,2244,69,False,70.235,76.0,71.69999999999999
401596879,"February 03, 2024",George Mason Patriots,2244,65,False,65.84,71.85714285714286,69.41071428571429
401596890,"February 10, 2024",George Mason Patriots,2244,57,False,60.63,71.0,68.964375
401596918,"February 24, 2024",George Mason Patriots,2244,59,False,68.84,69.44444444444444,68.03833333333334
401596924,"February 27, 2024",George Mason Patriots,2244,60,False,61.49,68.4,68.11850000000001
401596819,"January 03, 2024",George Mason Patriots,2244,77,False,66.025,73.66666666666667,71.21166666666666
401596837,"January 13, 2024",George Mason Patriots,2244,70,False,64.49000000000001,74.5,69.91499999999999
401596841,"January 15, 2024",George Mason Patriots,2244,62,False,73.84,73.6,68.83
401596871,"January 31, 2024",George Mason Patriots,2244,73,False,67.885,71.66666666666667,69.665
401596940,"March 06, 2024",George Mason Patriots,2244,69,False,62.56,67.63636363636364,67.51590909090909
401581076,"December 01, 2023",George Washington Revolutionaries,45,67,False,63.28,86.33333333333333,83.98666666666666
401596896,"February 13, 2024",George Washington Revolutionaries,45,67,False,68.35,76.5,75.26375
401596911,"February 21, 2024",George Washington Revolutionaries,45,75,False,65.955,75.44444444444444,74.49555555555555
401596916,"February 24, 2024",George Washington Revolutionaries,45,91,False,74.305,75.4,73.6415
401596824,"January 06, 2024",George Washington Revolutionaries,45,84,False,71.91,81.5,78.81
401596852,"January 20, 2024",George Washington Revolutionaries,45,67,False,72.7,82.0,77.42999999999999
401596858,"January 24, 2024",George Washington Revolutionaries,45,74,False,72.7,79.5,76.64166666666667
401596870,"January 30, 2024",George Washington Revolutionaries,45,61,False,69.56,78.71428571428571,76.07857142857142
401596935,"March 02, 2024",George Washington Revolutionaries,45,66,False,60.885000000000005,76.81818181818181,73.70181818181818
401596949,"March 09, 2024",George Washington Revolutionaries,45,65,False,65.88499999999999,75.91666666666667,72.63375
401625543,"March 12, 2024",George Washington Revolutionaries,45,60,True,63.84,75.07692307692308,72.11461538461539
401581075,"November 24, 2023",George Washington Revolutionaries,45,99,True,98.375,0.0,0.0
401603085,"November 25, 2023",George Washington Revolutionaries,45,79,True,78.235,99.0,98.375
401603089,"November 26, 2023",George Washington Revolutionaries,45,81,True,75.35,89.0,88.305
401575488,"December 16, 2023",Georgetown Hoyas,46,72,False,71.955,60.0,69.84
401599438,"December 19, 2023",Georgetown Hoyas,46,64,False,67.35,66.0,70.89750000000001
401599443,"December 22, 2023",Georgetown Hoyas,46,51,False,75.165,65.33333333333333,69.71499999999999
401599521,"February 07, 2024",Georgetown Hoyas,46,70,False,68.42,68.71428571428571,71.22857142857143
401599529,"February 13, 2024",Georgetown Hoyas,46,72,False,67.955,68.875,70.8775
401599543,"February 24, 2024",Georgetown Hoyas,46,77,False,70.7,69.22222222222223,70.55277777777778
401599548,"February 27, 2024",Georgetown Hoyas,46,47,False,59.56,70.0,70.5675
401599488,"January 14, 2024",Georgetown Hoyas,46,67,False,63.33,61.75,71.0775
401599494,"January 19, 2024",Georgetown Hoyas,46,91,False,76.515,62.8,69.52799999999999
401599507,"January 27, 2024",Georgetown Hoyas,46,76,False,74.445,67.5,70.6925
401599563,"March 09, 2024",Georgetown Hoyas,46,78,False,73.12,67.9090909090909,69.56681818181818
401625557,"March 13, 2024",Georgetown Hoyas,46,56,True,63.165000000000006,68.75,69.86291666666666
401574575,"November 15, 2023",Georgetown Hoyas,46,60,False,69.84,0.0,0.0
401597173,"February 07, 2024",Georgia Bulldogs,61,62,False,69.165,78.57142857142857,75.40785714285714
401597177,"February 10, 2024",Georgia Bulldogs,61,75,False,72.305,76.5,74.6275
401597199,"February 21, 2024",Georgia Bulldogs,61,76,False,63.955,76.33333333333333,74.36944444444445
401597208,"February 27, 2024",Georgia Bulldogs,61,66,False,69.165,76.3,73.328
401597114,"January 06, 2024",Georgia Bulldogs,61,75,False,66.235,69.0,75.43666666666667
401597133,"January 16, 2024",Georgia Bulldogs,61,74,False,68.12,70.5,73.13625
401597142,"January 20, 2024",Georgia Bulldogs,61,96,False,82.095,71.2,72.13300000000001
401597154,"January 27, 2024",Georgia Bulldogs,61,98,False,85.095,75.33333333333333,73.79333333333334
401597229,"March 09, 2024",Georgia Bulldogs,61,78,False,77.05,75.36363636363636,72.94954545454546
401625452,"March 14, 2024",Georgia Bulldogs,61,80,True,80.935,75.58333333333333,73.29125
401581587,"November 06, 2023",Georgia Bulldogs,61,71,True,82.515,0.0,0.0
401581515,"November 17, 2023",Georgia Bulldogs,61,68,True,74.165,71.0,82.515
401574557,"November 29, 2023",Georgia Bulldogs,61,68,False,69.63,69.5,78.34
401584344,"December 09, 2023",Georgia Southern Eagles,290,56,False,70.88499999999999,64.16666666666667,70.94083333333333
401575522,"December 12, 2023",Georgia Southern Eagles,290,56,False,72.42,63.0,70.93285714285715
401581650,"February 07, 2024",Georgia Southern Eagles,290,65,False,69.7,67.28571428571429,71.33464285714285
401581638,"February 15, 2024",Georgia Southern Eagles,290,75,False,74.165,67.13333333333334,71.22566666666667
401581651,"February 17, 2024",Georgia Southern Eagles,290,80,False,69.165,67.625,71.409375
401581612,"January 04, 2024",Georgia Southern Eagles,290,83,False,70.91,62.125,71.11874999999999
401581644,"January 06, 2024",Georgia Southern Eagles,290,76,False,63.49,64.44444444444444,71.09555555555556
401581645,"January 10, 2024",Georgia Southern Eagles,290,74,False,68.42,65.6,70.33500000000001
401581646,"January 13, 2024",Georgia Southern Eagles,290,62,False,75.42,66.36363636363636,70.16090909090909
401581500,"January 25, 2024",Georgia Southern Eagles,290,74,False,74.26,66.0,70.59916666666666
401581648,"January 27, 2024",Georgia Southern Eagles,290,76,False,77.235,66.61538461538461,70.88076923076923
401625591,"March 07, 2024",Georgia Southern Eagles,290,76,True,77.58500000000001,68.3529411764706,71.27735294117646
401625595,"March 09, 2024",Georgia Southern Eagles,290,80,True,77.025,68.77777777777777,71.62777777777778
401594618,"November 06, 2023",Georgia Southern Eagles,290,62,False,72.445,0.0,0.0
401574587,"November 11, 2023",Georgia Southern Eagles,290,60,False,68.63,62.0,72.445
401594619,"November 14, 2023",Georgia Southern Eagles,290,68,False,70.375,61.0,70.5375
401583611,"November 20, 2023",Georgia Southern Eagles,290,64,False,68.7,63.333333333333336,70.48333333333333
401594130,"November 21, 2023",Georgia Southern Eagles,290,76,True,70.445,63.5,70.0375
401592392,"November 28, 2023",Georgia Southern Eagles,290,55,False,75.05,66.0,70.119
401593914,"December 02, 2023",Georgia State Panthers,2247,77,False,74.63,78.5,75.09
401597991,"December 09, 2023",Georgia State Panthers,2247,60,False,61.815,78.2,74.998
401593956,"December 16, 2023",Georgia State Panthers,2247,54,False,68.28,75.16666666666667,72.80083333333333
401581661,"February 07, 2024",Georgia State Panthers,2247,78,False,72.58500000000001,73.61538461538461,73.22576923076923
401581662,"February 15, 2024",Georgia State Panthers,2247,63,False,68.42,73.92857142857143,73.17999999999999
401581663,"February 17, 2024",Georgia State Panthers,2247,68,False,65.165,73.2,72.86266666666667
401581656,"January 04, 2024",Georgia State Panthers,2247,73,False,80.235,72.14285714285714,72.155
401581657,"January 06, 2024",Georgia State Panthers,2247,90,False,73.165,72.25,73.16499999999999
401581498,"January 17, 2024",Georgia State Panthers,2247,68,False,69.28,74.22222222222223,73.165
401581647,"January 20, 2024",Georgia State Panthers,2247,70,False,68.77,73.6,72.7765
401581659,"January 24, 2024",Georgia State Panthers,2247,68,False,72.49,73.27272727272727,72.41227272727272
401581634,"January 27, 2024",Georgia State Panthers,2247,83,False,82.91,72.83333333333333,72.41875
401575758,"November 06, 2023",Georgia State Panthers,2247,87,False,77.49,0.0,0.0
401574588,"November 11, 2023",Georgia State Panthers,2247,77,False,67.655,87.0,77.49
401600083,"November 22, 2023",Georgia State Panthers,2247,93,False,90.865,82.0,72.57249999999999
401601460,"November 25, 2023",Georgia State Panthers,2247,57,False,64.35,85.66666666666667,78.67
401594533,"December 05, 2023",Georgia Tech Yellow Jackets,59,62,False,72.235,54.0,72.84
401608453,"December 16, 2023",Georgia Tech Yellow Jackets,59,82,True,78.165,58.0,72.5375
401581339,"December 21, 2023",Georgia Tech Yellow Jackets,59,73,True,73.235,66.0,74.41333333333334
401581554,"December 22, 2023",Georgia Tech Yellow Jackets,59,73,False,68.375,67.75,74.11875
401604166,"February 03, 2024",Georgia Tech Yellow Jackets,59,76,False,74.445,72.66666666666667,72.33055555555556
401604179,"February 10, 2024",Georgia Tech Yellow Jackets,59,67,False,73.63,73.0,72.542
401604189,"February 14, 2024",Georgia Tech Yellow Jackets,59,55,False,58.77,72.45454545454545,72.64090909090909
401604204,"February 24, 2024",Georgia Tech Yellow Jackets,59,80,False,68.675,71.0,71.485
401604102,"January 03, 2024",Georgia Tech Yellow Jackets,59,71,False,73.91,68.8,72.97
401604121,"January 13, 2024",Georgia Tech Yellow Jackets,59,79,False,70.42,69.16666666666667,73.12666666666667
401604128,"January 16, 2024",Georgia Tech Yellow Jackets,59,93,False,75.7,70.57142857142857,72.74
401604149,"January 27, 2024",Georgia Tech Yellow Jackets,59,67,False,66.095,73.375,73.11
401604230,"March 05, 2024",Georgia Tech Yellow Jackets,59,70,False,67.7,71.6923076923077,71.26884615384616
401604236,"March 09, 2024",Georgia Tech Yellow Jackets,59,57,False,61.955,71.57142857142857,71.01392857142858
401625400,"March 12, 2024",Georgia Tech Yellow Jackets,59,80,True,68.16499999999999,70.6,70.41000000000001
401603537,"November 22, 2023",Georgia Tech Yellow Jackets,59,54,False,72.84,0.0,0.0
401597373,"November 08, 2023",Goldey-Beacom Lightning,nd-goldey-beacom-lightning,68,False,77.095,0.0,0.0
401603832,"December 02, 2023",Gonzaga Bulldogs,2250,89,True,71.095,69.0,67.515
401581779,"December 09, 2023",Gonzaga Bulldogs,2250,73,False,74.7,79.0,69.305
401588942,"February 10, 2024",Gonzaga Bulldogs,2250,89,False,71.98,82.85714285714286,72.125
401589711,"February 15, 2024",Gonzaga Bulldogs,2250,91,False,61.815,83.625,72.106875
401589721,"February 22, 2024",Gonzaga Bulldogs,2250,86,False,66.35,84.44444444444444,70.96333333333332
401589728,"February 29, 2024",Gonzaga Bulldogs,2250,86,False,75.49,84.6,70.502
401589671,"January 11, 2024",Gonzaga Bulldogs,2250,76,False,76.49,77.0,71.10333333333334
401589680,"January 18, 2024",Gonzaga Bulldogs,2250,86,False,67.42,76.75,72.45
401589683,"January 20, 2024",Gonzaga Bulldogs,2250,105,False,77.885,78.6,71.444
401589692,"January 27, 2024",Gonzaga Bulldogs,2250,82,False,69.77,83.0,72.5175
401589731,"March 02, 2024",Gonzaga Bulldogs,2250,70,False,59.815,84.72727272727273,70.95545454545454
401625649,"March 12, 2024",Gonzaga Bulldogs,2250,60,True,63.77,83.5,70.02708333333334
401581600,"November 22, 2023",Gonzaga Bulldogs,2250,69,True,67.515,0.0,0.0
401597843,"December 09, 2023",Goshen Maple Leafs,nd-goshen-maple-leafs,64,False,77.165,40.0,73.84
401588586,"November 07, 2023",Goshen Maple Leafs,nd-goshen-maple-leafs,40,False,73.84,0.0,0.0
401577534,"December 02, 2023",Grambling Tigers,2755,46,False,61.35,55.666666666666664,71.46
401580933,"December 10, 2023",Grambling Tigers,2755,65,False,66.165,53.25,68.9325
401594420,"December 14, 2023",Grambling Tigers,2755,56,False,67.7,55.6,68.37899999999999
401597380,"December 20, 2023",Grambling Tigers,2755,47,False,54.49,55.666666666666664,68.26583333333333
401575756,"December 22, 2023",Grambling Tigers,2755,57,False,68.955,54.42857142857143,66.29785714285715
401583826,"February 03, 2024",Grambling Tigers,2755,70,True,61.955,58.2,66.4835
401602351,"February 05, 2024",Grambling Tigers,2755,78,False,63.165,59.27272727272727,66.07181818181817
401603004,"February 17, 2024",Grambling Tigers,2755,66,False,66.35,60.833333333333336,65.82958333333333
401598032,"February 19, 2024",Grambling Tigers,2755,83,False,71.7,61.23076923076923,65.86961538461539
401604290,"February 24, 2024",Grambling Tigers,2755,63,False,61.49,62.785714285714285,66.28607142857143
401574628,"January 13, 2024",Grambling Tigers,2755,79,False,71.77,54.75,66.63
401598903,"January 15, 2024",Grambling Tigers,2755,65,False,60.025,57.44444444444444,67.20111111111112
401600111,"March 07, 2024",Grambling Tigers,2755,74,False,71.655,62.8,65.96633333333334
401600130,"March 09, 2024",Grambling Tigers,2755,84,False,82.235,63.5,66.321875
401594479,"November 10, 2023",Grambling Tigers,2755,63,False,72.235,0.0,0.0
401575446,"November 19, 2023",Grambling Tigers,2755,37,False,70.445,63.0,72.235
401591569,"November 24, 2023",Grambling Tigers,2755,67,False,71.7,50.0,71.34
401584374,"December 09, 2023",Grand Canyon Lopes,2253,69,False,67.445,79.0,74.795
401622999,"December 27, 2023",Grand Canyon Lopes,2253,124,True,83.745,74.0,71.12
401574097,"February 03, 2024",Grand Canyon Lopes,2253,86,False,77.515,80.25,74.0
401574123,"February 22, 2024",Grand Canyon Lopes,2253,74,False,71.4,80.88888888888889,74.39055555555555
401574128,"February 24, 2024",Grand Canyon Lopes,2253,73,False,71.26,80.2,74.0915
401574054,"January 04, 2024",Grand Canyon Lopes,2253,96,False,73.025,90.66666666666667,75.32833333333333
401574058,"January 06, 2024",Grand Canyon Lopes,2253,75,False,71.235,92.0,74.7525
401574077,"January 20, 2024",Grand Canyon Lopes,2253,79,False,80.19,88.6,74.049
401574083,"January 25, 2024",Grand Canyon Lopes,2253,53,False,62.305,87.0,75.0725
401574088,"January 27, 2024",Grand Canyon Lopes,2253,67,False,79.26,82.14285714285714,73.24857142857142
401574147,"March 09, 2024",Grand Canyon Lopes,2253,68,False,60.025000000000006,79.54545454545455,73.8340909090909
401574043,"November 29, 2023",Grand Canyon Lopes,2253,79,False,74.795,0.0,0.0
401594193,"December 06, 2023",Green Bay Phoenix,2739,69,False,67.86500000000001,59.2,65.992
401577712,"December 12, 2023",Green Bay Phoenix,2739,70,False,67.16499999999999,60.833333333333336,66.30416666666667
401584355,"December 16, 2023",Green Bay Phoenix,2739,47,False,70.98,62.142857142857146,66.42714285714285
401587728,"February 08, 2024",Green Bay Phoenix,2739,81,False,77.725,64.0,65.67807692307693
401587733,"February 10, 2024",Green Bay Phoenix,2739,84,False,69.165,65.21428571428571,66.53857142857143
401587757,"February 28, 2024",Green Bay Phoenix,2739,69,False,65.235,66.46666666666667,66.71366666666667
401587676,"January 04, 2024",Green Bay Phoenix,2739,69,False,61.28,60.25,66.99625
401587680,"January 06, 2024",Green Bay Phoenix,2739,73,False,66.88499999999999,61.22222222222222,66.36111111111111
401587686,"January 10, 2024",Green Bay Phoenix,2739,68,False,58.35,62.4,66.4135
401587698,"January 18, 2024",Green Bay Phoenix,2739,88,False,68.955,62.90909090909091,65.68045454545455
401587701,"January 20, 2024",Green Bay Phoenix,2739,52,False,62.375,65.0,65.95333333333333
401587761,"March 02, 2024",Green Bay Phoenix,2739,69,False,71.84,66.625,66.62125
401575443,"November 06, 2023",Green Bay Phoenix,2739,44,False,63.49,0.0,0.0
401594190,"November 14, 2023",Green Bay Phoenix,2739,59,False,67.885,44.0,63.49
401581172,"November 20, 2023",Green Bay Phoenix,2739,54,False,67.49,51.5,65.6875
401594191,"November 21, 2023",Green Bay Phoenix,2739,68,True,64.28,52.333333333333336,66.28833333333334
401587637,"November 29, 2023",Green Bay Phoenix,2739,71,False,66.815,56.25,65.78625
401602181,"December 22, 2023",Greensboro College Pride,nd-greensboro-college-pride,44,False,61.025000000000006,0.0,0.0
401604422,"December 05, 2023",Gwynedd-Mercy Griffins,nd-gwynedd-mercy-griffins,58,False,80.21,0.0,0.0
401589468,"December 22, 2023",Gwynedd-Mercy Griffins,nd-gwynedd-mercy-griffins,49,False,69.815,58.0,80.21
401591553,"December 01, 2023",Hampton Pirates,2261,0,False,,75.5,77.41
401588607,"December 19, 2023",Hampton Pirates,2261,65,False,73.28,60.4,77.41
401581355,"December 21, 2023",Hampton Pirates,2261,69,False,67.235,61.166666666666664,76.584
401600698,"February 01, 2024",Hampton Pirates,2261,58,False,62.025,64.36363636363636,73.6745
401607613,"February 03, 2024",Hampton Pirates,2261,63,True,73.955,63.833333333333336,72.61545454545454
401600725,"February 15, 2024",Hampton Pirates,2261,73,False,70.235,63.76923076923077,72.72708333333334
401600739,"February 22, 2024",Hampton Pirates,2261,72,False,72.7,64.42857142857143,72.53538461538461
401600745,"February 24, 2024",Hampton Pirates,2261,62,False,69.815,64.93333333333334,72.54714285714286
401600618,"January 01, 2024",Hampton Pirates,2261,65,False,72.84,62.285714285714285,75.02583333333334
401600622,"January 04, 2024",Hampton Pirates,2261,53,False,69.095,62.625,74.71357142857143
401600668,"January 18, 2024",Hampton Pirates,2261,77,False,74.305,61.55555555555556,74.01125
401600677,"January 20, 2024",Hampton Pirates,2261,77,False,70.35,63.1,74.04388888888889
401600758,"March 02, 2024",Hampton Pirates,2261,73,False,71.63,64.75,72.365
401630140,"March 08, 2024",Hampton Pirates,2261,56,True,66.235,65.23529411764706,72.3190625
401630144,"March 09, 2024",Hampton Pirates,2261,50,True,72.165,64.72222222222223,71.96117647058823
401591550,"November 06, 2023",Hampton Pirates,2261,80,False,82.235,0.0,0.0
401591552,"November 13, 2023",Hampton Pirates,2261,68,False,77.98,80.0,82.235
401582122,"November 17, 2023",Hampton Pirates,2261,62,True,73.305,74.0,80.1075
401582126,"November 18, 2023",Hampton Pirates,2261,92,True,76.12,70.0,77.84
401587241,"November 13, 2023",Hannibal-LaGrange Trojans,nd-hannibal-lagrange-trojans,52,False,67.955,0.0,0.0
401594475,"November 30, 2023",Hannibal-LaGrange Trojans,nd-hannibal-lagrange-trojans,40,False,69.095,52.0,67.955
401608792,"December 05, 2023",Hardin-Simmons Cowboys,nd-hardin-simmons-cowboys,56,False,73.88499999999999,0.0,0.0
401604790,"December 06, 2023",Harris-Stowe State Hornets,nd-harris-stowe-state-hornets,45,False,75.63,0.0,0.0
401589300,"December 17, 2023",Hartford Hawks,nd-hartford-hawks,44,False,63.77,0.0,0.0
401581742,"December 02, 2023",Harvard Crimson,108,53,False,74.725,76.6,72.709
401581753,"February 16, 2024",Harvard Crimson,108,62,False,72.165,70.5,72.214375
401581754,"February 17, 2024",Harvard Crimson,108,80,False,71.49,69.55555555555556,72.2088888888889
401581747,"January 06, 2024",Harvard Crimson,108,58,False,69.42,72.66666666666667,73.045
401581748,"January 20, 2024",Harvard Crimson,108,70,False,70.025,70.57142857142857,72.52714285714286
401577678,"March 01, 2024",Harvard Crimson,108,68,False,71.955,70.6,72.137
401581757,"March 02, 2024",Harvard Crimson,108,60,False,69.42,70.36363636363636,72.12045454545455
401581758,"March 05, 2024",Harvard Crimson,108,69,False,69.675,69.5,71.89541666666666
401581737,"November 10, 2023",Harvard Crimson,108,89,False,73.305,0.0,0.0
401581083,"November 17, 2023",Harvard Crimson,108,78,False,80.375,89.0,73.305
401581739,"November 18, 2023",Harvard Crimson,108,64,False,71.815,83.5,76.84
401581740,"November 22, 2023",Harvard Crimson,108,76,False,64.42,77.0,75.165
401577615,"November 26, 2023",Harvard Crimson,108,76,True,73.63,76.75,72.47875
401609478,"November 14, 2023",Hawai'i Hilo Vulcans,nd-hawaii-hilo-vulcans,66,False,71.56,0.0,0.0
401609479,"December 10, 2023",Hawai'i Pacific Sea Warriors,nd-hawaii-pacific-sea-warriors,53,False,67.815,0.0,0.0
401573522,"February 01, 2024",Hawai'i Rainbow Warriors,62,76,False,68.515,68.4,67.1
401573526,"February 03, 2024",Hawai'i Rainbow Warriors,62,68,False,69.305,69.66666666666667,67.33583333333333
401573545,"February 15, 2024",Hawai'i Rainbow Warriors,62,80,False,69.63,69.42857142857143,67.61714285714287
401573547,"February 17, 2024",Hawai'i Rainbow Warriors,62,71,False,65.84,70.75,67.86875
401573562,"February 29, 2024",Hawai'i Rainbow Warriors,62,63,False,66.56,70.77777777777777,67.64333333333333
401573484,"January 04, 2024",Hawai'i Rainbow Warriors,62,78,False,67.58500000000001,66.0,66.025
401573490,"January 06, 2024",Hawai'i Rainbow Warriors,62,66,False,72.63,72.0,66.805
401573504,"January 18, 2024",Hawai'i Rainbow Warriors,62,71,False,62.56,70.0,68.74666666666667
401573509,"January 20, 2024",Hawai'i Rainbow Warriors,62,61,False,66.7,70.25,67.2
401573567,"March 02, 2024",Hawai'i Rainbow Warriors,62,76,False,71.77,70.0,67.535
401625536,"March 15, 2024",Hawai'i Rainbow Warriors,62,65,True,64.955,70.54545454545455,67.92
401607331,"November 30, 2023",Hawai'i Rainbow Warriors,62,66,True,66.025,0.0,0.0
401601456,"November 14, 2023",Heidelberg Student Princes,nd-heidelberg-student-princes,56,False,78.28,0.0,0.0
401574208,"November 10, 2023",Hendrix College Warriors,nd-hendrix-college-warriors,39,False,74.58500000000001,0.0,0.0
401584342,"December 02, 2023",High Point Panthers,2272,86,False,71.375,84.0,71.57666666666667
401594534,"December 16, 2023",High Point Panthers,2272,58,False,66.305,84.5,71.52625
401601255,"February 07, 2024",High Point Panthers,2272,81,False,76.05,80.88888888888889,68.96166666666666
401601257,"February 10, 2024",High Point Panthers,2272,78,False,72.91,80.9,69.6705
401601273,"February 24, 2024",High Point Panthers,2272,74,False,67.63,80.63636363636364,69.965
401601214,"January 03, 2024",High Point Panthers,2272,85,False,63.05,79.2,70.482
401601230,"January 17, 2024",High Point Panthers,2272,86,False,71.05,80.16666666666667,69.24333333333334
401601239,"January 24, 2024",High Point Panthers,2272,78,False,64.42,81.0,69.50142857142858
401601243,"January 27, 2024",High Point Panthers,2272,83,False,69.725,80.625,68.86625000000001
401601283,"March 02, 2024",High Point Panthers,2272,72,False,71.445,80.08333333333333,69.77041666666666
401594579,"November 11, 2023",High Point Panthers,2272,98,False,80.26,0.0,0.0
401583714,"November 14, 2023",High Point Panthers,2272,72,False,68.42,98.0,80.26
401581573,"November 20, 2023",High Point Panthers,2272,82,True,66.05,85.0,74.34
401581760,"December 06, 2023",Hofstra Pride,2275,62,False,62.35,80.66666666666667,75.90166666666666
401600251,"December 09, 2023",Hofstra Pride,2275,68,False,63.49,76.0,72.51375
401576154,"December 12, 2023",Hofstra Pride,2275,68,False,69.49,74.4,70.709
401597300,"December 21, 2023",Hofstra Pride,2275,56,False,63.745,73.33333333333333,70.50583333333333
401587134,"December 30, 2023",Hofstra Pride,2275,79,True,70.745,70.85714285714286,69.53999999999999
401600710,"February 08, 2024",Hofstra Pride,2275,63,False,62.815,72.41666666666667,69.6375
401600716,"February 10, 2024",Hofstra Pride,2275,81,False,66.42,71.6923076923077,69.11269230769231
401600726,"February 15, 2024",Hofstra Pride,2275,77,False,63.7,72.35714285714286,68.92035714285714
401600751,"February 29, 2024",Hofstra Pride,2275,69,False,58.815,72.66666666666667,68.57233333333333
401600656,"January 11, 2024",Hofstra Pride,2275,68,False,66.28,71.875,69.690625
401600662,"January 13, 2024",Hofstra Pride,2275,68,False,69.885,71.44444444444444,69.31166666666667
401600680,"January 22, 2024",Hofstra Pride,2275,80,False,70.84,71.1,69.369
401600690,"January 27, 2024",Hofstra Pride,2275,78,False,71.12,71.9090909090909,69.50272727272727
401600759,"March 02, 2024",Hofstra Pride,2275,76,False,66.235,72.4375,67.9625
401581074,"November 14, 2023",Hofstra Pride,2275,60,False,76.605,0.0,0.0
401581578,"November 21, 2023",Hofstra Pride,2275,85,True,71.095,60.0,76.605
401581577,"November 22, 2023",Hofstra Pride,2275,97,True,80.005,72.5,73.85
401592103,"December 02, 2023",Holy Cross Crusaders,107,67,False,68.165,61.8,64.574
401593810,"December 08, 2023",Holy Cross Crusaders,107,64,False,72.025,62.666666666666664,65.1725
401581744,"December 21, 2023",Holy Cross Crusaders,107,72,False,65.21000000000001,62.857142857142854,66.15142857142857
401594516,"February 03, 2024",Holy Cross Crusaders,107,70,False,68.16499999999999,63.416666666666664,67.32541666666667
401600090,"February 07, 2024",Holy Cross Crusaders,107,59,False,60.885,63.92307692307692,67.39
401598640,"February 14, 2024",Holy Cross Crusaders,107,55,False,71.42,63.57142857142857,66.92535714285715
401598598,"February 25, 2024",Holy Cross Crusaders,107,66,False,68.98,63.0,67.225
401594485,"January 03, 2024",Holy Cross Crusaders,107,58,False,68.63,64.0,66.03375
401600087,"January 06, 2024",Holy Cross Crusaders,107,57,False,65.49000000000001,63.333333333333336,66.32222222222222
401600088,"January 13, 2024",Holy Cross Crusaders,107,69,False,76.025,62.7,66.239
401597388,"January 24, 2024",Holy Cross Crusaders,107,65,False,69.49000000000001,63.27272727272727,67.12863636363637
401597977,"March 02, 2024",Holy Cross Crusaders,107,84,False,70.91,63.1875,67.3346875
401625701,"March 05, 2024",Holy Cross Crusaders,107,84,False,63.49,64.41176470588235,67.545
401625706,"March 07, 2024",Holy Cross Crusaders,107,64,False,65.77000000000001,65.5,67.31972222222223
401594393,"November 06, 2023",Holy Cross Crusaders,107,71,False,66.235,0.0,0.0
401575480,"November 11, 2023",Holy Cross Crusaders,107,68,False,59.165000000000006,71.0,66.235
401597978,"November 17, 2023",Holy Cross Crusaders,107,51,False,66.63,69.5,62.7
401594214,"November 19, 2023",Holy Cross Crusaders,107,74,True,63.56,63.333333333333336,64.01
401587133,"November 25, 2023",Holy Cross Crusaders,107,45,False,67.28,66.0,63.8975
401597383,"November 26, 2023",Hood College Blazers,nd-hood-college-blazers,74,False,71.095,0.0,0.0
401602694,"December 18, 2023",Houghton Highlanders,nd-houghton-highlanders,72,False,81.0,0.0,0.0
401593834,"December 02, 2023",Houston Christian Huskies,2277,56,False,73.84,64.0,80.82333333333334
401583729,"December 09, 2023",Houston Christian Huskies,2277,50,False,72.42,62.0,79.0775
401591584,"December 19, 2023",Houston Christian Huskies,2277,53,False,72.815,59.6,77.74600000000001
401575515,"December 22, 2023",Houston Christian Huskies,2277,52,False,70.16499999999999,58.5,76.92416666666666
401578972,"February 03, 2024",Houston Christian Huskies,2277,73,False,67.305,60.90909090909091,75.21545454545455
401578973,"February 05, 2024",Houston Christian Huskies,2277,58,False,73.35,61.916666666666664,74.55625
401578976,"February 17, 2024",Houston Christian Huskies,2277,78,False,70.165,61.61538461538461,74.46346153846153
401578965,"January 08, 2024",Houston Christian Huskies,2277,59,False,73.77000000000001,57.57142857142857,75.95857142857143
401578966,"January 13, 2024",Houston Christian Huskies,2277,69,False,69.165,57.75,75.685
401578967,"January 15, 2024",Houston Christian Huskies,2277,64,False,77.56,59.0,74.96055555555556
401578970,"January 27, 2024",Houston Christian Huskies,2277,75,False,75.165,59.5,75.2205
401578980,"March 04, 2024",Houston Christian Huskies,2277,69,False,71.56,62.785714285714285,74.15642857142858
401578981,"March 06, 2024",Houston Christian Huskies,2277,68,False,71.165,63.2,73.98333333333333
401593949,"November 06, 2023",Houston Christian Huskies,2277,63,False,82.56,0.0,0.0
401603541,"November 24, 2023",Houston Christian Huskies,2277,65,False,77.63,63.0,82.56
401578014,"November 27, 2023",Houston Christian Huskies,2277,64,False,82.28,64.0,80.095
401574562,"December 01, 2023",Houston Cougars,248,66,False,71.375,70.5,65.375
401603453,"February 03, 2024",Houston Cougars,248,65,False,64.35,68.28571428571429,66.89285714285714
401603465,"February 10, 2024",Houston Cougars,248,67,False,64.49,67.875,66.575
401603489,"February 24, 2024",Houston Cougars,248,82,False,74.77,67.77777777777777,66.34333333333333
401603407,"January 09, 2024",Houston Cougars,248,53,False,64.77000000000001,69.0,67.375
401603415,"January 13, 2024",Houston Cougars,248,67,False,63.955,65.0,66.72375
401603434,"January 23, 2024",Houston Cougars,248,75,False,65.84,65.4,66.17
401603446,"January 29, 2024",Houston Cougars,248,76,False,71.56,67.0,66.115
401603506,"March 02, 2024",Houston Cougars,248,87,False,64.885,69.2,67.186
401603515,"March 06, 2024",Houston Cougars,248,67,False,61.63,70.81818181818181,66.97681818181819
401581343,"November 16, 2023",Houston Cougars,248,65,True,60.375,0.0,0.0
401581548,"November 17, 2023",Houston Cougars,248,76,True,70.375,65.0,60.375
401589364,"December 11, 2023",Howard Bison,47,68,False,66.305,76.4,77.012
401581872,"December 17, 2023",Howard Bison,47,78,True,70.91,75.0,75.2275
401601142,"December 20, 2023",Howard Bison,47,81,False,75.05,75.42857142857143,74.61071428571428
401593776,"December 30, 2023",Howard Bison,47,71,False,67.165,76.125,74.665625
401604429,"February 05, 2024",Howard Bison,47,75,False,74.12,75.07692307692308,72.15846153846154
401607610,"January 06, 2024",Howard Bison,47,54,False,63.165000000000006,75.55555555555556,73.83222222222223
401606728,"January 08, 2024",Howard Bison,47,82,False,66.655,73.4,72.7655
401606720,"January 27, 2024",Howard Bison,47,79,False,74.77,74.18181818181819,72.21000000000001
401589743,"January 29, 2024",Howard Bison,47,81,False,68.98,74.58333333333333,72.42333333333333
401604804,"March 02, 2024",Howard Bison,47,70,False,64.49,75.07142857142857,72.29857142857144
401594417,"March 07, 2024",Howard Bison,47,58,False,69.91,74.73333333333333,71.778
401625570,"March 15, 2024",Howard Bison,47,80,True,67.375,73.6875,71.66125
401604272,"November 09, 2023",Howard Bison,47,85,False,77.98,0.0,0.0
401581836,"November 12, 2023",Howard Bison,47,86,False,80.515,85.0,77.98
401600449,"November 18, 2023",Howard Bison,47,63,False,71.49000000000001,85.5,79.2475
401604274,"November 20, 2023",Howard Bison,47,61,False,71.7,78.0,76.66166666666668
401594344,"November 25, 2023",Howard Bison,47,87,False,83.375,73.75,75.42125
401600132,"December 10, 2023",Howard Payne Yellow Jackets,nd-howard-payne-yellow-jackets,69,False,91.375,0.0,0.0
401587239,"December 07, 2023",IU Indianapolis Jaguars,85,58,False,70.49000000000001,67.25,69.58375000000001
401594216,"December 12, 2023",IU Indianapolis Jaguars,85,65,False,72.675,65.4,69.76500000000001
401587717,"February 01, 2024",IU Indianapolis Jaguars,85,56,False,65.42,65.55555555555556,70.93222222222222
401587722,"February 04, 2024",IU Indianapolis Jaguars,85,67,False,70.63,64.6,70.381
401587737,"February 14, 2024",IU Indianapolis Jaguars,85,66,False,70.49000000000001,64.81818181818181,70.40363636363637
401587741,"February 17, 2024",IU Indianapolis Jaguars,85,59,False,68.165,64.91666666666667,70.41083333333334
401587752,"February 25, 2024",IU Indianapolis Jaguars,85,64,False,71.49,64.46153846153847,70.23807692307693
401587678,"January 04, 2024",IU Indianapolis Jaguars,85,48,False,66.095,65.33333333333333,70.25
401587683,"January 07, 2024",IU Indianapolis Jaguars,85,65,False,75.88499999999999,62.857142857142854,69.65642857142858
401587696,"January 17, 2024",IU Indianapolis Jaguars,85,85,False,74.91,63.125,70.435
401610359,"March 02, 2024",IU Indianapolis Jaguars,85,66,False,66.84,64.42857142857143,70.3275
401625692,"March 05, 2024",IU Indianapolis Jaguars,85,66,False,69.885,64.53333333333333,70.095
401594210,"November 10, 2023",IU Indianapolis Jaguars,85,66,False,68.165,0.0,0.0
401594211,"November 14, 2023",IU Indianapolis Jaguars,85,57,False,71.025,66.0,68.165
401594212,"November 17, 2023",IU Indianapolis Jaguars,85,72,True,64.88499999999999,61.5,69.595
401587638,"November 29, 2023",IU Indianapolis Jaguars,85,74,False,74.26,65.0,68.02499999999999
401593994,"December 05, 2023",Idaho State Bengals,304,67,False,68.025,59.75,65.56
401593995,"December 09, 2023",Idaho State Bengals,304,74,False,70.42,61.2,66.053
401593996,"December 21, 2023",Idaho State Bengals,304,57,False,61.63,63.333333333333336,66.78083333333333
401573425,"February 01, 2024",Idaho State Bengals,304,86,False,81.725,66.33333333333333,66.38000000000001
401573429,"February 03, 2024",Idaho State Bengals,304,81,False,71.515,67.84615384615384,67.5603846153846
401573443,"February 15, 2024",Idaho State Bengals,304,82,False,68.7,68.78571428571429,67.84285714285714
401573448,"February 17, 2024",Idaho State Bengals,304,53,False,64.56,69.66666666666667,67.9
401594599,"January 03, 2024",Idaho State Bengals,304,82,False,77.165,62.42857142857143,66.045
401573394,"January 11, 2024",Idaho State Bengals,304,69,False,64.7,64.875,67.435
401573399,"January 13, 2024",Idaho State Bengals,304,64,False,57.42,65.33333333333333,67.13111111111112
401573412,"January 22, 2024",Idaho State Bengals,304,70,False,67.515,65.2,66.16
401573420,"January 27, 2024",Idaho State Bengals,304,74,False,67.445,65.63636363636364,66.28318181818182
401573468,"March 04, 2024",Idaho State Bengals,304,65,False,64.375,68.625,67.69125
401625610,"March 09, 2024",Idaho State Bengals,304,68,True,65.56,68.41176470588235,67.49617647058824
401625612,"March 10, 2024",Idaho State Bengals,304,83,True,72.955,68.38888888888889,67.38861111111112
401625616,"March 12, 2024",Idaho State Bengals,304,58,True,62.025,69.15789473684211,67.68157894736842
401593990,"November 10, 2023",Idaho State Bengals,304,53,False,60.35,0.0,0.0
401575445,"November 12, 2023",Idaho State Bengals,304,55,False,75.05,53.0,60.35
401593993,"November 21, 2023",Idaho State Bengals,304,69,False,61.025000000000006,54.0,67.7
401576683,"November 28, 2023",Idaho State Bengals,304,62,False,65.815,59.0,65.47500000000001
401583741,"December 09, 2023",Idaho Vandals,70,63,False,61.025,57.0,68.34
401583742,"December 17, 2023",Idaho Vandals,70,64,False,69.745,59.0,65.90166666666667
401583743,"December 21, 2023",Idaho Vandals,70,67,False,68.16499999999999,60.25,66.86250000000001
401573424,"February 01, 2024",Idaho Vandals,70,70,False,65.305,61.714285714285715,66.06857142857143
401573428,"February 03, 2024",Idaho Vandals,70,81,False,69.16499999999999,62.75,65.97312500000001
401573433,"February 05, 2024",Idaho Vandals,70,61,False,56.095,64.77777777777777,66.32777777777778
401573438,"February 10, 2024",Idaho Vandals,70,79,False,67.42,64.4,65.3045
401573453,"February 22, 2024",Idaho Vandals,70,62,False,66.025,65.72727272727273,65.49681818181818
401573457,"February 24, 2024",Idaho Vandals,70,86,False,74.98,65.41666666666667,65.54083333333334
401573404,"January 18, 2024",Idaho Vandals,70,59,False,62.375,61.6,67.123
401573408,"January 20, 2024",Idaho Vandals,70,65,False,64.49000000000001,61.166666666666664,66.33166666666666
401573467,"March 04, 2024",Idaho Vandals,70,57,False,64.49000000000001,67.0,66.26692307692308
401580926,"November 06, 2023",Idaho Vandals,70,59,False,69.375,0.0,0.0
401583737,"November 22, 2023",Idaho Vandals,70,55,False,67.305,59.0,69.375
401600296,"December 02, 2023",Illinois Fighting Illini,356,76,False,71.7,0.0,0.0
401575521,"December 09, 2023",Illinois Fighting Illini,356,79,False,76.98,76.0,71.7
401600377,"February 10, 2024",Illinois Fighting Illini,356,80,False,70.7,83.16666666666667,71.665
401600390,"February 17, 2024",Illinois Fighting Illini,356,85,False,73.26,82.71428571428571,71.52714285714286
401600399,"February 21, 2024",Illinois Fighting Illini,356,89,False,77.445,83.0,71.74375
401600313,"January 05, 2024",Illinois Fighting Illini,356,78,False,71.235,77.5,74.34
401600338,"January 18, 2024",Illinois Fighting Illini,356,88,False,70.42,77.66666666666667,73.305
401600349,"January 24, 2024",Illinois Fighting Illini,356,91,False,73.955,80.25,72.58375000000001
401600358,"January 30, 2024",Illinois Fighting Illini,356,87,False,65.7,82.4,72.858
401600416,"March 02, 2024",Illinois Fighting Illini,356,91,False,70.305,83.66666666666667,72.37722222222222
401600428,"March 10, 2024",Illinois Fighting Illini,356,73,False,75.7,84.4,72.17
401580112,"December 29, 2023",Illinois State Redbirds,2287,70,False,72.63,68.25,71.13625
401601890,"February 10, 2024",Illinois State Redbirds,2287,66,False,59.56,65.8,69.1395
401601894,"February 13, 2024",Illinois State Redbirds,2287,80,False,70.42,65.81818181818181,68.26863636363636
401601911,"February 24, 2024",Illinois State Redbirds,2287,45,False,61.885000000000005,67.0,68.44791666666667
401601822,"January 02, 2024",Illinois State Redbirds,2287,71,False,68.77,68.6,71.435
401601834,"January 10, 2024",Illinois State Redbirds,2287,60,False,74.235,69.0,70.99083333333333
401601853,"January 20, 2024",Illinois State Redbirds,2287,69,False,69.165,67.71428571428571,71.45428571428572
401601865,"January 27, 2024",Illinois State Redbirds,2287,54,False,63.165,67.875,71.168125
401601869,"January 30, 2024",Illinois State Redbirds,2287,61,False,58.885,66.33333333333333,70.27888888888889
401601928,"March 03, 2024",Illinois State Redbirds,2287,72,False,62.675,65.3076923076923,67.94307692307692
401580105,"November 11, 2023",Illinois State Redbirds,2287,71,False,78.795,0.0,0.0
401580107,"November 20, 2023",Illinois State Redbirds,2287,61,True,70.675,71.0,78.795
401581576,"November 21, 2023",Illinois State Redbirds,2287,72,True,67.235,66.0,74.735
401601814,"November 30, 2023",Illinois State Redbirds,2287,69,False,67.84,68.0,72.235
401588587,"November 13, 2023",Illinois Tech Scarlet Hawks,nd-illinois-tech-scarlet-hawks,55,False,83.63,0.0,0.0
401594380,"November 06, 2023",Immaculata Mighty Macs,nd-immaculata-mighty-macs,67,False,91.235,0.0,0.0
401574621,"December 01, 2023",Incarnate Word Cardinals,2916,82,False,87.655,76.75,78.14875
401593835,"December 13, 2023",Incarnate Word Cardinals,2916,57,False,68.49000000000001,77.8,80.05
401577714,"December 21, 2023",Incarnate Word Cardinals,2916,67,False,68.165,74.33333333333333,78.12333333333333
401604807,"December 30, 2023",Incarnate Word Cardinals,2916,74,False,71.515,73.28571428571429,76.70071428571428
401579047,"February 03, 2024",Incarnate Word Cardinals,2916,82,False,75.515,71.18181818181819,74.55272727272728
401579080,"February 05, 2024",Incarnate Word Cardinals,2916,64,False,66.77000000000001,72.08333333333333,74.63291666666667
401578974,"February 10, 2024",Incarnate Word Cardinals,2916,83,False,74.7,71.46153846153847,74.02807692307692
401579025,"February 24, 2024",Incarnate Word Cardinals,2916,71,False,70.91,72.28571428571429,74.07607142857144
401579064,"February 26, 2024",Incarnate Word Cardinals,2916,82,False,73.58500000000001,72.2,73.865
401581794,"January 08, 2024",Incarnate Word Cardinals,2916,59,False,69.63,73.375,76.05250000000001
401579068,"January 13, 2024",Incarnate Word Cardinals,2916,71,False,75.725,71.77777777777777,75.33888888888889
401579085,"January 31, 2024",Incarnate Word Cardinals,2916,66,False,66.305,71.7,75.3775
401600981,"March 06, 2024",Incarnate Word Cardinals,2916,52,False,74.165,72.8125,73.8475
401583724,"November 06, 2023",Incarnate Word Cardinals,2916,56,False,78.305,0.0,0.0
401604805,"November 11, 2023",Incarnate Word Cardinals,2916,71,False,76.725,56.0,78.305
401604756,"November 18, 2023",Incarnate Word Cardinals,2916,100,False,74.515,63.5,77.515
401592096,"November 25, 2023",Incarnate Word Cardinals,2916,80,False,83.05,75.66666666666667,76.515
401600299,"December 05, 2023",Indiana Hoosiers,84,78,False,73.84,74.0,74.515
401600371,"February 06, 2024",Indiana Hoosiers,84,76,False,72.445,70.0,72.16166666666668
401600378,"February 10, 2024",Indiana Hoosiers,84,59,False,70.025,70.85714285714286,72.20214285714285
401600405,"February 24, 2024",Indiana Hoosiers,84,74,False,71.05,69.375,71.93
401600309,"January 03, 2024",Indiana Hoosiers,84,70,False,71.16499999999999,76.0,74.17750000000001
401600320,"January 09, 2024",Indiana Hoosiers,84,57,False,76.025,74.0,73.17333333333333
401600340,"January 19, 2024",Indiana Hoosiers,84,79,False,66.515,69.75,73.88625
401600352,"January 27, 2024",Indiana Hoosiers,84,62,False,70.91,71.6,72.412
401600420,"March 03, 2024",Indiana Hoosiers,84,83,False,72.095,69.88888888888889,71.83222222222223
401600424,"March 06, 2024",Indiana Hoosiers,84,70,False,68.745,71.2,71.8585
401625687,"March 15, 2024",Indiana Hoosiers,84,66,True,76.84,71.0909090909091,71.57545454545455
401601490,"November 20, 2023",Indiana Hoosiers,84,74,True,74.515,0.0,0.0
401601815,"December 02, 2023",Indiana State Sycamores,282,85,False,75.955,86.33333333333333,77.79333333333334
401588602,"December 05, 2023",Indiana State Sycamores,282,90,False,71.955,86.0,77.33375
401588605,"December 16, 2023",Indiana State Sycamores,282,83,True,72.305,86.8,76.258
401594427,"December 30, 2023",Indiana State Sycamores,282,75,False,72.095,86.16666666666667,75.59916666666668
401601888,"February 10, 2024",Indiana State Sycamores,282,73,False,73.235,82.16666666666667,73.54875
401601900,"February 17, 2024",Indiana State Sycamores,282,69,False,71.49,81.46153846153847,73.52461538461537
401601910,"February 21, 2024",Indiana State Sycamores,282,83,False,68.955,80.57142857142857,73.37928571428571
401601919,"February 28, 2024",Indiana State Sycamores,282,85,False,67.56,80.73333333333333,73.08433333333332
401601832,"January 07, 2024",Indiana State Sycamores,282,77,False,71.98,84.57142857142857,75.09857142857143
401601835,"January 10, 2024",Indiana State Sycamores,282,78,False,73.375,83.625,74.70875
401601856,"January 21, 2024",Indiana State Sycamores,282,72,False,68.815,83.0,74.56055555555555
401601862,"January 24, 2024",Indiana State Sycamores,282,89,False,73.49,81.9,73.986
401601871,"January 31, 2024",Indiana State Sycamores,282,78,False,69.235,82.54545454545455,73.94090909090909
401591430,"November 10, 2023",Indiana State Sycamores,282,80,False,75.445,0.0,0.0
401593830,"November 21, 2023",Indiana State Sycamores,282,103,True,81.77,80.0,75.445
401583855,"November 24, 2023",Indiana State Sycamores,282,76,True,76.165,91.5,78.60749999999999
401600254,"February 19, 2024",Indiana University Northwest Indiana-Northwest,nd-indiana-university-northwest-indiana-northwest,70,False,79.515,0.0,0.0
401594289,"December 01, 2023",Iona Gaels,314,78,False,70.49,68.5,71.7925
401581745,"December 30, 2023",Iona Gaels,314,69,False,68.375,71.66666666666667,71.35833333333333
401594316,"February 08, 2024",Iona Gaels,314,74,False,75.445,71.14285714285714,69.94857142857143
401594267,"February 10, 2024",Iona Gaels,314,69,False,74.235,71.5,70.635625
401594319,"February 23, 2024",Iona Gaels,314,75,False,73.025,71.22222222222223,71.03555555555555
401594320,"February 25, 2024",Iona Gaels,314,65,False,69.885,71.6,71.2345
401594310,"January 05, 2024",Iona Gaels,314,57,False,70.49,71.0,70.6125
401594313,"January 21, 2024",Iona Gaels,314,87,False,72.955,68.2,70.588
401594314,"January 26, 2024",Iona Gaels,314,70,False,63.745000000000005,71.33333333333333,70.9825
401594322,"March 03, 2024",Iona Gaels,314,71,False,65.28,71.0,71.11181818181818
401594323,"March 07, 2024",Iona Gaels,314,60,False,61.675,71.0,70.62583333333333
401625622,"March 13, 2024",Iona Gaels,314,63,True,68.28,70.15384615384616,69.93730769230768
401577647,"November 06, 2023",Iona Gaels,314,69,False,73.28,0.0,0.0
401581759,"November 26, 2023",Iona Gaels,314,68,False,70.305,69.0,73.28
401600298,"December 04, 2023",Iowa Hawkeyes,2294,68,False,65.56,84.0,77.84
401575447,"December 07, 2023",Iowa Hawkeyes,2294,65,False,75.91,76.0,71.7
401600376,"February 08, 2024",Iowa Hawkeyes,2294,79,False,71.58500000000001,75.85714285714286,72.88928571428572
401600386,"February 14, 2024",Iowa Hawkeyes,2294,66,False,67.42,76.25,72.72625000000001
401600397,"February 20, 2024",Iowa Hawkeyes,2294,78,False,66.305,75.11111111111111,72.13666666666667
401600404,"February 24, 2024",Iowa Hawkeyes,2294,85,False,75.05,75.4,71.55350000000001
401600306,"January 02, 2024",Iowa Hawkeyes,2294,72,False,76.56,72.33333333333333,73.10333333333334
401600332,"January 15, 2024",Iowa Hawkeyes,2294,86,False,75.56,72.25,73.9675
401600353,"January 27, 2024",Iowa Hawkeyes,2294,88,False,71.63,75.0,74.286
401600359,"January 30, 2024",Iowa Hawkeyes,2294,68,False,67.165,77.16666666666667,73.84333333333333
401600417,"March 02, 2024",Iowa Hawkeyes,2294,87,False,64.955,76.27272727272727,71.87136363636364
401574574,"November 14, 2023",Iowa Hawkeyes,2294,84,False,77.84,0.0,0.0
401574561,"December 01, 2023",Iowa State Cyclones,66,99,False,76.84,65.0,66.4675
401603452,"February 03, 2024",Iowa State Cyclones,66,68,False,65.305,72.83333333333333,69.18083333333334
401603462,"February 06, 2024",Iowa State Cyclones,66,70,False,67.7,72.14285714285714,68.62714285714286
401603474,"February 13, 2024",Iowa State Cyclones,66,68,False,66.28,71.875,68.51125
401603483,"February 19, 2024",Iowa State Cyclones,66,65,False,68.12,71.44444444444444,68.26333333333334
401603402,"January 06, 2024",Iowa State Cyclones,66,63,False,64.56,76.33333333333333,69.925
401603419,"January 16, 2024",Iowa State Cyclones,66,72,False,68.84,73.0,68.58375000000001
401603429,"January 20, 2024",Iowa State Cyclones,66,73,False,71.91,72.8,68.635
401603508,"March 02, 2024",Iowa State Cyclones,66,60,False,67.63,70.8,68.249
401603520,"March 09, 2024",Iowa State Cyclones,66,58,False,69.235,69.81818181818181,68.19272727272727
401625446,"March 16, 2024",Iowa State Cyclones,66,69,True,61.28,68.83333333333333,68.27958333333333
401581335,"November 23, 2023",Iowa State Cyclones,66,68,True,64.63,0.0,0.0
401581566,"November 24, 2023",Iowa State Cyclones,66,62,True,68.305,68.0,64.63
401575439,"December 09, 2023",Jackson State Tigers,2296,55,False,71.58500000000001,68.875,74.20625
401604304,"December 16, 2023",Jackson State Tigers,2296,81,True,74.98,67.33333333333333,73.915
401583819,"December 20, 2023",Jackson State Tigers,2296,76,False,80.86500000000001,68.7,74.0215
401581725,"December 29, 2023",Jackson State Tigers,2296,63,False,67.745,69.36363636363636,74.64363636363636
401583828,"February 10, 2024",Jackson State Tigers,2296,77,False,66.49,70.6875,74.175625
401583829,"February 12, 2024",Jackson State Tigers,2296,76,False,69.63,71.05882352941177,73.7235294117647
401583831,"February 24, 2024",Jackson State Tigers,2296,73,False,76.025,71.33333333333333,73.49611111111112
401583821,"January 11, 2024",Jackson State Tigers,2296,73,False,74.815,68.83333333333333,74.06875000000001
401583822,"January 13, 2024",Jackson State Tigers,2296,75,False,70.12,69.15384615384616,74.12615384615384
401574632,"January 27, 2024",Jackson State Tigers,2296,71,False,77.7,69.57142857142857,73.84
401583825,"January 29, 2024",Jackson State Tigers,2296,86,False,75.35,69.66666666666667,74.09733333333334
401583832,"March 02, 2024",Jackson State Tigers,2296,70,False,68.305,71.42105263157895,73.62921052631579
401583833,"March 04, 2024",Jackson State Tigers,2296,79,False,72.91,71.35,73.363
401625674,"March 14, 2024",Jackson State Tigers,2296,62,True,64.77000000000001,71.71428571428571,73.34142857142858
401583600,"November 06, 2023",Jackson State Tigers,2296,77,False,85.305,0.0,0.0
401583813,"November 08, 2023",Jackson State Tigers,2296,61,False,75.19,77.0,85.305
401583814,"November 10, 2023",Jackson State Tigers,2296,66,False,66.91,69.0,80.2475
401583815,"November 14, 2023",Jackson State Tigers,2296,66,False,76.7,68.0,75.80166666666666
401583816,"November 16, 2023",Jackson State Tigers,2296,52,False,76.235,67.5,76.02625
401583817,"November 19, 2023",Jackson State Tigers,2296,73,False,73.56,64.4,76.06800000000001
401575484,"November 25, 2023",Jackson State Tigers,2296,81,False,69.235,65.83333333333333,75.64999999999999
401594612,"November 28, 2023",Jackson State Tigers,2296,75,False,70.515,68.0,74.73357142857142
401594620,"December 02, 2023",Jacksonville Dolphins,294,81,False,63.42,69.25,73.68875
401575465,"December 06, 2023",Jacksonville Dolphins,294,52,False,71.515,71.6,71.635
401599988,"December 11, 2023",Jacksonville Dolphins,294,85,False,74.305,68.33333333333333,71.615
401577645,"December 21, 2023",Jacksonville Dolphins,294,57,False,79.91,70.71428571428571,71.99928571428572
401593941,"February 03, 2024",Jacksonville Dolphins,294,82,False,70.025,67.15384615384616,70.68038461538461
401574518,"February 14, 2024",Jacksonville Dolphins,294,61,False,70.63,68.21428571428571,70.63357142857143
401574542,"February 16, 2024",Jacksonville Dolphins,294,65,False,70.375,67.73333333333333,70.63333333333334
401593874,"January 04, 2024",Jacksonville Dolphins,294,70,False,72.165,69.0,72.988125
401599991,"January 06, 2024",Jacksonville Dolphins,294,55,False,63.49,69.11111111111111,72.89666666666668
401574525,"January 12, 2024",Jacksonville Dolphins,294,74,False,63.375,67.7,71.956
401574441,"January 25, 2024",Jacksonville Dolphins,294,59,False,71.35,68.27272727272727,71.1759090909091
401575338,"January 27, 2024",Jacksonville Dolphins,294,63,False,64.56,67.5,71.19041666666668
401625651,"March 04, 2024",Jacksonville Dolphins,294,92,False,73.58500000000001,67.5625,70.6171875
401625655,"March 05, 2024",Jacksonville Dolphins,294,67,False,63.095,69.0,70.79176470588236
401625657,"March 07, 2024",Jacksonville Dolphins,294,87,False,65.91,68.88888888888889,70.36416666666668
401577606,"November 10, 2023",Jacksonville Dolphins,294,56,False,70.49,0.0,0.0
401577554,"November 17, 2023",Jacksonville Dolphins,294,56,False,76.375,56.0,70.49
401599987,"November 24, 2023",Jacksonville Dolphins,294,74,False,75.305,56.0,73.4325
401587227,"November 25, 2023",Jacksonville Dolphins,294,91,True,72.58500000000001,62.0,74.05666666666667
401584415,"December 14, 2023",Jacksonville State Gamecocks,55,60,False,66.91,65.2,67.625
401597434,"December 18, 2023",Jacksonville State Gamecocks,55,65,False,64.7,64.33333333333333,67.50583333333334
401597435,"December 21, 2023",Jacksonville State Gamecocks,55,90,False,75.305,64.42857142857143,67.105
401573608,"February 01, 2024",Jacksonville State Gamecocks,55,71,False,77.515,67.0909090909091,68.18181818181819
401573614,"February 03, 2024",Jacksonville State Gamecocks,55,65,False,63.235,67.41666666666667,68.95958333333333
401573625,"February 15, 2024",Jacksonville State Gamecocks,55,58,False,63.42,67.23076923076923,68.51923076923077
401573637,"February 24, 2024",Jacksonville State Gamecocks,55,77,False,73.77000000000001,66.57142857142857,68.155
401573586,"January 10, 2024",Jacksonville State Gamecocks,55,61,False,62.885,67.625,68.13
401573592,"January 13, 2024",Jacksonville State Gamecocks,55,69,False,72.375,66.88888888888889,67.54722222222223
401573600,"January 24, 2024",Jacksonville State Gamecocks,55,67,False,69.7,67.1,68.03
401573647,"March 09, 2024",Jacksonville State Gamecocks,55,73,False,70.375,67.26666666666667,68.52933333333334
401575471,"November 14, 2023",Jacksonville State Gamecocks,55,57,False,66.35,0.0,0.0
401587112,"November 18, 2023",Jacksonville State Gamecocks,55,59,False,75.58500000000001,57.0,66.35
401597430,"November 22, 2023",Jacksonville State Gamecocks,55,66,False,66.49000000000001,58.0,70.9675
401592095,"November 24, 2023",Jacksonville State Gamecocks,55,77,False,66.42,60.666666666666664,69.47500000000001
401597431,"November 26, 2023",Jacksonville State Gamecocks,55,67,True,63.28,64.75,68.71125
401581841,"December 09, 2023",James Madison Dukes,256,84,False,72.7,92.25,84.30000000000001
401581842,"December 16, 2023",James Madison Dukes,256,88,False,74.815,90.6,81.98
401581844,"December 22, 2023",James Madison Dukes,256,89,False,76.42,90.16666666666667,80.78583333333334
401581622,"February 07, 2024",James Madison Dukes,256,77,False,71.025,83.9090909090909,78.53136363636364
401581675,"February 21, 2024",James Madison Dukes,256,84,False,72.445,83.33333333333333,77.90583333333333
401581653,"February 24, 2024",James Madison Dukes,256,80,False,72.91,83.38461538461539,77.48576923076924
401581665,"February 28, 2024",James Madison Dukes,256,84,False,69.235,83.14285714285714,77.15892857142858
401581668,"January 04, 2024",James Madison Dukes,256,68,False,75.84,90.0,80.16214285714285
401581669,"January 06, 2024",James Madison Dukes,256,71,False,73.165,87.25,79.621875
401581673,"January 24, 2024",James Madison Dukes,256,78,False,76.305,85.44444444444444,78.90444444444444
401581501,"January 27, 2024",James Madison Dukes,256,76,False,77.4,84.7,78.64450000000001
401581642,"March 01, 2024",James Madison Dukes,256,86,False,72.16499999999999,83.2,76.63066666666667
401581835,"November 06, 2023",James Madison Dukes,256,79,False,83.98,0.0,0.0
401574579,"November 09, 2023",James Madison Dukes,256,113,False,101.68,79.0,83.98
401581838,"November 21, 2023",James Madison Dukes,256,82,True,76.98,96.0,92.83000000000001
401601497,"November 22, 2023",James Madison Dukes,256,95,True,74.56,91.33333333333333,87.54666666666667
401598011,"December 11, 2023",Jarvis Christian Bulldogs,nd-jarvis-christian-bulldogs,58,False,80.19,66.0,89.91
401581782,"November 06, 2023",Jarvis Christian Bulldogs,nd-jarvis-christian-bulldogs,66,False,89.91,0.0,0.0
401609949,"November 06, 2023",Jessup University Warriors,nd-jessup-university-warriors,51,False,82.58500000000001,0.0,0.0
401594608,"December 19, 2023",John Brown Golden Eagles,nd-john-brown-golden-eagles,59,False,72.05,70.0,72.07
401610179,"November 09, 2023",John Brown Golden Eagles,nd-john-brown-golden-eagles,70,False,72.07,0.0,0.0
401589360,"November 06, 2023",John Jay College Bloodhounds,nd-john-jay-college-bloodhounds,57,False,74.91,0.0,0.0
401594077,"December 30, 2023",Johnson & Wales (NC),nd-johnson--wales-nc,67,False,73.375,61.0,72.77
401597895,"November 13, 2023",Johnson & Wales (NC),nd-johnson--wales-nc,61,False,72.77,0.0,0.0
401586900,"November 22, 2023",Johnson & Wales (RI) Griffins,nd-johnson--wales-ri-griffins,59,False,70.58500000000001,0.0,0.0
401601466,"December 01, 2023",Johnson University (TN) Royals,nd-johnson-university-tn-royals,51,False,78.21,0.0,0.0
401600235,"December 10, 2023",Johnson University Florida Suns,nd-johnson-university-florida-suns,43,False,76.815,46.0,90.095
401600117,"January 02, 2024",Johnson University Florida Suns,nd-johnson-university-florida-suns,53,False,77.095,44.5,83.455
401599986,"November 06, 2023",Johnson University Florida Suns,nd-johnson-university-florida-suns,46,False,90.095,0.0,0.0
401598014,"November 06, 2023",Kansas Christian Falcons,nd-kansas-christian-falcons,66,False,83.77,0.0,0.0
401575455,"December 05, 2023",Kansas City Roos,140,69,False,74.955,62.0,69.135
401581806,"December 09, 2023",Kansas City Roos,140,72,False,69.515,63.75,70.59
401581808,"December 16, 2023",Kansas City Roos,140,69,False,69.745,65.4,70.375
401581809,"December 20, 2023",Kansas City Roos,140,57,False,70.91,66.0,70.27
401580024,"December 31, 2023",Kansas City Roos,140,56,False,62.025000000000006,64.71428571428571,70.36142857142858
401580072,"February 08, 2024",Kansas City Roos,140,78,False,72.33,64.81818181818181,69.03636363636365
401580077,"February 10, 2024",Kansas City Roos,140,65,False,62.025,65.91666666666667,69.31083333333333
401580090,"February 22, 2024",Kansas City Roos,140,82,False,78.98,65.84615384615384,68.75038461538462
401580099,"February 29, 2024",Kansas City Roos,140,84,False,70.98,67.0,69.48107142857143
401580032,"January 03, 2024",Kansas City Roos,140,64,False,67.305,63.625,69.31937500000001
401580055,"January 20, 2024",Kansas City Roos,140,74,False,66.7,63.666666666666664,69.09555555555556
401580057,"January 25, 2024",Kansas City Roos,140,66,False,70.84,64.7,68.85600000000001
401580101,"March 03, 2024",Kansas City Roos,140,71,False,66.025,68.13333333333334,69.581
401581803,"November 14, 2023",Kansas City Roos,140,61,False,69.58500000000001,0.0,0.0
401581804,"November 17, 2023",Kansas City Roos,140,61,False,71.58500000000001,61.0,69.58500000000001
401581518,"November 24, 2023",Kansas City Roos,140,64,True,66.235,61.0,70.58500000000001
401575457,"December 16, 2023",Kansas Jayhawks,2305,75,False,77.84,71.0,72.1525
401603459,"February 05, 2024",Kansas Jayhawks,2305,70,False,78.56,75.28571428571429,71.8092857142857
401603472,"February 12, 2024",Kansas Jayhawks,2305,50,False,66.095,74.625,72.653125
401603479,"February 17, 2024",Kansas Jayhawks,2305,67,False,70.63,71.88888888888889,71.92444444444443
401603411,"January 10, 2024",Kansas Jayhawks,2305,60,False,62.885,72.33333333333333,74.04833333333333
401603422,"January 16, 2024",Kansas Jayhawks,2305,90,False,72.63,69.25,71.25750000000001
401603432,"January 20, 2024",Kansas Jayhawks,2305,85,False,73.375,73.4,71.532
401603443,"January 27, 2024",Kansas Jayhawks,2305,75,False,71.63,75.33333333333333,71.83916666666666
401603503,"March 02, 2024",Kansas Jayhawks,2305,74,False,65.7,71.4,71.795
401603519,"March 09, 2024",Kansas Jayhawks,2305,46,False,66.7,71.63636363636364,71.24090909090908
401575875,"November 20, 2023",Kansas Jayhawks,2305,83,True,73.885,0.0,0.0
401581595,"November 21, 2023",Kansas Jayhawks,2305,59,True,70.42,83.0,73.885
401584431,"December 09, 2023",Kansas State Wildcats,2306,75,False,70.77,76.0,75.9675
401603454,"February 03, 2024",Kansas State Wildcats,2306,72,False,68.745,69.42857142857143,69.92571428571429
401603464,"February 10, 2024",Kansas State Wildcats,2306,66,False,72.42,69.75,69.778125
401603484,"February 19, 2024",Kansas State Wildcats,2306,56,False,69.56,69.33333333333333,70.07166666666666
401603409,"January 09, 2024",Kansas State Wildcats,2306,81,False,70.305,75.66666666666667,74.235
401603416,"January 13, 2024",Kansas State Wildcats,2306,59,False,60.745,77.0,73.2525
401603438,"January 24, 2024",Kansas State Wildcats,2306,67,False,71.305,73.4,70.751
401603442,"January 27, 2024",Kansas State Wildcats,2306,52,False,64.42,72.33333333333333,70.84333333333333
401603505,"March 02, 2024",Kansas State Wildcats,2306,72,False,70.375,68.0,70.0205
401603512,"March 05, 2024",Kansas State Wildcats,2306,68,False,76.235,68.36363636363636,70.05272727272728
401625418,"March 13, 2024",Kansas State Wildcats,2306,78,True,72.84,68.33333333333333,70.56791666666668
401625442,"March 14, 2024",Kansas State Wildcats,2306,57,True,67.305,69.07692307692308,70.74269230769231
401581588,"November 06, 2023",Kansas State Wildcats,2306,69,True,77.84,0.0,0.0
401581517,"November 19, 2023",Kansas State Wildcats,2306,83,True,74.095,69.0,77.84
401598977,"December 22, 2023",Kean Cougars,nd-kean-cougars,70,False,72.84,0.0,0.0
401593910,"November 15, 2023",Keiser Seahawks,nd-keiser-seahawks,55,False,84.025,0.0,0.0
401593916,"December 09, 2023",Kennesaw State Owls,338,84,False,77.305,82.75,82.4225
401593917,"December 16, 2023",Kennesaw State Owls,338,94,False,79.235,83.0,81.399
401593919,"December 23, 2023",Kennesaw State Owls,338,70,False,75.58500000000001,84.83333333333333,81.03833333333334
401577619,"December 29, 2023",Kennesaw State Owls,338,87,False,83.655,82.71428571428571,80.25928571428572
401574200,"February 08, 2024",Kennesaw State Owls,338,69,False,67.63,82.81818181818181,78.77909090909091
401574517,"February 10, 2024",Kennesaw State Owls,338,95,False,78.4,81.66666666666667,77.85000000000001
401574520,"February 22, 2024",Kennesaw State Owls,338,74,False,73.7,82.6923076923077,77.8923076923077
401574521,"February 24, 2024",Kennesaw State Owls,338,72,False,81.795,82.07142857142857,77.59285714285714
401574513,"January 18, 2024",Kennesaw State Owls,338,75,False,73.955,83.25,80.68375
401574514,"January 20, 2024",Kennesaw State Owls,338,83,False,70.095,82.33333333333333,79.93611111111112
401574428,"January 27, 2024",Kennesaw State Owls,338,87,False,77.05,82.4,78.952
401574522,"March 01, 2024",Kennesaw State Owls,338,82,False,80.84,81.4,77.873
401586904,"November 10, 2023",Kennesaw State Owls,338,67,False,87.375,0.0,0.0
401593911,"November 19, 2023",Kennesaw State Owls,338,96,True,83.935,67.0,87.375
401583612,"November 21, 2023",Kennesaw State Owls,338,84,False,79.4,81.5,85.655
401593913,"November 26, 2023",Kennesaw State Owls,338,84,False,78.98,82.33333333333333,83.57000000000001
401590231,"December 05, 2023",Kent State Golden Flashes,2309,82,False,74.165,52.0,70.305
401597923,"December 21, 2023",Kent State Golden Flashes,2309,70,False,71.445,67.0,72.23500000000001
401597924,"December 29, 2023",Kent State Golden Flashes,2309,46,False,66.35,68.0,71.97166666666668
401588667,"February 02, 2024",Kent State Golden Flashes,2309,83,False,66.815,69.25,69.286875
401634061,"February 10, 2024",Kent State Golden Flashes,2309,68,False,70.77,70.77777777777777,69.01222222222222
401588689,"February 20, 2024",Kent State Golden Flashes,2309,57,False,63.42,70.5,69.188
401588694,"February 23, 2024",Kent State Golden Flashes,2309,70,False,66.35,69.27272727272727,68.66363636363636
401588623,"January 06, 2024",Kent State Golden Flashes,2309,69,False,69.42,62.5,70.56625
401588635,"January 13, 2024",Kent State Golden Flashes,2309,62,False,59.35,63.8,70.337
401588643,"January 16, 2024",Kent State Golden Flashes,2309,83,False,68.35,63.5,68.50583333333334
401588652,"January 23, 2024",Kent State Golden Flashes,2309,90,False,74.91,66.28571428571429,68.48357142857142
401588713,"March 05, 2024",Kent State Golden Flashes,2309,69,False,72.745,69.33333333333333,68.47083333333333
401588720,"March 08, 2024",Kent State Golden Flashes,2309,71,False,71.305,69.3076923076923,68.79961538461538
401625500,"March 14, 2024",Kent State Golden Flashes,2309,67,True,66.025,69.42857142857143,68.97857142857143
401625504,"March 15, 2024",Kent State Golden Flashes,2309,73,True,62.095,69.26666666666667,68.78166666666667
401625506,"March 16, 2024",Kent State Golden Flashes,2309,61,True,65.56,69.5,68.36375
401582124,"November 19, 2023",Kent State Golden Flashes,2309,52,True,70.305,0.0,0.0
401594584,"December 17, 2023",Kentucky Christian Knights,nd-kentucky-christian-knights,54,False,71.35,0.0,0.0
401597898,"December 21, 2023",Kentucky Christian Knights,nd-kentucky-christian-knights,79,False,79.165,54.0,71.35
401597404,"November 06, 2023",Kentucky State Thorobreds,nd-kentucky-state-thorobreds,57,False,71.815,0.0,0.0
401594462,"November 09, 2023",Kentucky State Thorobreds,nd-kentucky-state-thorobreds,58,False,78.42,57.0,71.815
401598953,"November 18, 2023",Kentucky State Thorobreds,nd-kentucky-state-thorobreds,75,False,91.26,57.5,75.1175
401598952,"November 06, 2023",Kentucky Wesleyan Panthers,nd-kentucky-wesleyan-panthers,64,False,77.025,0.0,0.0
401588941,"December 21, 2023",Kentucky Wildcats,96,95,False,76.58500000000001,84.0,84.26
401597171,"February 06, 2024",Kentucky Wildcats,96,109,False,77.05,80.5,76.75083333333333
401597190,"February 17, 2024",Kentucky Wildcats,96,70,False,68.05,84.57142857142857,76.79357142857144
401597198,"February 21, 2024",Kentucky Wildcats,96,74,False,72.42,82.75,75.700625
401597209,"February 27, 2024",Kentucky Wildcats,96,91,False,73.095,81.77777777777777,75.33611111111111
401597109,"January 06, 2024",Kentucky Wildcats,96,87,False,83.515,89.5,80.42250000000001
401597129,"January 13, 2024",Kentucky Wildcats,96,92,False,81.235,88.66666666666667,81.45333333333333
401597144,"January 23, 2024",Kentucky Wildcats,96,62,False,64.49,89.5,81.39875
401597151,"January 27, 2024",Kentucky Wildcats,96,63,False,70.42,84.0,78.01700000000001
401597233,"March 09, 2024",Kentucky Wildcats,96,85,False,76.165,82.7,75.112
401575453,"November 14, 2023",Kentucky Wildcats,96,84,True,84.26,0.0,0.0
401581840,"December 03, 2023",Keystone Giants,nd-keystone-giants,59,False,91.14,50.0,77.58500000000001
401574592,"November 12, 2023",Keystone Giants,nd-keystone-giants,50,False,77.58500000000001,0.0,0.0
401583812,"December 30, 2023",King (TN) Tornado,nd-king-tn-tornado,62,False,77.955,56.0,82.7
401604369,"November 06, 2023",King (TN) Tornado,nd-king-tn-tornado,56,False,82.7,0.0,0.0
401610339,"December 30, 2023",LSU Shreveport Pilots,nd-lsu-shreveport-pilots,57,False,71.42,0.0,0.0
401583730,"December 16, 2023",LSU Tigers,99,85,True,76.375,71.5,76.94500000000001
401597174,"February 07, 2024",LSU Tigers,99,68,False,68.7,75.42857142857143,75.38142857142859
401597184,"February 13, 2024",LSU Tigers,99,80,False,68.235,74.5,74.54625
401597193,"February 17, 2024",LSU Tigers,99,64,False,63.49,75.11111111111111,73.845
401597111,"January 06, 2024",LSU Tigers,99,68,False,70.885,76.0,76.75500000000001
401597123,"January 13, 2024",LSU Tigers,99,78,False,77.58500000000001,74.0,75.28750000000001
401597149,"January 24, 2024",LSU Tigers,99,66,False,67.49,74.8,75.747
401597150,"January 27, 2024",LSU Tigers,99,88,False,81.445,73.33333333333333,74.37083333333334
401597220,"March 02, 2024",LSU Tigers,99,75,False,64.165,74.0,72.8095
401597226,"March 06, 2024",LSU Tigers,99,83,False,78.91,74.0909090909091,72.02363636363636
401581550,"November 19, 2023",LSU Tigers,99,86,True,80.58500000000001,0.0,0.0
401574545,"November 28, 2023",LSU Tigers,99,57,False,73.305,86.0,80.58500000000001
401593774,"December 09, 2023",La Salle Explorers,2325,67,False,67.675,82.5,89.85249999999999
401588938,"December 16, 2023",La Salle Explorers,2325,77,False,68.745,77.33333333333333,82.46
401596892,"February 10, 2024",La Salle Explorers,2325,65,False,69.63,74.0,74.2761111111111
401596895,"February 13, 2024",La Salle Explorers,2325,56,False,69.42,73.1,73.8115
401596928,"February 28, 2024",La Salle Explorers,2325,63,False,62.49,71.54545454545455,73.41227272727272
401596822,"January 06, 2024",La Salle Explorers,2325,81,False,72.235,77.25,79.03125
401596832,"January 10, 2024",La Salle Explorers,2325,65,False,70.025,78.0,77.672
401596840,"January 15, 2024",La Salle Explorers,2325,62,False,61.63,75.83333333333333,76.3975
401596867,"January 27, 2024",La Salle Explorers,2325,80,False,73.84,73.85714285714286,74.28785714285713
401596873,"January 31, 2024",La Salle Explorers,2325,69,False,74.63,74.625,74.231875
401596948,"March 09, 2024",La Salle Explorers,2325,54,False,63.14,70.83333333333333,72.50208333333333
401625547,"March 13, 2024",La Salle Explorers,2325,73,True,62.095,69.53846153846153,71.78192307692308
401576151,"November 21, 2023",La Salle Explorers,2325,66,False,72.095,0.0,0.0
401593772,"November 29, 2023",La Salle Explorers,2325,99,False,107.61,66.0,72.095
401598760,"November 11, 2023",La Sierra Golden Eagles,nd-la-sierra-golden-eagles,48,False,68.49000000000001,0.0,0.0
401602633,"November 06, 2023",La Verne Leopards,nd-la-verne-leopards,62,False,75.84,0.0,0.0
401594111,"November 13, 2023",La Verne Leopards,nd-la-verne-leopards,57,False,81.84,62.0,75.84
401579104,"December 03, 2023",LaGrange Panthers,nd-lagrange-panthers,82,False,87.98,0.0,0.0
401591559,"December 05, 2023",Lafayette Leopards,322,72,False,66.955,60.8,69.272
401593796,"December 30, 2023",Lafayette Leopards,322,38,False,68.21,62.666666666666664,68.88583333333334
401604270,"February 03, 2024",Lafayette Leopards,322,64,False,64.095,62.18181818181818,67.12227272727273
401602997,"February 10, 2024",Lafayette Leopards,322,90,False,82.655,62.333333333333336,66.87
401597393,"February 17, 2024",Lafayette Leopards,322,68,False,61.42,64.46153846153847,68.08423076923077
401598599,"February 28, 2024",Lafayette Leopards,322,58,False,62.955,64.71428571428571,67.60821428571428
401597967,"January 06, 2024",Lafayette Leopards,322,59,False,68.165,59.142857142857146,68.78928571428571
401598636,"January 10, 2024",Lafayette Leopards,322,69,False,67.77000000000001,59.125,68.71125
401600154,"January 17, 2024",Lafayette Leopards,322,72,False,60.815,60.22222222222222,68.60666666666667
401594514,"January 24, 2024",Lafayette Leopards,322,70,False,60.07,61.4,67.8275
401594502,"March 02, 2024",Lafayette Leopards,322,50,False,59.28,64.26666666666667,67.298
401577540,"November 06, 2023",Lafayette Leopards,322,60,False,71.235,0.0,0.0
401575801,"November 10, 2023",Lafayette Leopards,322,50,False,65.375,60.0,71.235
401576681,"November 12, 2023",Lafayette Leopards,322,53,False,70.025,55.0,68.305
401581530,"November 24, 2023",Lafayette Leopards,322,72,False,64.235,54.333333333333336,68.87833333333333
401575764,"November 26, 2023",Lafayette Leopards,322,69,True,75.49,58.75,67.7175
401583779,"November 19, 2023",Lake Erie Storm,nd-lake-erie-storm,57,False,68.14,0.0,0.0
401581353,"December 01, 2023",Lake Superior State Lakers,nd-lake-superior-state-lakers,53,False,69.955,0.0,0.0
401581789,"December 03, 2023",Lamar Cardinals,2320,70,False,69.445,76.4,75.477
401581792,"December 21, 2023",Lamar Cardinals,2320,66,False,79.375,75.33333333333333,74.47166666666666
401581796,"February 03, 2024",Lamar Cardinals,2320,71,False,68.305,74.2,73.83500000000001
401581797,"February 12, 2024",Lamar Cardinals,2320,67,False,75.98,73.9090909090909,73.33227272727272
401579050,"February 17, 2024",Lamar Cardinals,2320,94,False,73.515,73.33333333333333,73.55291666666666
401579082,"February 19, 2024",Lamar Cardinals,2320,77,False,69.375,74.92307692307692,73.55
401579056,"January 13, 2024",Lamar Cardinals,2320,78,False,74.63,74.0,75.17214285714286
401579016,"January 15, 2024",Lamar Cardinals,2320,69,False,67.025,74.5,75.104375
401578968,"January 20, 2024",Lamar Cardinals,2320,77,False,70.49,73.88888888888889,74.20666666666666
401579075,"March 02, 2024",Lamar Cardinals,2320,82,False,79.84,75.07142857142857,73.25178571428572
401579090,"March 04, 2024",Lamar Cardinals,2320,70,False,67.025,75.53333333333333,73.691
401625639,"March 12, 2024",Lamar Cardinals,2320,57,False,65.375,75.1875,73.274375
401581783,"November 09, 2023",Lamar Cardinals,2320,67,False,72.56,0.0,0.0
401575404,"November 18, 2023",Lamar Cardinals,2320,76,False,80.98,67.0,72.56
401581786,"November 25, 2023",Lamar Cardinals,2320,72,False,72.235,71.5,76.77000000000001
401581787,"November 26, 2023",Lamar Cardinals,2320,84,True,77.7,71.66666666666667,75.25833333333334
401581788,"November 30, 2023",Lamar Cardinals,2320,83,False,73.91,74.75,75.86875
401584404,"December 05, 2023",Le Moyne Dolphins,2330,51,False,67.21,68.0,71.83166666666666
401574599,"December 09, 2023",Le Moyne Dolphins,2330,79,False,69.235,65.57142857142857,71.17142857142856
401600441,"December 21, 2023",Le Moyne Dolphins,2330,55,False,69.56,67.25,70.929375
401576165,"December 30, 2023",Le Moyne Dolphins,2330,72,False,74.445,65.88888888888889,70.77722222222222
401589475,"February 01, 2024",Le Moyne Dolphins,2330,57,False,61.28,67.83333333333333,71.18625
401589486,"February 03, 2024",Le Moyne Dolphins,2330,81,False,78.7,67.0,70.42423076923077
401589458,"February 08, 2024",Le Moyne Dolphins,2330,88,False,64.955,68.0,71.01535714285714
401589506,"February 10, 2024",Le Moyne Dolphins,2330,50,False,69.095,69.33333333333333,70.61133333333333
401589501,"February 22, 2024",Le Moyne Dolphins,2330,64,False,71.165,68.125,70.51656249999999
401589503,"January 06, 2024",Le Moyne Dolphins,2330,74,False,75.235,66.5,71.14399999999999
401589505,"January 19, 2024",Le Moyne Dolphins,2330,75,False,67.56,67.18181818181819,71.51590909090909
401589401,"March 02, 2024",Le Moyne Dolphins,2330,74,False,68.095,67.88235294117646,70.55470588235295
401625633,"March 09, 2024",Le Moyne Dolphins,2330,51,False,62.42,68.22222222222223,70.41805555555555
401575479,"November 07, 2023",Le Moyne Dolphins,2330,57,False,78.165,0.0,0.0
401584357,"November 10, 2023",Le Moyne Dolphins,2330,57,False,63.955,57.0,78.165
401602692,"November 17, 2023",Le Moyne Dolphins,2330,71,False,72.49,57.0,71.06
401601135,"November 19, 2023",Le Moyne Dolphins,2330,72,False,69.49,61.666666666666664,71.53666666666668
401594092,"November 21, 2023",Le Moyne Dolphins,2330,80,False,73.19,64.25,71.025
401575406,"November 24, 2023",Le Moyne Dolphins,2330,71,False,73.7,67.4,71.458
401598900,"December 09, 2023",LeMoyne-Owen Magicians,nd-lemoyne-owen-magicians,78,False,82.42,0.0,0.0
401598013,"December 18, 2023",LeTourneau Yellow Jackets,nd-letourneau-yellow-jackets,68,False,72.49,49.0,68.63
401579004,"November 14, 2023",LeTourneau Yellow Jackets,nd-letourneau-yellow-jackets,49,False,68.63,0.0,0.0
401582133,"December 02, 2023",Lehigh Mountain Hawks,2329,87,False,77.77,69.0,75.06625
401593811,"December 21, 2023",Lehigh Mountain Hawks,2329,69,False,74.165,72.6,75.607
401584388,"December 30, 2023",Lehigh Mountain Hawks,2329,65,False,74.05,72.0,75.36666666666666
401597972,"February 03, 2024",Lehigh Mountain Hawks,2329,71,False,66.16499999999999,71.25,73.485
401594497,"February 12, 2024",Lehigh Mountain Hawks,2329,71,False,75.445,71.23076923076923,72.92192307692308
401602998,"February 21, 2024",Lehigh Mountain Hawks,2329,85,False,66.095,71.21428571428571,73.10214285714285
401602999,"February 24, 2024",Lehigh Mountain Hawks,2329,71,False,69.56,72.13333333333334,72.635
401597384,"January 03, 2024",Lehigh Mountain Hawks,2329,66,False,70.49000000000001,71.0,75.17857142857143
401594509,"January 06, 2024",Lehigh Mountain Hawks,2329,88,False,73.235,70.375,74.5925
401598593,"January 17, 2024",Lehigh Mountain Hawks,2329,69,False,69.515,72.33333333333333,74.44166666666666
401598638,"January 22, 2024",Lehigh Mountain Hawks,2329,57,False,68.885,72.0,73.949
401600089,"January 27, 2024",Lehigh Mountain Hawks,2329,78,False,73.445,70.63636363636364,73.48863636363636
401625705,"March 07, 2024",Lehigh Mountain Hawks,2329,76,False,71.025,72.0625,72.4428125
401625707,"March 10, 2024",Lehigh Mountain Hawks,2329,84,False,78.235,72.29411764705883,72.35941176470588
401625709,"March 13, 2024",Lehigh Mountain Hawks,2329,55,False,65.56,72.94444444444444,72.68583333333333
401600440,"November 10, 2023",Lehigh Mountain Hawks,2329,65,False,77.42,0.0,0.0
401583597,"November 12, 2023",Lehigh Mountain Hawks,2329,68,False,76.98,65.0,77.42
401583746,"November 21, 2023",Lehigh Mountain Hawks,2329,79,False,74.91,66.5,77.2
401581159,"November 24, 2023",Lehigh Mountain Hawks,2329,64,False,70.955,70.66666666666667,76.43666666666667
401594035,"December 06, 2023",Lewis & Clark Pioneers,nd-lewis--clark-pioneers,60,False,75.49,72.0,76.21
401583837,"November 08, 2023",Lewis & Clark Pioneers,nd-lewis--clark-pioneers,72,False,76.21,0.0,0.0
401584377,"December 20, 2023",Liberty Flames,2335,79,False,64.675,64.5,60.455
401584378,"December 30, 2023",Liberty Flames,2335,56,True,67.7,69.33333333333333,61.86166666666666
401573609,"February 01, 2024",Liberty Flames,2335,73,False,82.445,67.14285714285714,66.95214285714286
401573613,"February 03, 2024",Liberty Flames,2335,67,False,72.375,67.875,68.88875
401573629,"February 17, 2024",Liberty Flames,2335,73,False,71.305,67.77777777777777,69.2761111111111
401573634,"February 22, 2024",Liberty Flames,2335,71,False,65.955,68.3,69.479
401573583,"January 06, 2024",Liberty Flames,2335,68,False,81.235,66.0,63.32125
401573591,"January 14, 2024",Liberty Flames,2335,76,False,72.98,66.4,66.904
401573606,"January 27, 2024",Liberty Flames,2335,62,False,61.165,68.0,67.91666666666667
401573645,"March 05, 2024",Liberty Flames,2335,61,False,65.88499999999999,68.54545454545455,69.15863636363636
401581589,"November 10, 2023",Liberty Flames,2335,71,True,55.675,0.0,0.0
401584372,"November 30, 2023",Liberty Flames,2335,58,False,65.235,71.0,55.675
401600068,"December 06, 2023",Life Pacific Warriors,nd-life-pacific-warriors,66,False,88.07,70.0,81.36250000000001
401600141,"November 09, 2023",Life Pacific Warriors,nd-life-pacific-warriors,73,False,82.58500000000001,0.0,0.0
401594091,"November 17, 2023",Life Pacific Warriors,nd-life-pacific-warriors,67,False,80.14,73.0,82.58500000000001
401597878,"November 06, 2023",Life University Running Eagles,nd-life-university-running-eagles,72,False,75.77,0.0,0.0
401602631,"November 25, 2023",Limestone Saints,nd-limestone-saints,51,False,75.745,0.0,0.0
401600250,"November 08, 2023",Lincoln (MO) Blue Tigers,nd-lincoln-mo-blue-tigers,66,False,82.445,0.0,0.0
401587245,"December 02, 2023",Lindenwood Lions,2815,70,False,69.05,60.0,71.31
401587247,"December 16, 2023",Lindenwood Lions,2815,73,False,71.445,61.666666666666664,70.93333333333334
401577704,"December 19, 2023",Lindenwood Lions,2815,57,False,74.7,63.285714285714285,71.00642857142857
401587317,"February 15, 2024",Lindenwood Lions,2815,63,False,75.58500000000001,63.38461538461539,70.53923076923077
401587321,"February 17, 2024",Lindenwood Lions,2815,57,False,70.84,63.357142857142854,70.89964285714287
401587339,"February 29, 2024",Lindenwood Lions,2815,67,False,68.91,62.93333333333333,70.89566666666666
401587264,"January 06, 2024",Lindenwood Lions,2815,57,False,63.49,62.5,71.468125
401587268,"January 11, 2024",Lindenwood Lions,2815,74,False,73.305,61.888888888888886,70.58166666666666
401587272,"January 13, 2024",Lindenwood Lions,2815,60,False,71.7,63.1,70.854
401587285,"January 25, 2024",Lindenwood Lions,2815,66,False,67.35,62.81818181818182,70.9309090909091
401587289,"January 27, 2024",Lindenwood Lions,2815,67,False,69.42,63.083333333333336,70.63250000000001
401587343,"March 02, 2024",Lindenwood Lions,2815,49,False,59.815,63.1875,70.7715625
401574830,"November 06, 2023",Lindenwood Lions,2815,52,False,72.515,0.0,0.0
401575444,"November 09, 2023",Lindenwood Lions,2815,47,False,72.7,52.0,72.515
401581812,"November 16, 2023",Lindenwood Lions,2815,58,False,70.86500000000001,49.5,72.6075
401581813,"November 17, 2023",Lindenwood Lions,2815,72,True,70.305,52.333333333333336,72.02666666666667
401587242,"November 19, 2023",Lindenwood Lions,2815,71,True,70.165,57.25,71.59625
401604791,"December 17, 2023",Lindsey Wilson College Blue Raiders,nd-lindsey-wilson-college-blue-raiders,59,False,69.63,0.0,0.0
401602729,"November 06, 2023",Linfield College Wildcats,nd-linfield-college-wildcats,46,False,70.05,0.0,0.0
401594031,"November 12, 2023",Linfield College Wildcats,nd-linfield-college-wildcats,53,False,69.7,46.0,70.05
401575464,"December 02, 2023",Lipscomb Bisons,288,57,False,75.955,79.2,73.569
401575765,"December 06, 2023",Lipscomb Bisons,288,71,False,73.025,75.5,73.96666666666667
401593938,"December 16, 2023",Lipscomb Bisons,288,66,True,68.815,74.85714285714286,73.83214285714287
401586909,"December 30, 2023",Lipscomb Bisons,288,78,False,71.445,73.75,73.205
401587125,"February 15, 2024",Lipscomb Bisons,288,70,False,69.35,75.28571428571429,70.77392857142857
401574433,"February 17, 2024",Lipscomb Bisons,288,85,False,65.815,74.93333333333334,70.679
401574204,"February 24, 2024",Lipscomb Bisons,288,90,False,70.14,75.5625,70.375
401574438,"January 04, 2024",Lipscomb Bisons,288,72,False,65.35,74.22222222222223,73.00944444444445
401575336,"January 06, 2024",Lipscomb Bisons,288,81,False,63.21,74.0,72.2435
401593876,"January 25, 2024",Lipscomb Bisons,288,98,False,63.42,74.63636363636364,71.42227272727273
401593940,"January 27, 2024",Lipscomb Bisons,288,59,False,70.675,76.58333333333333,70.75541666666668
401574528,"January 31, 2024",Lipscomb Bisons,288,76,False,71.095,75.23076923076923,70.74923076923076
401577582,"November 06, 2023",Lipscomb Bisons,288,59,False,71.745,0.0,0.0
401593929,"November 08, 2023",Lipscomb Bisons,288,70,False,72.42,59.0,71.745
401593931,"November 14, 2023",Lipscomb Bisons,288,96,False,72.28,64.5,72.08250000000001
401593934,"November 24, 2023",Lipscomb Bisons,288,86,True,76.515,75.0,72.14833333333333
401608091,"November 26, 2023",Lipscomb Bisons,288,85,True,74.885,77.75,73.24000000000001
401574417,"December 07, 2023",Little Rock Trojans,2031,71,False,67.305,74.0,71.7825
401587251,"December 28, 2023",Little Rock Trojans,2031,81,False,76.445,73.0,70.29
401587254,"December 30, 2023",Little Rock Trojans,2031,82,False,76.05,75.0,71.82875
401587296,"February 01, 2024",Little Rock Trojans,2031,66,False,67.235,75.85714285714286,73.14928571428572
401587299,"February 03, 2024",Little Rock Trojans,2031,71,False,62.21,74.625,72.41
401587307,"February 08, 2024",Little Rock Trojans,2031,63,False,65.21000000000001,74.22222222222223,71.27666666666667
401587329,"February 22, 2024",Little Rock Trojans,2031,83,False,68.56,73.1,70.67
401587333,"February 24, 2024",Little Rock Trojans,2031,82,False,71.515,74.0,70.47818181818182
401587273,"January 13, 2024",Little Rock Trojans,2031,72,False,69.885,76.4,72.673
401587277,"January 18, 2024",Little Rock Trojans,2031,77,False,78.795,75.66666666666667,72.20833333333333
401577707,"November 10, 2023",Little Rock Trojans,2031,71,False,72.98,0.0,0.0
401600081,"November 19, 2023",Little Rock Trojans,2031,77,False,70.58500000000001,71.0,72.98
401600069,"December 10, 2023",Long Beach State Beach,299,84,False,85.26,79.16666666666667,76.79333333333334
401573472,"December 28, 2023",Long Beach State Beach,299,81,False,76.655,79.85714285714286,78.00285714285714
401573524,"February 01, 2024",Long Beach State Beach,299,76,False,75.655,78.66666666666667,75.72583333333334
401573542,"February 15, 2024",Long Beach State Beach,299,78,False,71.235,78.46153846153847,75.72038461538462
401573550,"February 17, 2024",Long Beach State Beach,299,87,False,78.305,78.42857142857143,75.39999999999999
401573557,"February 24, 2024",Long Beach State Beach,299,65,False,73.165,79.0,75.59366666666666
401573485,"January 04, 2024",Long Beach State Beach,299,89,False,77.86500000000001,80.0,77.834375
401573495,"January 11, 2024",Long Beach State Beach,299,74,False,73.095,81.0,77.83777777777777
401573496,"January 13, 2024",Long Beach State Beach,299,76,False,68.445,80.3,77.3635
401573517,"January 27, 2024",Long Beach State Beach,299,65,False,66.63,79.9090909090909,76.55272727272728
401573566,"March 02, 2024",Long Beach State Beach,299,61,False,72.63,78.125,75.441875
401625537,"March 15, 2024",Long Beach State Beach,299,83,True,71.375,77.11764705882354,75.2764705882353
401625538,"March 16, 2024",Long Beach State Beach,299,74,True,72.025,77.44444444444444,75.05972222222222
401583836,"November 06, 2023",Long Beach State Beach,299,73,False,81.305,0.0,0.0
401597890,"November 11, 2023",Long Beach State Beach,299,77,False,74.91,73.0,81.305
401597931,"November 14, 2023",Long Beach State Beach,299,76,False,79.7,75.0,78.1075
401577629,"November 17, 2023",Long Beach State Beach,299,94,False,76.095,75.33333333333333,78.63833333333334
401581581,"November 21, 2023",Long Beach State Beach,299,80,True,80.05,80.0,78.0025
401581174,"November 26, 2023",Long Beach State Beach,299,75,False,68.7,80.0,78.412
401576638,"December 02, 2023",Long Island University Sharks,112358,59,False,76.16499999999999,65.0,74.40299999999999
401576639,"December 06, 2023",Long Island University Sharks,112358,49,False,76.165,64.0,74.69666666666667
401576640,"December 12, 2023",Long Island University Sharks,112358,65,False,67.815,61.857142857142854,74.90642857142858
401576641,"December 16, 2023",Long Island University Sharks,112358,61,False,76.28,62.25,74.02
401589494,"December 23, 2023",Long Island University Sharks,112358,59,False,73.305,62.111111111111114,74.27111111111111
401589497,"February 01, 2024",Long Island University Sharks,112358,75,False,79.375,63.285714285714285,72.4175
401589500,"February 17, 2024",Long Island University Sharks,112358,68,False,76.235,64.06666666666666,72.88133333333333
401589479,"February 25, 2024",Long Island University Sharks,112358,57,False,66.305,64.3125,73.0909375
401589502,"February 29, 2024",Long Island University Sharks,112358,64,False,72.095,63.88235294117647,72.69176470588235
401589450,"January 06, 2024",Long Island University Sharks,112358,73,False,71.955,61.8,74.1745
401589483,"January 13, 2024",Long Island University Sharks,112358,55,False,70.49000000000001,62.81818181818182,73.97272727272728
401589390,"January 19, 2024",Long Island University Sharks,112358,66,False,63.165000000000006,62.166666666666664,73.6825
401589496,"January 27, 2024",Long Island University Sharks,112358,74,False,66.49000000000001,62.46153846153846,72.87346153846154
401625630,"March 06, 2024",Long Island University Sharks,112358,66,False,74.955,63.888888888888886,72.65861111111111
401576635,"November 13, 2023",Long Island University Sharks,112358,53,False,79.98,0.0,0.0
401575802,"November 15, 2023",Long Island University Sharks,112358,58,False,69.375,53.0,79.98
401589493,"November 21, 2023",Long Island University Sharks,112358,67,False,75.86500000000001,55.5,74.67750000000001
401576636,"November 24, 2023",Long Island University Sharks,112358,83,True,74.05,59.333333333333336,75.07333333333334
401576637,"November 25, 2023",Long Island University Sharks,112358,64,False,72.745,65.25,74.8175
401606717,"December 03, 2023",Longwood Lancers,2344,88,False,69.42,74.5,71.3275
401597909,"December 09, 2023",Longwood Lancers,2344,62,False,75.88499999999999,79.0,70.69166666666666
401597911,"December 13, 2023",Longwood Lancers,2344,80,False,69.35,74.75,71.99
401590924,"December 20, 2023",Longwood Lancers,2344,70,False,73.26,75.8,71.462
401577539,"December 30, 2023",Longwood Lancers,2344,69,False,63.42,74.83333333333333,71.76166666666667
401601247,"February 01, 2024",Longwood Lancers,2344,76,False,72.63,71.0,70.402
401601249,"February 03, 2024",Longwood Lancers,2344,77,False,79.98,71.45454545454545,70.60454545454546
401601268,"February 17, 2024",Longwood Lancers,2344,81,False,70.725,71.91666666666667,71.38583333333334
401601275,"February 24, 2024",Longwood Lancers,2344,82,False,71.98,72.61538461538461,71.33500000000001
401601278,"February 29, 2024",Longwood Lancers,2344,69,False,65.7,73.28571428571429,71.38107142857143
401601215,"January 03, 2024",Longwood Lancers,2344,60,False,78.63,74.0,70.57000000000001
401601227,"January 13, 2024",Longwood Lancers,2344,61,False,68.445,72.25,71.5775
401601231,"January 17, 2024",Longwood Lancers,2344,71,False,62.955,71.0,71.22944444444444
401625516,"March 08, 2024",Longwood Lancers,2344,69,True,62.63,73.0,71.00233333333334
401625519,"March 09, 2024",Longwood Lancers,2344,80,True,74.98,72.75,70.4790625
401625521,"March 10, 2024",Longwood Lancers,2344,85,True,66.49000000000001,73.17647058823529,70.74382352941177
401575416,"November 06, 2023",Longwood Lancers,2344,69,False,66.35,0.0,0.0
401597904,"November 15, 2023",Longwood Lancers,2344,80,False,76.305,69.0,66.35
401608974,"November 14, 2023",Loras Duhawks,nd-loras-duhawks,50,False,72.815,0.0,0.0
401600452,"November 15, 2023",Louisiana Christian Wildcats,nd-louisiana-christian-wildcats,56,False,75.7,0.0,0.0
401600076,"December 09, 2023",Louisiana Ragin' Cajuns,309,67,False,70.88499999999999,78.33333333333333,71.69166666666666
401579012,"December 17, 2023",Louisiana Ragin' Cajuns,309,72,False,67.98,75.5,71.49
401593838,"December 22, 2023",Louisiana Ragin' Cajuns,309,84,False,63.49,74.8,70.788
401581676,"December 30, 2023",Louisiana Ragin' Cajuns,309,61,False,70.235,76.33333333333333,69.57166666666667
401581683,"February 15, 2024",Louisiana Ragin' Cajuns,309,68,False,71.77,77.27272727272727,71.21772727272727
401581506,"February 17, 2024",Louisiana Ragin' Cajuns,309,73,False,67.675,76.5,71.26375
401581684,"February 22, 2024",Louisiana Ragin' Cajuns,309,59,False,72.05,76.23076923076923,70.98769230769231
401581685,"February 24, 2024",Louisiana Ragin' Cajuns,309,71,False,73.63,75.0,71.06357142857142
401581677,"January 10, 2024",Louisiana Ragin' Cajuns,309,73,False,75.56,74.14285714285714,69.66642857142857
401581615,"January 13, 2024",Louisiana Ragin' Cajuns,309,84,False,71.98,74.0,70.403125
401581678,"January 17, 2024",Louisiana Ragin' Cajuns,309,86,False,76.42,75.11111111111111,70.57833333333333
401581679,"January 20, 2024",Louisiana Ragin' Cajuns,309,88,False,71.77,76.2,71.1625
401625596,"March 09, 2024",Louisiana Ragin' Cajuns,309,62,True,71.49,74.73333333333333,71.23466666666667
401574581,"November 11, 2023",Louisiana Ragin' Cajuns,309,78,False,70.21,0.0,0.0
401581583,"November 22, 2023",Louisiana Ragin' Cajuns,309,92,True,69.095,78.0,70.21
401579103,"November 30, 2023",Louisiana Ragin' Cajuns,309,65,False,75.77,85.0,69.6525
401600075,"December 05, 2023",Louisiana Tech Bulldogs,2348,56,False,72.26,70.33333333333333,72.04166666666667
401600077,"December 16, 2023",Louisiana Tech Bulldogs,2348,74,False,61.44499999999999,66.75,72.09625
401598979,"December 20, 2023",Louisiana Tech Bulldogs,2348,73,False,77.515,68.2,69.966
401584448,"December 30, 2023",Louisiana Tech Bulldogs,2348,70,False,65.025,69.0,71.22416666666668
401573611,"February 01, 2024",Louisiana Tech Bulldogs,2348,93,False,67.42,69.5,69.1655
401573620,"February 10, 2024",Louisiana Tech Bulldogs,2348,62,False,67.35,71.63636363636364,69.00681818181819
401573633,"February 22, 2024",Louisiana Tech Bulldogs,2348,65,False,66.675,70.83333333333333,68.86874999999999
401573636,"February 24, 2024",Louisiana Tech Bulldogs,2348,67,False,60.235,70.38461538461539,68.7
401573639,"February 28, 2024",Louisiana Tech Bulldogs,2348,90,False,77.12,70.14285714285714,68.09535714285714
401573582,"January 06, 2024",Louisiana Tech Bulldogs,2348,77,False,71.7,69.14285714285714,70.33857142857143
401573585,"January 11, 2024",Louisiana Tech Bulldogs,2348,60,False,63.745,70.125,70.50875
401573597,"January 20, 2024",Louisiana Tech Bulldogs,2348,74,False,63.84,69.0,69.75722222222223
401595309,"November 06, 2023",Louisiana Tech Bulldogs,2348,73,False,74.91,0.0,0.0
401581861,"November 16, 2023",Louisiana Tech Bulldogs,2348,73,False,69.98,73.0,74.91
401600074,"November 29, 2023",Louisiana Tech Bulldogs,2348,65,False,71.235,73.0,72.445
401604095,"December 03, 2023",Louisville Cardinals,97,68,False,71.445,0.0,0.0
401597892,"December 09, 2023",Louisville Cardinals,97,68,False,73.63,68.0,71.445
401604175,"February 07, 2024",Louisville Cardinals,97,92,False,76.655,66.85714285714286,70.38428571428571
401604186,"February 13, 2024",Louisville Cardinals,97,77,False,75.165,70.0,71.168125
401604196,"February 17, 2024",Louisville Cardinals,97,59,False,63.885000000000005,70.77777777777777,71.61222222222221
401604217,"February 28, 2024",Louisville Cardinals,97,59,False,66.56,69.6,70.8395
401604105,"January 03, 2024",Louisville Cardinals,97,53,False,56.955,68.0,72.5375
401604116,"January 10, 2024",Louisville Cardinals,97,80,False,76.025,63.0,67.34333333333332
401604132,"January 17, 2024",Louisville Cardinals,97,70,False,70.84,67.25,69.51375
401604135,"January 20, 2024",Louisville Cardinals,97,65,False,70.42,67.8,69.779
401604159,"January 30, 2024",Louisville Cardinals,97,64,False,73.375,67.33333333333333,69.88583333333334
401625401,"March 12, 2024",Louisville Cardinals,97,85,True,72.88499999999999,68.63636363636364,70.45045454545455
401580104,"November 06, 2023",Lourdes University Gray Wolves,nd-lourdes-university-gray-wolves,56,False,71.165,0.0,0.0
401597842,"December 05, 2023",Loyola Chicago Ramblers,2350,77,False,80.655,65.0,69.815
401577579,"December 16, 2023",Loyola Chicago Ramblers,2350,64,False,67.305,71.0,75.235
401596886,"February 07, 2024",Loyola Chicago Ramblers,2350,85,False,67.91,70.85714285714286,71.79642857142858
401596893,"February 10, 2024",Loyola Chicago Ramblers,2350,81,False,71.49,72.625,71.310625
401596907,"February 18, 2024",Loyola Chicago Ramblers,2350,77,False,71.095,73.55555555555556,71.33055555555556
401596922,"February 27, 2024",Loyola Chicago Ramblers,2350,64,False,76.235,73.9,71.307
401596816,"January 03, 2024",Loyola Chicago Ramblers,2350,80,False,73.165,68.66666666666667,72.59166666666667
401596836,"January 13, 2024",Loyola Chicago Ramblers,2350,78,False,76.7,71.5,72.735
401596853,"January 20, 2024",Loyola Chicago Ramblers,2350,65,False,66.63,72.8,73.52799999999999
401596854,"January 23, 2024",Loyola Chicago Ramblers,2350,67,False,68.305,71.5,72.37833333333333
401596942,"March 06, 2024",Loyola Chicago Ramblers,2350,69,False,67.095,73.0,71.75500000000001
401577594,"November 22, 2023",Loyola Chicago Ramblers,2350,65,True,69.815,0.0,0.0
401593773,"December 06, 2023",Loyola Maryland Greyhounds,2352,61,False,68.49,67.83333333333333,73.08749999999999
401589060,"December 16, 2023",Loyola Maryland Greyhounds,2352,54,False,61.515,66.85714285714286,72.43071428571429
401577551,"December 29, 2023",Loyola Maryland Greyhounds,2352,56,False,75.165,65.25,71.06625
401594517,"February 07, 2024",Loyola Maryland Greyhounds,2352,44,False,56.42,64.85714285714286,68.55035714285715
401594519,"February 14, 2024",Loyola Maryland Greyhounds,2352,79,False,68.095,63.46666666666667,67.74166666666666
401594520,"February 17, 2024",Loyola Maryland Greyhounds,2352,70,False,66.77000000000001,64.4375,67.76375
401594522,"February 25, 2024",Loyola Maryland Greyhounds,2352,79,False,74.63,64.76470588235294,67.70529411764706
401594508,"January 03, 2024",Loyola Maryland Greyhounds,2352,55,False,63.42,64.22222222222223,71.52166666666668
401594510,"January 10, 2024",Loyola Maryland Greyhounds,2352,71,False,57.21,63.3,70.7115
401594513,"January 20, 2024",Loyola Maryland Greyhounds,2352,78,False,67.305,64.0,69.48409090909091
401594515,"January 27, 2024",Loyola Maryland Greyhounds,2352,74,False,60.515,65.16666666666667,69.3025
401594493,"January 31, 2024",Loyola Maryland Greyhounds,2352,52,False,67.56,65.84615384615384,68.62653846153846
401625702,"March 05, 2024",Loyola Maryland Greyhounds,2352,48,False,62.7,65.55555555555556,68.09
401575749,"November 06, 2023",Loyola Maryland Greyhounds,2352,73,False,76.05,0.0,0.0
401577657,"November 11, 2023",Loyola Maryland Greyhounds,2352,77,False,79.91,73.0,76.05
401577719,"November 18, 2023",Loyola Maryland Greyhounds,2352,51,True,69.745,75.0,77.97999999999999
401582129,"November 19, 2023",Loyola Maryland Greyhounds,2352,79,False,79.56,67.0,75.235
401594505,"November 25, 2023",Loyola Maryland Greyhounds,2352,70,False,70.84,70.0,76.31625
401591558,"November 29, 2023",Loyola Maryland Greyhounds,2352,57,False,62.42,70.0,75.221
401590817,"December 02, 2023",Loyola Marymount Lions,2351,59,False,66.445,68.5,70.14250000000001
401590981,"December 09, 2023",Loyola Marymount Lions,2351,78,True,72.84,65.33333333333333,68.91000000000001
401589705,"February 07, 2024",Loyola Marymount Lions,2351,77,False,67.56,67.375,67.836875
401589722,"February 22, 2024",Loyola Marymount Lions,2351,55,False,65.35,68.44444444444444,67.80611111111111
401589724,"February 24, 2024",Loyola Marymount Lions,2351,86,False,61.84,67.1,67.5605
401589681,"January 18, 2024",Loyola Marymount Lions,2351,74,False,69.42,68.5,69.8925
401589685,"January 20, 2024",Loyola Marymount Lions,2351,68,False,63.91,69.6,69.798
401589693,"January 27, 2024",Loyola Marymount Lions,2351,65,False,60.7,69.33333333333333,68.81666666666666
401589695,"January 30, 2024",Loyola Marymount Lions,2351,58,False,69.095,68.71428571428571,67.65714285714286
401589732,"March 02, 2024",Loyola Marymount Lions,2351,60,False,58.35,68.81818181818181,67.04045454545455
401625644,"March 08, 2024",Loyola Marymount Lions,2351,70,True,59.675,68.08333333333333,66.31625
401581534,"November 19, 2023",Loyola Marymount Lions,2351,76,True,73.515,0.0,0.0
401581544,"November 21, 2023",Loyola Marymount Lions,2351,61,True,66.77000000000001,76.0,73.515
401597381,"December 30, 2023",Loyola New Orleans Wolfpack,nd-loyola-new-orleans-wolfpack,64,False,63.91,54.0,67.025
401600453,"November 27, 2023",Loyola New Orleans Wolfpack,nd-loyola-new-orleans-wolfpack,54,False,67.025,0.0,0.0
401598925,"November 17, 2023",Luther Norse,nd-luther-norse,56,False,78.63,0.0,0.0
401617059,"December 16, 2023",Lynchburg Hornets,nd-lynchburg-hornets,63,False,72.49,0.0,0.0
401606135,"November 21, 2023",Lynn Fighting Knights,nd-lynn-fighting-knights,62,False,70.84,0.0,0.0
401600071,"November 13, 2023",Lyon Scots,nd-lyon-scots,43,False,75.7,0.0,0.0
401577568,"December 06, 2023",Maine Black Bears,311,74,False,68.16499999999999,64.66666666666667,66.91666666666667
401575467,"December 18, 2023",Maine Black Bears,311,51,False,67.305,66.0,67.095
401577570,"December 21, 2023",Maine Black Bears,311,74,False,73.7,64.125,67.12125
401577571,"December 29, 2023",Maine Black Bears,311,62,False,70.165,65.22222222222223,67.85222222222222
401581211,"February 01, 2024",Maine Black Bears,311,62,False,69.7,64.76923076923077,67.71576923076924
401581221,"February 10, 2024",Maine Black Bears,311,57,False,73.42,64.57142857142857,67.8575
401581226,"February 15, 2024",Maine Black Bears,311,72,False,73.095,64.06666666666666,68.22833333333332
401581241,"February 29, 2024",Maine Black Bears,311,74,False,75.235,64.5625,68.5325
401581182,"January 06, 2024",Maine Black Bears,311,58,False,66.675,64.9,68.0835
401581194,"January 18, 2024",Maine Black Bears,311,65,False,66.49,64.27272727272727,67.95545454545454
401581198,"January 20, 2024",Maine Black Bears,311,70,False,66.305,64.33333333333333,67.83333333333333
401581244,"March 02, 2024",Maine Black Bears,311,74,False,72.305,65.11764705882354,68.92676470588236
401625604,"March 09, 2024",Maine Black Bears,311,58,False,68.63,65.61111111111111,69.11444444444444
401577558,"November 06, 2023",Maine Black Bears,311,52,False,66.235,0.0,0.0
401577562,"November 17, 2023",Maine Black Bears,311,80,True,65.56,52.0,66.235
401577563,"November 18, 2023",Maine Black Bears,311,58,False,59.28,66.0,65.89750000000001
401577564,"November 22, 2023",Maine Black Bears,311,70,False,70.63,63.333333333333336,63.69166666666666
401577565,"November 25, 2023",Maine Black Bears,311,56,False,71.42,65.0,65.42625
401577566,"November 29, 2023",Maine Black Bears,311,72,False,68.375,63.2,66.625
401577559,"November 08, 2023",Maine-Presque Isle Owls,nd-maine-presque-isle-owls,59,False,87.235,0.0,0.0
401597920,"November 06, 2023",Malone Pioneers,nd-malone-pioneers,58,False,67.21000000000001,0.0,0.0
401594329,"December 03, 2023",Manhattan Jaspers,2363,56,False,68.42,62.0,73.09
401583751,"December 21, 2023",Manhattan Jaspers,2363,71,False,74.025,61.0,72.31166666666667
401594298,"February 04, 2024",Manhattan Jaspers,2363,68,False,66.49,64.36363636363636,74.175
401594356,"February 08, 2024",Manhattan Jaspers,2363,78,False,75.7,64.66666666666667,73.53458333333333
401594317,"February 16, 2024",Manhattan Jaspers,2363,63,False,65.025,65.6923076923077,73.70115384615384
401594373,"January 07, 2024",Manhattan Jaspers,2363,59,False,79.025,62.42857142857143,72.55642857142857
401594384,"January 12, 2024",Manhattan Jaspers,2363,58,False,71.955,62.0,73.36500000000001
401594263,"January 26, 2024",Manhattan Jaspers,2363,70,False,74.49,61.55555555555556,73.20833333333333
401594367,"January 28, 2024",Manhattan Jaspers,2363,84,False,82.56,62.4,73.3365
401594399,"March 01, 2024",Manhattan Jaspers,2363,70,False,64.165,65.5,73.08142857142857
401594392,"March 03, 2024",Manhattan Jaspers,2363,57,False,68.885,65.8,72.48700000000001
401625619,"March 12, 2024",Manhattan Jaspers,2363,57,True,57.49,65.25,72.261875
401598922,"November 06, 2023",Manhattan Jaspers,2363,61,False,72.025,0.0,0.0
401575452,"November 10, 2023",Manhattan Jaspers,2363,61,False,78.56,61.0,72.025
401592102,"November 19, 2023",Manhattan Jaspers,2363,67,False,69.35,61.0,75.2925
401591370,"November 24, 2023",Manhattan Jaspers,2363,60,False,67.815,63.0,73.31166666666667
401586891,"November 27, 2023",Manhattan Jaspers,2363,61,False,77.7,62.25,71.9375
401584386,"December 09, 2023",Marist Red Foxes,2368,63,False,64.955,66.8,70.854
401582015,"December 22, 2023",Marist Red Foxes,2368,56,False,58.955,66.16666666666667,69.87083333333334
401594337,"February 08, 2024",Marist Red Foxes,2368,67,False,64.025,64.0,68.04454545454546
401594338,"February 10, 2024",Marist Red Foxes,2368,77,False,66.095,64.25,67.70958333333333
401594339,"February 23, 2024",Marist Red Foxes,2368,57,False,61.56,65.23076923076923,67.58538461538461
401594340,"February 25, 2024",Marist Red Foxes,2368,60,False,65.05,64.64285714285714,67.155
401594292,"January 07, 2024",Marist Red Foxes,2368,61,False,70.63,64.71428571428571,68.31142857142858
401594332,"January 19, 2024",Marist Red Foxes,2368,48,False,65.815,64.25,68.60125
401594334,"January 26, 2024",Marist Red Foxes,2368,62,False,67.05,62.44444444444444,68.29166666666667
401594264,"January 28, 2024",Marist Red Foxes,2368,80,False,66.815,62.4,68.16749999999999
401594341,"March 07, 2024",Marist Red Foxes,2368,64,False,73.77,64.33333333333333,67.01466666666667
401625625,"March 15, 2024",Marist Red Foxes,2368,61,True,63.885,64.3125,67.436875
401584384,"November 06, 2023",Marist Red Foxes,2368,71,False,67.84,0.0,0.0
401582027,"November 11, 2023",Marist Red Foxes,2368,65,False,71.21000000000001,71.0,67.84
401574594,"November 18, 2023",Marist Red Foxes,2368,59,False,69.84,68.0,69.525
401574607,"November 21, 2023",Marist Red Foxes,2368,71,False,69.445,65.0,69.63000000000001
401594309,"November 29, 2023",Marist Red Foxes,2368,68,False,75.935,66.5,69.58375000000001
401577601,"December 02, 2023",Marquette Golden Eagles,269,64,False,67.98,71.0,69.955
401599439,"December 19, 2023",Marquette Golden Eagles,269,57,False,73.235,67.5,68.9675
401599515,"February 03, 2024",Marquette Golden Eagles,269,91,False,70.84,73.0,70.35071428571429
401599528,"February 13, 2024",Marquette Golden Eagles,269,78,False,72.49,75.25,70.411875
401599536,"February 17, 2024",Marquette Golden Eagles,269,53,False,64.49,75.55555555555556,70.64277777777778
401599477,"January 06, 2024",Marquette Golden Eagles,269,75,False,70.955,64.0,70.39
401599497,"January 20, 2024",Marquette Golden Eagles,269,73,False,69.815,66.75,70.53125
401599501,"January 24, 2024",Marquette Golden Eagles,269,86,False,69.42,68.0,70.388
401599510,"January 30, 2024",Marquette Golden Eagles,269,85,False,71.095,71.0,70.22666666666667
401599553,"March 02, 2024",Marquette Golden Eagles,269,75,False,69.35,73.3,70.0275
401599566,"March 09, 2024",Marquette Golden Eagles,269,86,False,71.445,73.45454545454545,69.9659090909091
401625565,"March 16, 2024",Marquette Golden Eagles,269,57,True,68.095,74.5,70.08916666666666
401574573,"November 14, 2023",Marquette Golden Eagles,269,71,False,69.955,0.0,0.0
401581850,"December 09, 2023",Marshall Thundering Herd,276,74,False,77.91,71.0,75.60125000000001
401577696,"December 13, 2023",Marshall Thundering Herd,276,87,False,76.885,71.6,76.063
401581703,"February 07, 2024",Marshall Thundering Herd,276,66,False,71.56,71.0,74.814
401581505,"February 15, 2024",Marshall Thundering Herd,276,58,False,71.28,70.54545454545455,74.51818181818182
401581639,"February 17, 2024",Marshall Thundering Herd,276,67,False,69.095,69.5,74.24833333333333
401581654,"February 28, 2024",Marshall Thundering Herd,276,73,False,73.84,69.3076923076923,73.85192307692309
401581688,"January 03, 2024",Marshall Thundering Herd,276,68,False,73.165,74.16666666666667,76.2
401581698,"January 06, 2024",Marshall Thundering Herd,276,79,False,70.91,73.28571428571429,75.76642857142858
401581700,"January 18, 2024",Marshall Thundering Herd,276,66,False,77.77,74.0,75.159375
401581672,"January 20, 2024",Marshall Thundering Herd,276,52,False,69.095,73.11111111111111,75.44944444444445
401581666,"March 01, 2024",Marshall Thundering Herd,276,79,False,70.885,69.57142857142857,73.85107142857143
401625594,"March 07, 2024",Marshall Thundering Herd,276,86,True,71.235,70.2,73.65333333333334
401625598,"March 09, 2024",Marshall Thundering Herd,276,64,True,71.84,71.1875,73.5021875
401581846,"November 10, 2023",Marshall Thundering Herd,276,62,True,70.63,0.0,0.0
401581535,"November 19, 2023",Marshall Thundering Herd,276,60,True,75.98,62.0,70.63
401581540,"November 20, 2023",Marshall Thundering Herd,276,80,True,74.77000000000001,61.0,73.305
401581847,"November 24, 2023",Marshall Thundering Herd,276,82,False,81.025,67.33333333333333,73.79333333333334
401591554,"December 11, 2023",Mary Baldwin Fighting Squirrels,nd-mary-baldwin-fighting-squirrels,53,False,81.63,0.0,0.0
401583615,"December 04, 2023",Maryland Eastern Shore Hawks,2379,52,False,64.56,60.666666666666664,69.60666666666667
401583592,"December 06, 2023",Maryland Eastern Shore Hawks,2379,61,False,68.955,58.5,68.345
401584387,"December 18, 2023",Maryland Eastern Shore Hawks,2379,52,False,64.955,59.0,68.467
401576145,"December 22, 2023",Maryland Eastern Shore Hawks,2379,51,False,66.025,57.833333333333336,67.88166666666666
401581081,"December 30, 2023",Maryland Eastern Shore Hawks,2379,63,False,69.725,56.857142857142854,67.61642857142857
401604801,"February 17, 2024",Maryland Eastern Shore Hawks,2379,65,False,77.12,58.18181818181818,69.23681818181818
401604802,"February 24, 2024",Maryland Eastern Shore Hawks,2379,55,False,71.235,58.75,69.89375
401604803,"February 26, 2024",Maryland Eastern Shore Hawks,2379,56,False,63.955,58.46153846153846,69.99692307692308
401589740,"January 08, 2024",Maryland Eastern Shore Hawks,2379,55,False,77.165,57.625,67.88
401630539,"January 13, 2024",Maryland Eastern Shore Hawks,2379,61,False,66.77000000000001,57.333333333333336,68.91166666666668
401604426,"January 20, 2024",Maryland Eastern Shore Hawks,2379,63,False,74.63,57.7,68.6975
401594416,"March 04, 2024",Maryland Eastern Shore Hawks,2379,50,False,66.63,58.285714285714285,69.56535714285714
401625567,"March 13, 2024",Maryland Eastern Shore Hawks,2379,81,True,71.91,57.733333333333334,69.36966666666667
401593849,"November 06, 2023",Maryland Eastern Shore Hawks,2379,65,False,75.05,0.0,0.0
401582013,"November 22, 2023",Maryland Eastern Shore Hawks,2379,55,False,69.815,65.0,75.05
401584371,"November 25, 2023",Maryland Eastern Shore Hawks,2379,62,False,63.955,60.0,72.4325
401600294,"December 01, 2023",Maryland Terrapins,120,53,False,67.63,54.666666666666664,65.36666666666666
401575806,"December 22, 2023",Maryland Terrapins,120,69,False,65.05,54.25,65.9325
401600365,"February 03, 2024",Maryland Terrapins,120,54,False,62.955,62.44444444444444,66.64333333333333
401600379,"February 10, 2024",Maryland Terrapins,120,75,False,79.7,61.6,66.2745
401600398,"February 20, 2024",Maryland Terrapins,120,70,False,67.58500000000001,62.81818181818182,67.49499999999999
401600406,"February 25, 2024",Maryland Terrapins,120,63,False,61.095,63.416666666666664,67.5025
401600317,"January 07, 2024",Maryland Terrapins,120,62,False,67.84,57.2,65.756
401600330,"January 14, 2024",Maryland Terrapins,120,76,False,70.84,58.0,66.10333333333334
401600336,"January 17, 2024",Maryland Terrapins,120,69,False,64.63,60.57142857142857,66.78
401600350,"January 24, 2024",Maryland Terrapins,120,69,False,67.7,61.625,66.51125
401600430,"March 10, 2024",Maryland Terrapins,120,69,False,70.77,63.38461538461539,67.00961538461539
401625681,"March 14, 2024",Maryland Terrapins,120,56,True,65.35,63.785714285714285,67.27821428571428
401583847,"November 10, 2023",Maryland Terrapins,120,61,True,65.235,0.0,0.0
401583848,"November 12, 2023",Maryland Terrapins,120,63,True,70.7,61.0,65.235
401574576,"November 17, 2023",Maryland Terrapins,120,40,False,60.165,62.0,67.9675
401574602,"December 30, 2023",Marywood Pacers,nd-marywood-pacers,52,False,75.025,0.0,0.0
401581085,"December 06, 2023",Massachusetts Minutemen,113,71,False,65.7,0.0,0.0
401581556,"December 22, 2023",Massachusetts Minutemen,113,100,True,73.305,71.0,65.7
401596885,"February 07, 2024",Massachusetts Minutemen,113,73,False,69.98,78.33333333333333,67.48333333333333
401596900,"February 14, 2024",Massachusetts Minutemen,113,69,False,68.375,77.57142857142857,67.84
401596905,"February 17, 2024",Massachusetts Minutemen,113,81,False,71.98,76.5,67.906875
401596923,"February 27, 2024",Massachusetts Minutemen,113,69,False,61.42,77.0,68.35944444444445
401596827,"January 07, 2024",Massachusetts Minutemen,113,60,False,62.025000000000006,85.5,69.5025
401596838,"January 13, 2024",Massachusetts Minutemen,113,77,False,67.98,77.0,67.01
401596845,"January 17, 2024",Massachusetts Minutemen,113,78,False,69.58500000000001,77.0,67.2525
401596864,"January 27, 2024",Massachusetts Minutemen,113,84,False,66.305,77.2,67.71900000000001
401596931,"March 02, 2024",Massachusetts Minutemen,113,69,False,68.095,76.2,67.66550000000001
401581736,"November 06, 2023",Massachusetts-Boston Beacons,nd-massachusetts-boston-beacons,50,False,67.815,0.0,0.0
401590232,"December 14, 2023",Mayville State Comets,nd-mayville-state-comets,62,False,77.165,0.0,0.0
401604330,"November 06, 2023",McMurry War Hawks,nd-mcmurry-war-hawks,71,False,94.63,0.0,0.0
401577632,"December 29, 2023",McNeese Cowboys,2377,87,False,71.98,70.4,62.699
401579021,"February 03, 2024",McNeese Cowboys,2377,74,False,67.56,72.2,67.44149999999999
401578975,"February 12, 2024",McNeese Cowboys,2377,105,False,74.42,72.36363636363636,67.45227272727273
401579024,"February 17, 2024",McNeese Cowboys,2377,74,False,69.84,75.08333333333333,68.03291666666667
401579026,"February 26, 2024",McNeese Cowboys,2377,58,False,65.095,75.0,68.17192307692308
401579013,"January 06, 2024",McNeese Cowboys,2377,73,False,68.7,73.16666666666667,64.24583333333334
401579014,"January 08, 2024",McNeese Cowboys,2377,68,False,73.63,73.14285714285714,64.88214285714285
401579017,"January 20, 2024",McNeese Cowboys,2377,80,False,73.165,72.5,65.97562500000001
401579018,"January 22, 2024",McNeese Cowboys,2377,62,False,73.445,73.33333333333333,66.77444444444444
401579028,"March 06, 2024",McNeese Cowboys,2377,81,False,70.84,73.78571428571429,67.95214285714286
401576137,"November 06, 2023",McNeese Cowboys,2377,76,False,65.49000000000001,0.0,0.0
401579005,"November 18, 2023",McNeese Cowboys,2377,74,False,63.35,76.0,65.49000000000001
401579006,"November 21, 2023",McNeese Cowboys,2377,59,True,57.815,75.0,64.42
401579007,"November 22, 2023",McNeese Cowboys,2377,62,False,60.815,69.66666666666667,62.218333333333334
401579008,"November 28, 2023",McNeese Cowboys,2377,81,False,66.025,67.75,61.8675
401603545,"December 22, 2023",Medgar Evers Cougars,nd-medgar-evers-cougars,51,False,79.58500000000001,0.0,0.0
401583603,"December 02, 2023",Memphis Tigers,235,77,False,78.025,68.0,71.32000000000001
401576142,"December 06, 2023",Memphis Tigers,235,85,False,77.515,70.25,72.99625
401575514,"December 10, 2023",Memphis Tigers,235,81,False,72.515,73.2,73.9
401602123,"February 08, 2024",Memphis Tigers,235,84,False,79.375,80.4,74.3955
401602136,"February 15, 2024",Memphis Tigers,235,66,False,66.56,80.72727272727273,74.84818181818183
401602141,"February 18, 2024",Memphis Tigers,235,79,False,79.49,79.5,74.1575
401602161,"February 29, 2024",Memphis Tigers,235,82,False,74.56,79.46153846153847,74.56769230769231
401602060,"January 04, 2024",Memphis Tigers,235,78,False,75.025,74.5,73.66916666666667
401602079,"January 14, 2024",Memphis Tigers,235,112,False,71.21,75.0,73.86285714285714
401602092,"January 21, 2024",Memphis Tigers,235,79,False,72.515,79.625,73.53125
401602105,"January 28, 2024",Memphis Tigers,235,88,False,83.19,79.55555555555556,73.41833333333334
401602176,"March 09, 2024",Memphis Tigers,235,84,False,72.56,79.64285714285714,74.56714285714285
401583601,"November 10, 2023",Memphis Tigers,235,70,False,72.095,0.0,0.0
401580924,"November 22, 2023",Memphis Tigers,235,71,True,70.56,70.0,72.095
401581523,"November 24, 2023",Memphis Tigers,235,63,True,71.305,70.5,71.3275
401579114,"November 29, 2023",Menlo Oaks,nd-menlo-oaks,69,False,76.025,0.0,0.0
401594532,"December 01, 2023",Mercer Bears,2382,69,False,70.47,65.0,68.886
401587945,"February 10, 2024",Mercer Bears,2382,46,False,71.77,69.83333333333333,70.055
401587973,"February 28, 2024",Mercer Bears,2382,75,False,65.05,68.0,70.18692307692308
401587890,"January 03, 2024",Mercer Bears,2382,69,False,68.12,65.66666666666667,69.15
401587898,"January 06, 2024",Mercer Bears,2382,86,False,80.885,66.14285714285714,69.00285714285715
401587901,"January 10, 2024",Mercer Bears,2382,73,False,66.56,68.625,70.488125
401587914,"January 20, 2024",Mercer Bears,2382,80,False,77.26,69.11111111111111,70.05166666666668
401587920,"January 24, 2024",Mercer Bears,2382,66,False,65.84,70.2,70.77250000000001
401587928,"January 27, 2024",Mercer Bears,2382,70,False,67.095,69.81818181818181,70.32409090909091
401587976,"March 02, 2024",Mercer Bears,2382,82,False,66.42,68.5,69.82000000000001
401625582,"March 09, 2024",Mercer Bears,2382,57,True,63.56,69.4,69.59333333333333
401597989,"November 09, 2023",Mercer Bears,2382,66,False,65.84,0.0,0.0
401597951,"November 14, 2023",Mercer Bears,2382,66,False,71.165,66.0,65.84
401591432,"November 17, 2023",Mercer Bears,2382,67,False,75.305,66.0,68.5025
401582159,"November 24, 2023",Mercer Bears,2382,60,True,67.63,66.33333333333333,70.77
401582163,"November 25, 2023",Mercer Bears,2382,66,True,64.49000000000001,64.75,69.985
401584407,"December 30, 2023",Merchant Marine Academy Mariners,nd-merchant-marine-academy-mariners,50,False,64.42,0.0,0.0
401577725,"December 30, 2023",Mercy Mavericks,nd-mercy-mavericks,63,False,71.35,0.0,0.0
401575752,"December 05, 2023",Merrimack Warriors,2771,57,False,72.63,62.666666666666664,69.11083333333333
401583788,"December 19, 2023",Merrimack Warriors,2771,49,False,69.21000000000001,61.857142857142854,69.61357142857142
401583790,"December 30, 2023",Merrimack Warriors,2771,63,False,68.63,60.25,69.563125
401589498,"February 08, 2024",Merrimack Warriors,2771,82,False,92.075,62.69230769230769,69.01461538461538
401589459,"February 15, 2024",Merrimack Warriors,2771,66,False,67.28,64.07142857142857,70.66178571428571
401589511,"February 29, 2024",Merrimack Warriors,2771,74,False,71.84,64.2,70.43633333333334
401589504,"January 13, 2024",Merrimack Warriors,2771,66,False,66.49,60.55555555555556,69.45944444444444
401589513,"January 15, 2024",Merrimack Warriors,2771,70,False,74.63,61.1,69.1625
401589473,"January 25, 2024",Merrimack Warriors,2771,60,False,59.42,61.90909090909091,69.65954545454545
401589393,"January 27, 2024",Merrimack Warriors,2771,74,False,71.515,61.75,68.80624999999999
401589492,"March 02, 2024",Merrimack Warriors,2771,85,False,73.165,64.8125,70.5240625
401583784,"November 06, 2023",Merrimack Warriors,2771,55,False,58.955,0.0,0.0
401577560,"November 12, 2023",Merrimack Warriors,2771,71,False,67.63,55.0,58.955
401577634,"November 15, 2023",Merrimack Warriors,2771,52,False,67.675,63.0,63.2925
401579101,"November 24, 2023",Merrimack Warriors,2771,71,False,70.095,59.333333333333336,64.75333333333333
401583787,"November 25, 2023",Merrimack Warriors,2771,60,True,77.84,62.25,66.08875
401575485,"November 29, 2023",Merrimack Warriors,2771,67,False,72.47,61.8,68.439
401581848,"December 02, 2023",Miami (OH) RedHawks,193,79,False,78.445,62.0,71.19999999999999
401577638,"December 06, 2023",Miami (OH) RedHawks,193,64,False,66.88499999999999,67.66666666666667,73.615
401588603,"December 09, 2023",Miami (OH) RedHawks,193,61,False,66.56,66.75,71.93249999999999
401588608,"December 19, 2023",Miami (OH) RedHawks,193,82,False,75.095,65.6,70.85799999999999
401588670,"February 03, 2024",Miami (OH) RedHawks,193,69,False,62.63,70.27272727272727,70.06318181818182
401634067,"February 10, 2024",Miami (OH) RedHawks,193,53,False,66.42,70.16666666666667,69.44375000000001
401588688,"February 20, 2024",Miami (OH) RedHawks,193,58,False,72.7,68.84615384615384,69.21115384615385
401588699,"February 27, 2024",Miami (OH) RedHawks,193,66,False,64.955,68.07142857142857,69.46035714285715
401588624,"January 05, 2024",Miami (OH) RedHawks,193,64,False,62.675,68.33333333333333,71.56416666666667
401588627,"January 09, 2024",Miami (OH) RedHawks,193,86,False,63.21,67.71428571428571,70.2942857142857
401588647,"January 20, 2024",Miami (OH) RedHawks,193,87,False,80.305,70.0,69.40875
401588651,"January 23, 2024",Miami (OH) RedHawks,193,55,False,65.955,71.88888888888889,70.61944444444445
401588662,"January 30, 2024",Miami (OH) RedHawks,193,71,False,69.165,70.2,70.15299999999999
401588704,"March 02, 2024",Miami (OH) RedHawks,193,52,False,62.21,67.93333333333334,69.16000000000001
401625502,"March 14, 2024",Miami (OH) RedHawks,193,63,True,74.35,66.9375,68.725625
401587213,"November 06, 2023",Miami (OH) RedHawks,193,64,False,75.05,0.0,0.0
401575419,"November 25, 2023",Miami (OH) RedHawks,193,60,False,67.35,64.0,75.05
401601457,"December 17, 2023",Miami (OH)-Hamilton Harriers,nd-miami-oh-hamilton-harriers,45,False,62.14,0.0,0.0
401604169,"February 05, 2024",Miami Hurricanes,2390,38,False,59.025,73.33333333333333,71.00166666666667
401604188,"February 14, 2024",Miami Hurricanes,2390,60,False,65.675,68.28571428571429,69.29071428571429
401604192,"February 17, 2024",Miami Hurricanes,2390,77,False,66.165,67.25,68.83875
401604211,"February 26, 2024",Miami Hurricanes,2390,71,False,75.955,68.33333333333333,68.54166666666667
401604112,"January 06, 2024",Miami Hurricanes,2390,82,False,78.49,73.0,73.095
401604125,"January 13, 2024",Miami Hurricanes,2390,75,False,72.56,77.5,75.79249999999999
401604140,"January 20, 2024",Miami Hurricanes,2390,69,False,67.025,76.66666666666667,74.71499999999999
401604146,"January 24, 2024",Miami Hurricanes,2390,73,False,69.21,74.75,72.7925
401604157,"January 30, 2024",Miami Hurricanes,2390,68,False,65.63,74.4,72.076
401604233,"March 09, 2024",Miami Hurricanes,2390,75,False,75.35,68.6,69.28299999999999
401625402,"March 12, 2024",Miami Hurricanes,2390,65,True,66.815,69.18181818181819,69.83454545454545
401574549,"November 28, 2023",Miami Hurricanes,2390,73,False,73.095,0.0,0.0
401600305,"December 10, 2023",Michigan State Spartans,127,70,False,66.025,68.0,69.49
401600373,"February 06, 2024",Michigan State Spartans,127,56,False,60.095,67.83333333333333,66.72666666666667
401600387,"February 14, 2024",Michigan State Spartans,127,80,False,68.42,66.14285714285714,65.7792857142857
401600391,"February 17, 2024",Michigan State Spartans,127,73,False,75.42,67.875,66.109375
401600318,"January 07, 2024",Michigan State Spartans,127,74,False,66.77000000000001,69.0,67.7575
401600325,"January 11, 2024",Michigan State Spartans,127,68,False,66.77,70.66666666666667,67.42833333333334
401600345,"January 21, 2024",Michigan State Spartans,127,61,False,64.88499999999999,70.0,67.26375
401600351,"January 26, 2024",Michigan State Spartans,127,66,False,66.42,68.2,66.788
401600418,"March 02, 2024",Michigan State Spartans,127,74,False,66.05,68.44444444444444,67.14388888888888
401600429,"March 10, 2024",Michigan State Spartans,127,64,False,67.42,69.0,67.03450000000001
401625684,"March 15, 2024",Michigan State Spartans,127,62,True,66.42,68.54545454545455,67.06954545454545
401592391,"November 23, 2023",Michigan State Spartans,127,68,True,69.49,0.0,0.0
401577630,"December 02, 2023",Michigan Wolverines,130,83,False,70.42,73.0,69.16499999999999
401600304,"December 10, 2023",Michigan Wolverines,130,90,False,76.375,76.33333333333333,69.58333333333333
401600380,"February 10, 2024",Michigan Wolverines,130,59,False,65.56,72.25,69.284375
401600384,"February 13, 2024",Michigan Wolverines,130,68,False,72.98,70.77777777777777,68.87055555555555
401600401,"February 22, 2024",Michigan Wolverines,130,62,False,59.815,70.5,69.28150000000001
401600414,"February 29, 2024",Michigan Wolverines,130,52,False,67.7,69.72727272727273,68.42090909090909
401600319,"January 07, 2024",Michigan Wolverines,130,73,True,72.91,79.75,71.28125
401600324,"January 11, 2024",Michigan Wolverines,130,57,False,66.305,78.4,71.607
401600346,"January 23, 2024",Michigan Wolverines,130,67,False,69.025,74.83333333333333,70.72333333333334
401600360,"January 30, 2024",Michigan Wolverines,130,62,False,60.91,73.71428571428571,70.48071428571428
401600421,"March 03, 2024",Michigan Wolverines,130,61,False,75.58500000000001,68.25,68.36083333333333
401625679,"March 13, 2024",Michigan Wolverines,130,57,True,66.515,67.6923076923077,68.91653846153847
401574571,"November 13, 2023",Michigan Wolverines,130,89,False,73.095,0.0,0.0
401581525,"November 24, 2023",Michigan Wolverines,130,57,True,65.235,89.0,73.095
401594602,"November 10, 2023",Mid-America Christian Evangels,nd-mid-america-christian-evangels,69,False,69.375,0.0,0.0
401581815,"November 22, 2023",Mid-America Christian Evangels,nd-mid-america-christian-evangels,59,False,69.49000000000001,69.0,69.375
401594075,"December 13, 2023",Mid-Atlantic Christian Mustangs,nd-mid-atlantic-christian-mustangs,51,False,70.095,46.333333333333336,76.42
401584370,"November 06, 2023",Mid-Atlantic Christian Mustangs,nd-mid-atlantic-christian-mustangs,43,False,71.21,0.0,0.0
401591551,"November 09, 2023",Mid-Atlantic Christian Mustangs,nd-mid-atlantic-christian-mustangs,46,False,75.955,43.0,71.21
401590880,"November 14, 2023",Mid-Atlantic Christian Mustangs,nd-mid-atlantic-christian-mustangs,50,False,82.095,44.5,73.5825
401601461,"December 04, 2023",Middle Georgia State Knights,nd-middle-georgia-state-knights,57,False,75.095,0.0,0.0
401587153,"December 19, 2023",Middle Tennessee Blue Raiders,2393,34,False,62.56,63.0,61.885
401587154,"December 22, 2023",Middle Tennessee Blue Raiders,2393,63,False,64.535,48.5,62.2225
401587155,"December 30, 2023",Middle Tennessee Blue Raiders,2393,54,False,71.095,53.333333333333336,62.99333333333333
401573615,"February 03, 2024",Middle Tennessee Blue Raiders,2393,65,False,75.42,55.833333333333336,66.58333333333333
401573618,"February 08, 2024",Middle Tennessee Blue Raiders,2393,53,False,70.095,57.142857142857146,67.84571428571428
401573622,"February 10, 2024",Middle Tennessee Blue Raiders,2393,68,False,73.515,56.625,68.126875
401573631,"February 21, 2024",Middle Tennessee Blue Raiders,2393,68,False,69.05,57.888888888888886,68.72555555555556
401573595,"January 18, 2024",Middle Tennessee Blue Raiders,2393,59,False,70.515,53.5,65.01875
401573599,"January 20, 2024",Middle Tennessee Blue Raiders,2393,62,False,68.91,54.6,66.118
401573643,"March 02, 2024",Middle Tennessee Blue Raiders,2393,64,False,65.98,58.9,68.758
401573650,"March 09, 2024",Middle Tennessee Blue Raiders,2393,70,False,67.63,59.36363636363637,68.50545454545454
401625486,"March 13, 2024",Middle Tennessee Blue Raiders,2393,70,True,70.77,60.25,68.43249999999999
401625490,"March 15, 2024",Middle Tennessee Blue Raiders,2393,54,True,77.63,61.0,68.6123076923077
401603086,"November 26, 2023",Middle Tennessee Blue Raiders,2393,63,True,61.885,0.0,0.0
401597882,"December 05, 2023",Midway University Eagles,nd-midway-university-eagles,44,False,70.025,61.4,71.3
401594428,"November 06, 2023",Midway University Eagles,nd-midway-university-eagles,58,False,73.745,0.0,0.0
401594468,"November 16, 2023",Midway University Eagles,nd-midway-university-eagles,70,False,73.77,58.0,73.745
401594464,"November 20, 2023",Midway University Eagles,nd-midway-university-eagles,70,False,73.91,64.0,73.7575
401598959,"November 21, 2023",Midway University Eagles,nd-midway-university-eagles,56,False,73.375,66.0,73.80833333333334
401597954,"November 22, 2023",Midway University Eagles,nd-midway-university-eagles,53,False,61.7,63.5,73.7
401587150,"November 18, 2023",Milligan Buffaloes,nd-milligan-buffaloes,62,False,76.235,0.0,0.0
401579030,"November 06, 2023",Millsaps Majors,nd-millsaps-majors,70,False,88.26,0.0,0.0
401587642,"December 02, 2023",Milwaukee Panthers,270,58,False,62.025,71.66666666666667,71.65333333333332
401598004,"December 06, 2023",Milwaukee Panthers,270,71,False,64.05,68.25,69.24625
401597915,"December 09, 2023",Milwaukee Panthers,270,81,False,73.095,68.8,68.207
401587716,"February 01, 2024",Milwaukee Panthers,270,68,False,72.77,75.7,71.7515
401587729,"February 08, 2024",Milwaukee Panthers,270,85,False,83.025,75.0,71.84409090909091
401587734,"February 10, 2024",Milwaukee Panthers,270,60,False,69.025,75.83333333333333,72.77583333333332
401587736,"February 14, 2024",Milwaukee Panthers,270,71,False,67.7,74.61538461538461,72.4873076923077
401587758,"February 28, 2024",Milwaukee Panthers,270,75,False,76.305,74.35714285714286,72.14535714285714
401587677,"January 04, 2024",Milwaukee Panthers,270,95,False,81.725,70.83333333333333,69.02166666666666
401587681,"January 06, 2024",Milwaukee Panthers,270,84,False,74.98,74.28571428571429,70.83642857142857
401587699,"January 18, 2024",Milwaukee Panthers,270,72,False,71.91,75.5,71.354375
401587702,"January 20, 2024",Milwaukee Panthers,270,81,False,74.77,75.11111111111111,71.4161111111111
401625694,"March 07, 2024",Milwaukee Panthers,270,95,False,80.725,74.4,72.42266666666666
401625699,"March 11, 2024",Milwaukee Panthers,270,82,True,74.025,75.6875,72.9415625
401625700,"March 12, 2024",Milwaukee Panthers,270,76,True,71.165,76.05882352941177,73.00529411764705
401581157,"November 11, 2023",Milwaukee Panthers,270,69,False,72.91,0.0,0.0
401594480,"November 14, 2023",Milwaukee Panthers,270,79,False,76.63,69.0,72.91
401598926,"November 20, 2023",Milwaukee Panthers,270,67,True,65.42,74.0,74.77
401594195,"December 21, 2023",Milwaukee School Of Engineering Raiders,nd-milwaukee-school-of-engineering-raiders,46,False,62.91,0.0,0.0
401600297,"December 03, 2023",Minnesota Golden Gophers,135,74,False,69.98,58.0,67.025
401600382,"February 11, 2024",Minnesota Golden Gophers,135,85,False,72.98,69.33333333333333,69.305
401600388,"February 15, 2024",Minnesota Golden Gophers,135,76,False,69.12,71.57142857142857,69.83
401600407,"February 25, 2024",Minnesota Golden Gophers,135,55,False,71.165,72.125,69.74125000000001
401600412,"February 28, 2024",Minnesota Golden Gophers,135,97,False,66.56,70.22222222222223,69.89944444444444
401600311,"January 04, 2024",Minnesota Golden Gophers,135,73,False,65.77,66.0,68.5025
401600326,"January 12, 2024",Minnesota Golden Gophers,135,62,False,72.84,68.33333333333333,67.59166666666667
401600339,"January 18, 2024",Minnesota Golden Gophers,135,66,False,70.305,66.75,68.90375
401600354,"January 27, 2024",Minnesota Golden Gophers,135,83,False,69.91,66.6,69.184
401600427,"March 09, 2024",Minnesota Golden Gophers,135,66,False,61.815,72.9,69.5655
401625680,"March 14, 2024",Minnesota Golden Gophers,135,67,True,65.165,72.27272727272727,68.86090909090909
401598045,"November 26, 2023",Minnesota Golden Gophers,135,58,True,67.025,0.0,0.0
401579098,"November 14, 2023",Mississippi College Choctaws,nd-mississippi-college-choctaws,52,False,78.235,0.0,0.0
401597166,"February 03, 2024",Mississippi State Bulldogs,344,67,False,79.12,70.0,68.434
401597179,"February 10, 2024",Mississippi State Bulldogs,344,75,False,73.7,69.5,70.215
401597205,"February 24, 2024",Mississippi State Bulldogs,344,87,False,72.77,70.28571428571429,70.71285714285715
401597115,"January 06, 2024",Mississippi State Bulldogs,344,62,False,64.49000000000001,59.0,72.56
401597136,"January 17, 2024",Mississippi State Bulldogs,344,77,False,69.35,60.5,68.525
401597147,"January 24, 2024",Mississippi State Bulldogs,344,70,False,67.815,66.0,68.8
401597157,"January 30, 2024",Mississippi State Bulldogs,344,82,False,67.955,67.0,68.55375000000001
401597216,"March 02, 2024",Mississippi State Bulldogs,344,63,False,65.7,72.375,70.97
401597227,"March 06, 2024",Mississippi State Bulldogs,344,69,False,63.745,71.33333333333333,70.38444444444445
401625449,"March 14, 2024",Mississippi State Bulldogs,344,70,True,72.235,71.1,69.7205
401625453,"March 15, 2024",Mississippi State Bulldogs,344,73,True,68.42,71.0,69.94909090909091
401625457,"March 16, 2024",Mississippi State Bulldogs,344,66,True,68.77000000000001,71.16666666666667,69.82166666666667
401574547,"November 28, 2023",Mississippi State Bulldogs,344,59,False,72.56,0.0,0.0
401600115,"December 03, 2023",Mississippi University For Women Owls,nd-mississippi-university-for-women-owls,60,False,71.35,0.0,0.0
401579010,"December 05, 2023",Mississippi University For Women Owls,nd-mississippi-university-for-women-owls,23,False,75.955,60.0,71.35
401602609,"December 02, 2023",Mississippi Valley State Delta Devils,2400,48,False,59.955,51.42857142857143,70.74000000000001
401584373,"December 05, 2023",Mississippi Valley State Delta Devils,2400,39,False,57.28,51.0,69.391875
401606990,"December 11, 2023",Mississippi Valley State Delta Devils,2400,40,False,65.35,49.666666666666664,68.04611111111112
401604911,"December 19, 2023",Mississippi Valley State Delta Devils,2400,50,False,65.84,48.7,67.7765
401604912,"December 22, 2023",Mississippi Valley State Delta Devils,2400,48,False,66.28,48.81818181818182,67.60045454545455
401598048,"December 30, 2023",Mississippi Valley State Delta Devils,2400,42,False,60.28,48.75,67.49041666666666
401600108,"February 17, 2024",Mississippi Valley State Delta Devils,2400,57,False,67.515,49.88235294117647,67.10176470588236
401600124,"February 19, 2024",Mississippi Valley State Delta Devils,2400,46,False,66.095,50.27777777777778,67.12472222222223
401598024,"January 13, 2024",Mississippi Valley State Delta Devils,2400,60,False,70.49000000000001,48.23076923076923,66.93576923076924
401603003,"January 15, 2024",Mississippi Valley State Delta Devils,2400,61,False,66.63,49.07142857142857,67.18964285714286
401604913,"January 27, 2024",Mississippi Valley State Delta Devils,2400,46,False,67.42,49.86666666666667,67.15233333333335
401604289,"January 29, 2024",Mississippi Valley State Delta Devils,2400,54,False,66.025,49.625,67.1690625
401604929,"March 02, 2024",Mississippi Valley State Delta Devils,2400,69,False,73.815,50.05263157894737,67.07052631578948
401602355,"March 07, 2024",Mississippi Valley State Delta Devils,2400,67,False,60.56,51.0,67.40775
401583835,"March 09, 2024",Mississippi Valley State Delta Devils,2400,67,False,66.7,51.76190476190476,67.08166666666668
401584408,"November 06, 2023",Mississippi Valley State Delta Devils,2400,60,False,75.305,0.0,0.0
401584350,"November 10, 2023",Mississippi Valley State Delta Devils,2400,43,False,65.7,60.0,75.305
401591369,"November 14, 2023",Mississippi Valley State Delta Devils,2400,53,False,70.235,51.5,70.5025
401578012,"November 17, 2023",Mississippi Valley State Delta Devils,2400,52,False,71.025,52.0,70.41333333333334
401579112,"November 20, 2023",Mississippi Valley State Delta Devils,2400,39,False,63.35,52.0,70.56625
401594093,"November 24, 2023",Mississippi Valley State Delta Devils,2400,48,False,76.795,49.4,69.123
401575407,"November 26, 2023",Mississippi Valley State Delta Devils,2400,65,False,72.77000000000001,49.166666666666664,70.40166666666667
401604789,"December 03, 2023",Missouri Baptist Spartans,nd-missouri-baptist-spartans,56,False,71.955,62.0,74.91
401604347,"November 28, 2023",Missouri Baptist Spartans,nd-missouri-baptist-spartans,62,False,74.91,0.0,0.0
401601817,"December 02, 2023",Missouri State Bears,2623,57,False,68.885,64.5,62.815
401577701,"December 05, 2023",Missouri State Bears,2623,73,False,74.165,62.0,64.83833333333334
401577703,"December 16, 2023",Missouri State Bears,2623,72,False,68.77000000000001,64.75,67.17
401577705,"December 23, 2023",Missouri State Bears,2623,69,False,62.955,66.2,67.49000000000001
401601886,"February 07, 2024",Missouri State Bears,2623,65,False,66.305,68.81818181818181,67.77136363636363
401601897,"February 14, 2024",Missouri State Bears,2623,72,False,68.025,68.5,67.64916666666667
401601912,"February 24, 2024",Missouri State Bears,2623,78,False,77.095,68.76923076923077,67.67807692307693
401601920,"February 28, 2024",Missouri State Bears,2623,74,False,64.49,69.42857142857143,68.35071428571429
401601827,"January 06, 2024",Missouri State Bears,2623,60,False,72.095,66.66666666666667,66.73416666666667
401601839,"January 13, 2024",Missouri State Bears,2623,74,False,67.305,65.71428571428571,67.5
401601845,"January 16, 2024",Missouri State Bears,2623,66,False,61.35,66.75,67.47562500000001
401601868,"January 27, 2024",Missouri State Bears,2623,81,False,72.63,66.66666666666667,66.79500000000002
401601874,"January 31, 2024",Missouri State Bears,2623,76,False,71.7,68.1,67.3785
401625659,"March 07, 2024",Missouri State Bears,2623,60,True,60.025,69.73333333333333,68.09333333333333
401625664,"March 08, 2024",Missouri State Bears,2623,59,True,71.885,69.125,67.5890625
401575469,"November 06, 2023",Missouri State Bears,2623,59,False,63.745000000000005,0.0,0.0
401577699,"November 17, 2023",Missouri State Bears,2623,70,True,61.885,59.0,63.745000000000005
401575456,"December 09, 2023",Missouri Tigers,142,64,False,71.305,70.5,65.9325
401584516,"December 22, 2023",Missouri Tigers,142,73,True,75.58500000000001,68.33333333333333,67.72333333333334
401597169,"February 03, 2024",Missouri Tigers,142,61,False,63.7,68.875,70.02625
401597187,"February 17, 2024",Missouri Tigers,142,76,False,68.05,68.0,69.32333333333334
401597200,"February 24, 2024",Missouri Tigers,142,73,False,69.05,68.8,69.196
401597210,"February 28, 2024",Missouri Tigers,142,74,False,71.305,69.18181818181819,69.18272727272728
401597118,"January 09, 2024",Missouri Tigers,142,77,False,77.12,69.5,69.68875
401597130,"January 16, 2024",Missouri Tigers,142,75,False,68.7,71.0,71.175
401597145,"January 23, 2024",Missouri Tigers,142,57,False,65.795,71.66666666666667,70.7625
401597152,"January 27, 2024",Missouri Tigers,142,64,False,69.84,69.57142857142857,70.05285714285715
401597230,"March 09, 2024",Missouri Tigers,142,80,False,77.795,69.58333333333333,69.35958333333333
401625448,"March 13, 2024",Missouri Tigers,142,59,True,63.35,70.38461538461539,70.00846153846155
401594539,"November 16, 2023",Missouri Tigers,142,70,False,66.28,0.0,0.0
401574546,"November 28, 2023",Missouri Tigers,142,71,False,65.58500000000001,70.0,66.28
401584442,"December 30, 2023",Mobile Rams,nd-mobile-rams,65,False,68.56,83.0,75.305
401606132,"November 06, 2023",Mobile Rams,nd-mobile-rams,83,False,75.305,0.0,0.0
401589463,"November 09, 2023",Molloy Lions,nd-molloy-lions,48,False,69.815,0.0,0.0
401587233,"November 08, 2023",Monmouth (IL) Fighting Scots,nd-monmouth-il-fighting-scots,45,False,70.56,0.0,0.0
401583749,"December 12, 2023",Monmouth Hawks,2405,61,False,68.12,73.0,70.52583333333334
401583752,"December 31, 2023",Monmouth Hawks,2405,56,False,63.885,71.28571428571429,70.18214285714286
401600706,"February 03, 2024",Monmouth Hawks,2405,80,False,72.98,69.41666666666667,69.11291666666666
401600717,"February 10, 2024",Monmouth Hawks,2405,65,False,67.095,70.23076923076923,69.41038461538461
401600740,"February 22, 2024",Monmouth Hawks,2405,61,False,63.42,69.85714285714286,69.245
401600752,"February 29, 2024",Monmouth Hawks,2405,56,False,66.49,69.26666666666667,68.85666666666667
401600657,"January 11, 2024",Monmouth Hawks,2405,56,False,65.025,69.375,69.395
401600663,"January 13, 2024",Monmouth Hawks,2405,83,False,77.7,67.88888888888889,68.90944444444445
401600669,"January 18, 2024",Monmouth Hawks,2405,74,False,62.235,69.4,69.7885
401600684,"January 25, 2024",Monmouth Hawks,2405,65,False,69.235,69.81818181818181,69.10181818181819
401600760,"March 02, 2024",Monmouth Hawks,2405,85,False,73.095,68.4375,68.70875000000001
401630145,"March 10, 2024",Monmouth Hawks,2405,59,True,64.955,69.41176470588235,68.96676470588235
401583744,"November 06, 2023",Monmouth Hawks,2405,61,False,70.375,0.0,0.0
401575470,"November 10, 2023",Monmouth Hawks,2405,73,False,67.63,61.0,70.375
401575762,"November 24, 2023",Monmouth Hawks,2405,93,True,75.58500000000001,67.0,69.0025
401581531,"November 25, 2023",Monmouth Hawks,2405,63,True,72.58500000000001,75.66666666666667,71.19666666666667
401581532,"November 26, 2023",Monmouth Hawks,2405,61,False,63.815,72.5,71.54375
401583747,"November 29, 2023",Monmouth Hawks,2405,87,False,73.165,70.2,69.998
401602186,"December 17, 2023",Montana Grizzlies,149,86,False,69.815,57.0,68.22
401597916,"December 19, 2023",Montana Grizzlies,149,73,False,67.095,64.25,68.61875
401573388,"December 28, 2023",Montana Grizzlies,149,63,False,72.515,66.0,68.314
401573391,"December 30, 2023",Montana Grizzlies,149,76,False,63.955,65.5,69.01416666666667
401573435,"February 08, 2024",Montana Grizzlies,149,94,False,71.16499999999999,69.81818181818181,67.59409090909091
401573440,"February 10, 2024",Montana Grizzlies,149,71,False,68.63,71.83333333333333,67.89166666666667
401573353,"February 29, 2024",Montana Grizzlies,149,79,False,67.42,71.76923076923077,67.94846153846153
401598001,"January 03, 2024",Montana Grizzlies,149,96,False,74.955,67.0,68.29142857142857
401573409,"January 20, 2024",Montana Grizzlies,149,87,False,70.025,70.625,69.124375
401573416,"January 25, 2024",Montana Grizzlies,149,46,False,59.49,72.44444444444444,69.22444444444444
401573421,"January 27, 2024",Montana Grizzlies,149,70,False,61.025,69.8,68.251
401573462,"March 02, 2024",Montana Grizzlies,149,80,False,67.63,72.28571428571429,67.91071428571429
401600291,"November 10, 2023",Montana Grizzlies,149,61,False,67.98,0.0,0.0
401575437,"November 24, 2023",Montana Grizzlies,149,44,False,63.05,61.0,67.98
401590816,"November 29, 2023",Montana Grizzlies,149,66,False,73.63,52.5,65.515
401581176,"December 05, 2023",Montana State Bobcats,147,61,False,72.49000000000001,65.5,66.8275
401581179,"December 22, 2023",Montana State Bobcats,147,70,False,77.375,64.0,68.715
401573387,"December 28, 2023",Montana State Bobcats,147,74,False,65.7,65.5,70.88
401573392,"December 30, 2023",Montana State Bobcats,147,64,False,67.725,67.2,69.84400000000001
401573436,"February 08, 2024",Montana State Bobcats,147,70,False,70.49,69.11111111111111,70.19111111111111
401573441,"February 10, 2024",Montana State Bobcats,147,71,False,77.63,69.2,70.221
401573449,"February 17, 2024",Montana State Bobcats,147,69,False,65.095,69.36363636363636,70.89454545454545
401573354,"February 29, 2024",Montana State Bobcats,147,62,False,60.49,69.33333333333333,70.41125
401580035,"January 06, 2024",Montana State Bobcats,147,61,False,72.49000000000001,66.66666666666667,69.49083333333333
401573417,"January 25, 2024",Montana State Bobcats,147,70,False,64.375,65.85714285714286,69.91928571428572
401573422,"January 27, 2024",Montana State Bobcats,147,91,False,77.91,66.375,69.22625000000001
401573461,"March 02, 2024",Montana State Bobcats,147,104,False,88.795,68.76923076923077,69.64807692307691
401625613,"March 11, 2024",Montana State Bobcats,147,91,True,72.955,71.28571428571429,71.01571428571428
401625617,"March 13, 2024",Montana State Bobcats,147,85,True,70.77,72.6,71.145
401581170,"November 11, 2023",Montana State Bobcats,147,68,False,69.42,0.0,0.0
401581171,"November 16, 2023",Montana State Bobcats,147,63,False,64.235,68.0,69.42
401604767,"December 05, 2023",Montana State-Northern Lights,nd-montana-state-northern-lights,67,False,72.165,0.0,0.0
401617382,"December 09, 2023",Montana Tech Orediggers,nd-montana-tech-orediggers,67,False,79.165,0.0,0.0
401597875,"December 17, 2023",Montevallo Falcons,nd-montevallo-falcons,56,False,74.21,0.0,0.0
401602671,"December 10, 2023",Montreat Cavaliers,nd-montreat-cavaliers,50,False,73.42,0.0,0.0
401577655,"December 29, 2023",Montreat Cavaliers,nd-montreat-cavaliers,59,False,79.91,50.0,73.42
401587117,"December 10, 2023",Morehead State Eagles,2413,86,False,65.91,61.2,68.19300000000001
401577617,"December 19, 2023",Morehead State Eagles,2413,68,False,67.98,65.33333333333333,67.8125
401587255,"December 31, 2023",Morehead State Eagles,2413,83,False,76.305,65.71428571428571,67.83642857142857
401587297,"February 01, 2024",Morehead State Eagles,2413,68,False,63.095,68.18181818181819,67.89681818181818
401587300,"February 03, 2024",Morehead State Eagles,2413,67,False,57.885,68.16666666666667,67.49666666666667
401587318,"February 15, 2024",Morehead State Eagles,2413,68,False,63.63,68.07692307692308,66.75730769230769
401587323,"February 17, 2024",Morehead State Eagles,2413,82,False,73.56,68.07142857142857,66.53392857142858
401587330,"February 22, 2024",Morehead State Eagles,2413,78,False,62.885000000000005,69.0,67.00233333333333
401587267,"January 11, 2024",Morehead State Eagles,2413,78,False,65.63,67.875,68.895
401587274,"January 13, 2024",Morehead State Eagles,2413,48,False,63.885,69.0,68.53222222222222
401587281,"January 20, 2024",Morehead State Eagles,2413,81,False,66.19,66.9,68.0675
401625578,"March 08, 2024",Morehead State Eagles,2413,84,True,75.025,69.5625,66.745
401625579,"March 09, 2024",Morehead State Eagles,2413,69,True,60.955,70.41176470588235,67.23205882352941
401591429,"November 06, 2023",Morehead State Eagles,2413,73,False,74.165,0.0,0.0
401577641,"November 10, 2023",Morehead State Eagles,2413,57,False,68.84,73.0,74.165
401597952,"November 17, 2023",Morehead State Eagles,2413,51,False,77.84,65.0,71.5025
401597953,"November 20, 2023",Morehead State Eagles,2413,64,False,58.955,60.333333333333336,73.61500000000001
401597881,"November 29, 2023",Morehead State Eagles,2413,61,False,61.165,61.25,69.95
401607612,"January 15, 2024",Morehouse Maroon Tigers,nd-morehouse-maroon-tigers,72,False,76.63,0.0,0.0
401596814,"December 18, 2023",Morgan State Bears,2415,76,False,69.56,61.0,71.65666666666667
401575433,"December 27, 2023",Morgan State Bears,2415,44,False,61.025,63.142857142857146,71.35714285714286
401603546,"December 31, 2023",Morgan State Bears,2415,53,False,70.63,60.75,70.065625
401606721,"February 03, 2024",Morgan State Bears,2415,72,False,69.305,64.58333333333333,71.75583333333334
401606722,"February 05, 2024",Morgan State Bears,2415,79,False,75.42,65.15384615384616,71.5673076923077
401604430,"February 19, 2024",Morgan State Bears,2415,58,False,70.05,66.14285714285714,71.8425
401606723,"February 24, 2024",Morgan State Bears,2415,72,False,77.98,65.6,71.723
401604795,"January 06, 2024",Morgan State Bears,2415,74,False,72.49000000000001,59.888888888888886,70.12833333333333
401589741,"January 20, 2024",Morgan State Bears,2415,89,False,84.26,61.3,70.36449999999999
401594409,"January 29, 2024",Morgan State Bears,2415,73,False,73.165,63.81818181818182,71.62772727272727
401625568,"March 14, 2024",Morgan State Bears,2415,65,True,73.77000000000001,66.0,72.1140625
401600255,"November 06, 2023",Morgan State Bears,2415,59,False,80.025,0.0,0.0
401598566,"November 15, 2023",Morgan State Bears,2415,68,False,77.56,59.0,80.025
401593952,"November 18, 2023",Morgan State Bears,2415,50,False,66.675,63.5,78.7925
401587136,"November 21, 2023",Morgan State Bears,2415,72,True,71.63,59.0,74.75333333333333
401587144,"November 26, 2023",Morgan State Bears,2415,58,False,63.7,62.25,73.9725
401597901,"November 29, 2023",Morgan State Bears,2415,59,False,70.35,61.4,71.918
401600092,"November 06, 2023",Mount Marty College Lancers,nd-mount-marty-college-lancers,53,False,71.56,0.0,0.0
401597995,"November 08, 2023",Mount Marty College Lancers,nd-mount-marty-college-lancers,66,False,73.165,53.0,71.56
401590230,"November 27, 2023",Mount Marty College Lancers,nd-mount-marty-college-lancers,70,False,70.42,59.5,72.36250000000001
401602669,"November 06, 2023",Mount Olive Trojans,nd-mount-olive-trojans,66,False,84.49,0.0,0.0
401597900,"November 26, 2023",Mount Olive Trojans,nd-mount-olive-trojans,73,False,81.58500000000001,66.0,84.49
401576158,"November 13, 2023",Mount Saint Mary (NY) Knights,nd-mount-saint-mary-ny-knights,45,False,69.28,0.0,0.0
401591560,"January 04, 2024",Mount Saint Vincent,nd-mount-saint-vincent,52,False,79.91,0.0,0.0
401594345,"December 01, 2023",Mount St. Mary's Mountaineers,116,74,False,74.42,63.333333333333336,70.08
401594347,"December 05, 2023",Mount St. Mary's Mountaineers,116,68,False,72.375,66.0,71.16499999999999
401594348,"December 09, 2023",Mount St. Mary's Mountaineers,116,77,False,71.305,66.4,71.407
401589383,"December 15, 2023",Mount St. Mary's Mountaineers,116,72,False,70.095,68.16666666666667,71.39
401594349,"December 20, 2023",Mount St. Mary's Mountaineers,116,82,False,79.655,68.71428571428571,71.205
401594350,"December 30, 2023",Mount St. Mary's Mountaineers,116,73,False,76.235,70.375,72.26125
401594335,"February 02, 2024",Mount St. Mary's Mountaineers,116,76,False,68.885,69.58333333333333,72.27374999999999
401594355,"February 04, 2024",Mount St. Mary's Mountaineers,116,68,False,69.445,70.07692307692308,72.01307692307692
401594358,"February 16, 2024",Mount St. Mary's Mountaineers,116,57,False,71.815,69.92857142857143,71.82964285714286
401594302,"February 18, 2024",Mount St. Mary's Mountaineers,116,80,False,71.42,69.06666666666666,71.82866666666668
401594351,"January 07, 2024",Mount St. Mary's Mountaineers,116,64,False,70.445,70.66666666666667,72.70277777777778
401594312,"January 14, 2024",Mount St. Mary's Mountaineers,116,70,False,65.63,70.0,72.477
401594353,"January 25, 2024",Mount St. Mary's Mountaineers,116,65,False,76.885,70.0,71.85454545454546
401594271,"March 01, 2024",Mount St. Mary's Mountaineers,116,56,False,61.21,69.75,71.803125
401594360,"March 03, 2024",Mount St. Mary's Mountaineers,116,91,False,77.235,68.94117647058823,71.17999999999999
401577620,"November 07, 2023",Mount St. Mary's Mountaineers,116,53,False,67.375,0.0,0.0
401575482,"November 18, 2023",Mount St. Mary's Mountaineers,116,72,False,77.77,53.0,67.375
401594343,"November 22, 2023",Mount St. Mary's Mountaineers,116,65,False,65.095,62.5,72.57249999999999
401601819,"December 03, 2023",Murray State Racers,93,72,False,65.025,81.0,72.56
401594432,"December 09, 2023",Murray State Racers,93,49,False,57.35,76.5,68.7925
401594433,"December 13, 2023",Murray State Racers,93,81,False,67.19,67.33333333333333,64.97833333333334
401594435,"December 18, 2023",Murray State Racers,93,66,False,75.165,70.75,65.53125
401601878,"February 03, 2024",Murray State Racers,93,71,False,59.955,71.44444444444444,66.91666666666667
401601881,"February 07, 2024",Murray State Racers,93,64,False,70.165,71.4,66.2205
401601902,"February 18, 2024",Murray State Racers,93,72,False,67.77000000000001,70.72727272727273,66.57909090909091
401601908,"February 21, 2024",Murray State Racers,93,68,False,63.42,70.83333333333333,66.67833333333333
401601828,"January 06, 2024",Murray State Racers,93,81,False,68.955,69.8,67.458
401601836,"January 10, 2024",Murray State Racers,93,77,False,66.025,71.66666666666667,67.7075
401601850,"January 17, 2024",Murray State Racers,93,73,False,67.025,72.42857142857143,67.46714285714286
401601859,"January 24, 2024",Murray State Racers,93,63,False,62.955,72.5,67.41187500000001
401601925,"March 03, 2024",Murray State Racers,93,77,False,68.305,70.61538461538461,66.42769230769231
401594431,"November 20, 2023",Murray State Racers,93,81,True,72.56,0.0,0.0
401589376,"December 22, 2023",Muskingum Fighting Muskies,nd-muskingum-fighting-muskies,54,False,72.21,0.0,0.0
401604089,"December 02, 2023",NC State Wolfpack,152,84,False,80.235,74.0,76.39
401575523,"December 16, 2023",NC State Wolfpack,152,70,True,67.375,76.5,77.35125
401604177,"February 10, 2024",NC State Wolfpack,152,79,False,71.885,70.77777777777777,72.4211111111111
401604193,"February 17, 2024",NC State Wolfpack,152,78,False,70.095,71.6,72.36749999999999
401604212,"February 27, 2024",NC State Wolfpack,152,83,False,72.49,72.18181818181819,72.16090909090909
401604104,"January 03, 2024",NC State Wolfpack,152,54,False,61.56,75.2,75.356
401604122,"January 13, 2024",NC State Wolfpack,152,89,False,73.375,71.66666666666667,73.05666666666667
401604147,"January 24, 2024",NC State Wolfpack,152,53,False,66.955,74.14285714285714,73.10214285714287
401604154,"January 27, 2024",NC State Wolfpack,152,65,False,73.12,71.5,72.33375
401604219,"March 02, 2024",NC State Wolfpack,152,70,False,68.56,73.08333333333333,72.18833333333333
401604235,"March 09, 2024",NC State Wolfpack,152,73,False,65.56,72.84615384615384,71.90923076923077
401625405,"March 13, 2024",NC State Wolfpack,152,83,True,71.84,72.85714285714286,71.45571428571428
401625409,"March 14, 2024",NC State Wolfpack,152,74,True,71.7,73.53333333333333,71.48133333333334
401625412,"March 15, 2024",NC State Wolfpack,152,73,True,66.025,73.5625,71.495
401625413,"March 16, 2024",NC State Wolfpack,152,84,True,74.515,73.52941176470588,71.17323529411765
401582151,"November 23, 2023",NC State Wolfpack,152,84,True,82.05,0.0,0.0
401582153,"November 24, 2023",NC State Wolfpack,152,86,True,79.7,84.0,82.05
401574550,"November 28, 2023",NC State Wolfpack,152,52,False,67.42,85.0,80.875
401586894,"December 06, 2023",NJIT Highlanders,2885,80,False,73.375,63.0,70.4675
401581092,"December 09, 2023",NJIT Highlanders,2885,59,False,69.56,66.4,71.049
401594363,"December 16, 2023",NJIT Highlanders,2885,81,False,70.235,65.16666666666667,70.80083333333333
401581209,"February 01, 2024",NJIT Highlanders,2885,66,False,64.77,66.4,69.8625
401581224,"February 15, 2024",NJIT Highlanders,2885,58,False,69.42,66.36363636363636,69.39954545454545
401581235,"February 22, 2024",NJIT Highlanders,2885,78,False,63.49,65.66666666666667,69.40125
401581238,"February 24, 2024",NJIT Highlanders,2885,58,False,62.515,66.61538461538461,68.94653846153845
401581187,"January 11, 2024",NJIT Highlanders,2885,62,False,72.885,67.42857142857143,70.72
401581191,"January 13, 2024",NJIT Highlanders,2885,55,False,62.745000000000005,66.75,70.990625
401581207,"January 27, 2024",NJIT Highlanders,2885,75,False,67.955,65.44444444444444,70.07444444444444
401581246,"March 02, 2024",NJIT Highlanders,2885,82,False,83.235,66.0,68.48714285714286
401588936,"November 06, 2023",NJIT Highlanders,2885,60,False,77.095,0.0,0.0
401597382,"November 16, 2023",NJIT Highlanders,2885,73,False,70.35,60.0,77.095
401589464,"November 25, 2023",NJIT Highlanders,2885,51,False,63.91,66.5,73.7225
401589059,"November 29, 2023",NJIT Highlanders,2885,68,False,70.515,61.333333333333336,70.45166666666667
401604387,"November 27, 2023",Navajo Tech Skyhawks,nd-navajo-tech-skyhawks,45,False,81.19,0.0,0.0
401581077,"December 05, 2023",Navy Midshipmen,2426,77,False,80.655,54.0,65.36666666666667
401577687,"December 08, 2023",Navy Midshipmen,2426,68,False,76.165,59.75,69.18875
401583783,"December 21, 2023",Navy Midshipmen,2426,65,False,65.49,61.4,70.584
401598596,"February 03, 2024",Navy Midshipmen,2426,64,False,66.63,64.2,68.6235
401598597,"February 10, 2024",Navy Midshipmen,2426,67,False,73.515,64.18181818181819,68.44227272727272
401597975,"February 17, 2024",Navy Midshipmen,2426,65,False,60.095,64.41666666666667,68.865
401594521,"February 21, 2024",Navy Midshipmen,2426,69,False,64.77,64.46153846153847,68.19038461538462
401598591,"January 10, 2024",Navy Midshipmen,2426,80,False,67.05,62.0,69.735
401598592,"January 13, 2024",Navy Midshipmen,2426,62,False,70.16499999999999,64.57142857142857,69.35142857142857
401594491,"January 24, 2024",Navy Midshipmen,2426,63,False,61.44499999999999,64.25,69.453125
401598595,"January 31, 2024",Navy Midshipmen,2426,65,False,69.165,64.11111111111111,68.56333333333333
401597397,"March 02, 2024",Navy Midshipmen,2426,71,False,62.56,64.78571428571429,67.94607142857143
401625704,"March 07, 2024",Navy Midshipmen,2426,61,False,65.025,65.2,67.587
401596807,"November 06, 2023",Navy Midshipmen,2426,48,False,57.77,0.0,0.0
401594112,"November 18, 2023",Navy Midshipmen,2426,55,False,69.165,48.0,57.77
401598589,"November 20, 2023",Navy Midshipmen,2426,59,False,69.165,51.5,63.4675
401600302,"December 06, 2023",Nebraska Cornhuskers,158,65,False,71.515,0.0,0.0
401574838,"December 17, 2023",Nebraska Cornhuskers,158,62,False,71.63,65.0,71.515
401600369,"February 04, 2024",Nebraska Cornhuskers,158,84,False,83.05,68.0,71.30833333333334
401600374,"February 07, 2024",Nebraska Cornhuskers,158,68,False,73.77000000000001,70.28571428571429,72.98571428571428
401600400,"February 21, 2024",Nebraska Cornhuskers,158,85,False,72.84,70.0,73.08375
401600415,"February 29, 2024",Nebraska Cornhuskers,158,69,False,72.98,71.66666666666667,73.05666666666667
401600314,"January 06, 2024",Nebraska Cornhuskers,158,72,False,67.955,63.5,71.57249999999999
401600327,"January 12, 2024",Nebraska Cornhuskers,158,76,False,71.49,66.33333333333333,70.36666666666666
401600337,"January 17, 2024",Nebraska Cornhuskers,158,82,False,80.84,68.75,70.6475
401600355,"January 27, 2024",Nebraska Cornhuskers,158,51,False,64.42,71.4,72.686
401600431,"March 10, 2024",Nebraska Cornhuskers,158,85,False,71.7,71.4,73.049
401625689,"March 16, 2024",Nebraska Cornhuskers,158,87,True,77.91,72.63636363636364,72.92636363636365
401581177,"December 16, 2023",Nelson Lions,nd-nelson-lions,81,False,83.305,0.0,0.0
401590842,"December 17, 2023",Nevada Wolf Pack,2440,72,False,69.26,83.0,76.235
401581337,"December 21, 2023",Nevada Wolf Pack,2440,80,True,70.7,77.5,72.7475
401581553,"December 22, 2023",Nevada Wolf Pack,2440,88,True,68.445,78.33333333333333,72.065
401581559,"December 24, 2023",Nevada Wolf Pack,2440,72,True,67.235,80.75,71.16
401600799,"February 06, 2024",Nevada Wolf Pack,2440,77,False,69.095,74.88888888888889,68.84777777777778
401597312,"February 17, 2024",Nevada Wolf Pack,2440,69,False,68.305,75.1,68.8725
401602986,"February 23, 2024",Nevada Wolf Pack,2440,84,False,66.63,74.54545454545455,68.82090909090908
401602987,"February 27, 2024",Nevada Wolf Pack,2440,77,False,66.05,75.33333333333333,68.63833333333334
401600807,"January 06, 2024",Nevada Wolf Pack,2440,72,False,63.30500000000001,79.0,70.375
401597938,"January 17, 2024",Nevada Wolf Pack,2440,59,False,63.19,77.83333333333333,69.19666666666667
401602980,"January 20, 2024",Nevada Wolf Pack,2440,93,False,71.77,75.14285714285714,68.33857142857143
401602982,"January 28, 2024",Nevada Wolf Pack,2440,55,False,69.49,77.375,68.7675
401602978,"March 05, 2024",Nevada Wolf Pack,2440,76,False,68.515,75.46153846153847,68.43923076923078
401581776,"November 12, 2023",Nevada Wolf Pack,2440,83,False,76.235,0.0,0.0
401601485,"December 05, 2023",New College (FL) Mighty Banyans,nd-new-college-fl-mighty-banyans,54,False,65.815,0.0,0.0
401574611,"December 06, 2023",New Hampshire Wildcats,160,64,False,66.885,75.2,78.449
401574614,"December 21, 2023",New Hampshire Wildcats,160,81,False,76.165,73.33333333333333,76.52166666666666
401574615,"December 31, 2023",New Hampshire Wildcats,160,70,False,78.49,74.42857142857143,76.4707142857143
401581215,"February 03, 2024",New Hampshire Wildcats,160,89,False,70.21,73.0909090909091,75.37181818181818
401581217,"February 08, 2024",New Hampshire Wildcats,160,66,False,72.955,74.41666666666667,74.94166666666666
401581227,"February 15, 2024",New Hampshire Wildcats,160,54,False,71.7,73.76923076923077,74.78884615384615
401581240,"February 29, 2024",New Hampshire Wildcats,160,67,False,75.745,72.35714285714286,74.56821428571428
401581185,"January 11, 2024",New Hampshire Wildcats,160,79,False,74.675,73.875,76.723125
401581195,"January 18, 2024",New Hampshire Wildcats,160,70,False,66.025,74.44444444444444,76.49555555555555
401581199,"January 20, 2024",New Hampshire Wildcats,160,64,False,74.605,74.0,75.4485
401581245,"March 02, 2024",New Hampshire Wildcats,160,74,False,80.445,72.0,74.64666666666668
401625606,"March 12, 2024",New Hampshire Wildcats,160,59,False,68.56,72.125,75.0090625
401574603,"November 06, 2023",New Hampshire Wildcats,160,72,False,80.165,0.0,0.0
401574606,"November 18, 2023",New Hampshire Wildcats,160,67,False,76.095,72.0,80.165
401574608,"November 24, 2023",New Hampshire Wildcats,160,83,False,72.025,69.5,78.13
401591371,"November 27, 2023",New Hampshire Wildcats,160,64,False,77.515,74.0,76.09500000000001
401574609,"November 30, 2023",New Hampshire Wildcats,160,90,False,86.445,71.5,76.45
401604281,"December 15, 2023",New Mexico Lobos,167,73,False,75.77,80.0,51.288333333333334
401602994,"February 06, 2024",New Mexico Lobos,167,91,False,78.63,79.25,64.55125
401602984,"February 13, 2024",New Mexico Lobos,167,83,False,67.77,80.55555555555556,66.11555555555555
401597945,"February 16, 2024",New Mexico Lobos,167,70,False,78.305,80.8,66.28099999999999
401606629,"January 02, 2024",New Mexico Lobos,167,68,False,71.235,78.25,57.40875
401597303,"January 09, 2024",New Mexico Lobos,167,73,False,71.7,76.2,60.174
401594447,"January 20, 2024",New Mexico Lobos,167,85,False,72.16499999999999,75.66666666666667,62.095
401602989,"January 24, 2024",New Mexico Lobos,167,95,False,71.675,77.0,63.53357142857143
401602979,"March 02, 2024",New Mexico Lobos,167,79,False,74.165,79.81818181818181,67.37409090909091
401600805,"March 09, 2024",New Mexico Lobos,167,85,False,75.98,79.75,67.94
401625528,"March 14, 2024",New Mexico Lobos,167,76,True,74.84,80.15384615384616,68.55846153846154
401625531,"March 16, 2024",New Mexico Lobos,167,68,True,66.165,79.85714285714286,69.00714285714285
401598038,"November 09, 2023",New Mexico Lobos,167,58,False,69.025,0.0,0.0
401583853,"November 21, 2023",New Mexico Lobos,167,92,True,84.84,58.0,69.025
401603093,"November 24, 2023",New Mexico Lobos,167,90,True,0.0,75.0,76.9325
401604279,"December 02, 2023",New Mexico State Aggies,166,62,False,72.935,68.0,74.31166666666667
401604283,"December 19, 2023",New Mexico State Aggies,166,72,False,78.005,66.5,73.9675
401604282,"December 22, 2023",New Mexico State Aggies,166,59,False,70.98,67.6,74.775
401573619,"February 10, 2024",New Mexico State Aggies,166,49,False,72.56,64.88888888888889,72.4061111111111
401573624,"February 15, 2024",New Mexico State Aggies,166,69,False,62.885000000000005,63.3,72.42150000000001
401573628,"February 17, 2024",New Mexico State Aggies,166,58,False,64.35,63.81818181818182,71.55454545454546
401573358,"February 29, 2024",New Mexico State Aggies,166,58,False,60.815,63.333333333333336,70.95416666666667
401573588,"January 11, 2024",New Mexico State Aggies,166,67,False,69.12,66.16666666666667,74.1425
401573602,"January 25, 2024",New Mexico State Aggies,166,67,False,70.56,66.28571428571429,73.425
401573605,"January 27, 2024",New Mexico State Aggies,166,53,False,67.12,66.375,73.066875
401573641,"March 02, 2024",New Mexico State Aggies,166,66,False,67.375,62.92307692307692,70.17423076923077
401625488,"March 14, 2024",New Mexico State Aggies,166,69,True,72.56,63.142857142857146,69.97428571428571
401588940,"November 06, 2023",New Mexico State Aggies,166,46,False,70.675,0.0,0.0
401603530,"November 11, 2023",New Mexico State Aggies,166,74,False,75.165,46.0,70.675
401598991,"November 26, 2023",New Mexico State Aggies,166,84,False,77.095,60.0,72.92
401579037,"December 09, 2023",New Orleans Privateers,2443,82,False,76.375,70.0,76.70500000000001
401579038,"December 11, 2023",New Orleans Privateers,2443,72,False,71.235,72.0,76.65
401577639,"December 21, 2023",New Orleans Privateers,2443,36,False,69.305,72.0,75.87642857142858
401579040,"December 29, 2023",New Orleans Privateers,2443,51,False,84.515,67.5,75.055
401579048,"February 10, 2024",New Orleans Privateers,2443,83,False,73.77,68.0,74.88653846153846
401579049,"February 12, 2024",New Orleans Privateers,2443,59,False,70.91,69.07142857142857,74.80678571428572
401579052,"February 24, 2024",New Orleans Privateers,2443,67,False,75.91,68.4,74.547
401579044,"January 15, 2024",New Orleans Privateers,2443,75,False,70.095,65.66666666666667,76.10611111111112
401578969,"January 22, 2024",New Orleans Privateers,2443,80,False,73.445,66.6,75.50500000000001
401579019,"January 27, 2024",New Orleans Privateers,2443,65,False,68.77,67.81818181818181,75.31772727272727
401581795,"January 29, 2024",New Orleans Privateers,2443,73,False,76.26,67.58333333333333,74.77208333333333
401579053,"March 02, 2024",New Orleans Privateers,2443,87,False,78.26,68.3125,74.6321875
401579054,"March 04, 2024",New Orleans Privateers,2443,60,False,69.49,69.41176470588235,74.84558823529412
401625636,"March 10, 2024",New Orleans Privateers,2443,78,True,71.77,68.88888888888889,74.54805555555555
401625638,"March 11, 2024",New Orleans Privateers,2443,57,True,61.235,69.36842105263158,74.40184210526316
401579032,"November 18, 2023",New Orleans Privateers,2443,70,False,73.84,0.0,0.0
401579033,"November 20, 2023",New Orleans Privateers,2443,68,False,73.84,70.0,73.84
401579034,"November 25, 2023",New Orleans Privateers,2443,69,True,84.7,69.0,73.84
401574414,"November 26, 2023",New Orleans Privateers,2443,79,False,73.84,69.0,77.46
401579035,"November 30, 2023",New Orleans Privateers,2443,64,False,77.305,71.5,76.555
401574600,"December 19, 2023",Niagara Purple Eagles,315,69,False,69.955,68.33333333333333,68.405
401584393,"December 21, 2023",Niagara Purple Eagles,315,71,False,74.955,68.5,68.7925
401584394,"December 29, 2023",Niagara Purple Eagles,315,69,False,71.095,69.0,70.025
401594368,"February 02, 2024",Niagara Purple Eagles,315,68,False,75.05,73.0,69.7065
401594301,"February 16, 2024",Niagara Purple Eagles,315,65,False,68.88499999999999,72.54545454545455,70.19227272727272
401594369,"February 18, 2024",Niagara Purple Eagles,315,80,False,75.445,71.91666666666667,70.08333333333333
401594270,"February 23, 2024",Niagara Purple Eagles,315,59,False,65.025,72.53846153846153,70.49576923076923
401594364,"January 05, 2024",Niagara Purple Eagles,315,81,False,70.63,69.0,70.20333333333333
401594311,"January 07, 2024",Niagara Purple Eagles,315,75,False,69.49,70.71428571428571,70.26428571428572
401594366,"January 19, 2024",Niagara Purple Eagles,315,78,False,71.235,71.25,70.1675
401594352,"January 21, 2024",Niagara Purple Eagles,315,82,False,64.49000000000001,72.0,70.28611111111111
401594371,"March 07, 2024",Niagara Purple Eagles,315,66,False,62.84,71.57142857142857,70.105
401594342,"March 09, 2024",Niagara Purple Eagles,315,62,False,59.165,71.2,69.62066666666666
401625623,"March 14, 2024",Niagara Purple Eagles,315,59,True,65.16499999999999,70.625,68.9671875
401582011,"November 06, 2023",Niagara Purple Eagles,315,63,False,65.815,0.0,0.0
401613299,"November 16, 2023",Niagara Purple Eagles,315,73,False,74.98,63.0,65.815
401584391,"November 25, 2023",Niagara Purple Eagles,315,69,False,64.42,68.0,70.39750000000001
401584439,"December 02, 2023",Nicholls Colonels,2447,55,False,67.235,76.4,77.007
401577625,"December 19, 2023",Nicholls Colonels,2447,67,False,69.515,72.83333333333333,75.37833333333333
401584441,"December 22, 2023",Nicholls Colonels,2447,55,False,62.305,72.0,74.54071428571429
401579061,"February 10, 2024",Nicholls Colonels,2447,56,False,69.7,73.41666666666667,74.82833333333333
401579051,"February 19, 2024",Nicholls Colonels,2447,89,False,83.19,72.07692307692308,74.43384615384615
401578964,"January 06, 2024",Nicholls Colonels,2447,98,False,87.33,69.875,73.01125
401579057,"January 20, 2024",Nicholls Colonels,2447,59,False,70.77000000000001,73.0,74.60222222222222
401579058,"January 22, 2024",Nicholls Colonels,2447,78,False,72.515,71.6,74.21900000000001
401579059,"January 27, 2024",Nicholls Colonels,2447,87,False,83.235,72.18181818181819,74.06409090909091
401579027,"March 02, 2024",Nicholls Colonels,2447,62,False,69.095,73.28571428571429,75.0592857142857
401579065,"March 04, 2024",Nicholls Colonels,2447,68,False,64.77000000000001,72.53333333333333,74.66166666666666
401579066,"March 07, 2024",Nicholls Colonels,2447,80,False,65.095,72.25,74.0434375
401625640,"March 12, 2024",Nicholls Colonels,2447,81,True,80.235,72.70588235294117,73.51705882352941
401625641,"March 13, 2024",Nicholls Colonels,2447,76,False,61.725,73.16666666666667,73.89027777777778
401584434,"November 06, 2023",Nicholls Colonels,2447,81,False,77.305,0.0,0.0
401584429,"November 10, 2023",Nicholls Colonels,2447,68,False,67.025,81.0,77.305
401584435,"November 16, 2023",Nicholls Colonels,2447,102,False,94.235,74.5,72.165
401606613,"November 24, 2023",Nicholls Colonels,2447,61,False,73.445,83.66666666666667,79.52166666666666
401584438,"November 28, 2023",Nicholls Colonels,2447,70,False,73.025,78.0,78.0025
401576141,"December 01, 2023",Norfolk State Spartans,2450,63,False,63.095,63.25,68.70625
401580109,"December 09, 2023",Norfolk State Spartans,2450,64,False,66.91,63.2,67.584
401594403,"December 13, 2023",Norfolk State Spartans,2450,78,False,66.445,63.333333333333336,67.47166666666666
401594404,"December 16, 2023",Norfolk State Spartans,2450,58,False,59.885,65.42857142857143,67.325
401581562,"December 20, 2023",Norfolk State Spartans,2450,65,False,66.795,64.5,66.395
401594411,"February 05, 2024",Norfolk State Spartans,2450,60,False,73.05,64.07692307692308,67.14038461538462
401589748,"February 24, 2024",Norfolk State Spartans,2450,68,False,66.445,63.785714285714285,67.5625
401594414,"February 26, 2024",Norfolk State Spartans,2450,85,False,68.445,64.06666666666666,67.488
401575525,"January 02, 2024",Norfolk State Spartans,2450,50,False,73.7,64.55555555555556,66.43944444444443
401594405,"January 06, 2024",Norfolk State Spartans,2450,79,False,65.165,63.1,67.1655
401594406,"January 08, 2024",Norfolk State Spartans,2450,58,False,67.77,64.54545454545455,66.98363636363636
401594408,"January 20, 2024",Norfolk State Spartans,2450,65,False,68.235,64.0,67.04916666666666
401594415,"March 02, 2024",Norfolk State Spartans,2450,71,False,74.7,65.375,67.54781249999999
401582120,"November 17, 2023",Norfolk State Spartans,2450,64,True,79.47,0.0,0.0
401582125,"November 18, 2023",Norfolk State Spartans,2450,53,True,68.025,64.0,79.47
401582149,"November 20, 2023",Norfolk State Spartans,2450,69,True,61.91,58.5,73.7475
401577585,"November 25, 2023",Norfolk State Spartans,2450,67,False,65.42,62.0,69.80166666666666
401587115,"December 02, 2023",North Alabama Lions,2453,74,False,77.98,73.33333333333333,80.05666666666667
401587118,"December 13, 2023",North Alabama Lions,2453,76,False,70.165,73.5,79.53750000000001
401587119,"December 16, 2023",North Alabama Lions,2453,67,False,68.305,74.0,77.66300000000001
401577618,"December 21, 2023",North Alabama Lions,2453,66,False,67.49,72.83333333333333,76.10333333333334
401574529,"February 08, 2024",North Alabama Lions,2453,79,False,70.58500000000001,73.54545454545455,74.05545454545455
401587124,"February 10, 2024",North Alabama Lions,2453,63,False,62.05,74.0,73.76625
401574448,"February 22, 2024",North Alabama Lions,2453,72,False,69.955,73.15384615384616,72.865
401575341,"February 24, 2024",North Alabama Lions,2453,70,False,67.84,73.07142857142857,72.65714285714286
401587120,"January 01, 2024",North Alabama Lions,2453,57,False,61.885,71.85714285714286,74.87285714285714
401574194,"January 18, 2024",North Alabama Lions,2453,80,False,80.58500000000001,70.0,73.249375
401587121,"January 20, 2024",North Alabama Lions,2453,79,False,68.305,71.11111111111111,74.06444444444445
401574515,"January 24, 2024",North Alabama Lions,2453,90,False,79.725,71.9,73.4885
401574436,"March 01, 2024",North Alabama Lions,2453,82,False,70.515,72.86666666666666,72.336
401625652,"March 05, 2024",North Alabama Lions,2453,77,False,67.955,73.4375,72.2221875
401625656,"March 07, 2024",North Alabama Lions,2453,71,False,65.84,73.6470588235294,71.97117647058823
401587111,"November 14, 2023",North Alabama Lions,2453,54,False,79.025,0.0,0.0
401587113,"November 22, 2023",North Alabama Lions,2453,103,False,92.26,54.0,79.025
401583804,"November 26, 2023",North Alabama Lions,2453,63,False,68.885,78.5,85.64250000000001
401598021,"December 18, 2023",North American Stallions,nd-north-american-stallions,61,False,79.91,70.5,84.0375
401604410,"November 06, 2023",North American Stallions,nd-north-american-stallions,68,False,86.235,0.0,0.0
401608798,"November 20, 2023",North American Stallions,nd-north-american-stallions,73,False,81.84,68.0,86.235
401581730,"December 08, 2023",North Carolina A&T Aggies,2448,62,False,65.56,67.4,74.267
401581733,"December 17, 2023",North Carolina A&T Aggies,2448,60,True,68.63,66.5,72.81583333333333
401581734,"December 21, 2023",North Carolina A&T Aggies,2448,85,False,72.56,65.57142857142857,72.21785714285714
401581735,"December 30, 2023",North Carolina A&T Aggies,2448,69,False,73.375,68.0,72.260625
401600711,"February 08, 2024",North Carolina A&T Aggies,2448,58,False,69.7,67.0,71.20769230769231
401600727,"February 15, 2024",North Carolina A&T Aggies,2448,54,False,61.7,66.35714285714286,71.1
401600741,"February 22, 2024",North Carolina A&T Aggies,2448,64,False,70.91,65.53333333333333,70.47333333333333
401600746,"February 24, 2024",North Carolina A&T Aggies,2448,67,False,72.05,65.4375,70.500625
401600650,"January 06, 2024",North Carolina A&T Aggies,2448,59,False,68.095,68.11111111111111,72.38444444444445
401600666,"January 15, 2024",North Carolina A&T Aggies,2448,81,False,69.35,67.2,71.9555
401600685,"January 25, 2024",North Carolina A&T Aggies,2448,71,False,72.305,68.45454545454545,71.71863636363636
401600691,"January 27, 2024",North Carolina A&T Aggies,2448,47,False,64.49,68.66666666666667,71.7675
401600761,"March 02, 2024",North Carolina A&T Aggies,2448,62,False,64.675,65.52941176470588,70.59176470588235
401577552,"November 06, 2023",North Carolina A&T Aggies,2448,52,False,74.815,0.0,0.0
401581726,"November 10, 2023",North Carolina A&T Aggies,2448,78,False,73.955,52.0,74.815
401575427,"November 14, 2023",North Carolina A&T Aggies,2448,51,False,62.56,65.0,74.38499999999999
401581727,"November 22, 2023",North Carolina A&T Aggies,2448,73,True,80.77,60.333333333333336,70.44333333333333
401579102,"November 25, 2023",North Carolina A&T Aggies,2448,83,False,79.235,63.5,73.025
401575430,"December 05, 2023",North Carolina Central Eagles,2428,47,False,64.235,64.16666666666667,68.06833333333333
401587139,"December 09, 2023",North Carolina Central Eagles,2428,74,False,71.56,61.714285714285715,67.52071428571428
401581731,"December 12, 2023",North Carolina Central Eagles,2428,67,False,70.58500000000001,63.25,68.025625
401607611,"February 17, 2024",North Carolina Central Eagles,2428,82,False,73.05,64.58333333333333,68.88625
401594413,"February 19, 2024",North Carolina Central Eagles,2428,74,False,71.795,65.92307692307692,69.20653846153846
401606749,"January 20, 2024",North Carolina Central Eagles,2428,68,False,69.305,63.666666666666664,68.31
401604797,"January 27, 2024",North Carolina Central Eagles,2428,65,False,68.16499999999999,64.1,68.40950000000001
401604428,"January 29, 2024",North Carolina Central Eagles,2428,69,False,74.375,64.18181818181819,68.38727272727273
401589750,"March 02, 2024",North Carolina Central Eagles,2428,83,False,63.77,66.5,69.39142857142858
401606725,"March 04, 2024",North Carolina Central Eagles,2428,79,False,68.375,67.6,69.01666666666667
401575451,"November 06, 2023",North Carolina Central Eagles,2428,56,False,67.35,0.0,0.0
401590879,"November 12, 2023",North Carolina Central Eagles,2428,54,False,66.63,56.0,67.35
401597905,"November 18, 2023",North Carolina Central Eagles,2428,66,False,66.58500000000001,55.0,66.99
401590882,"November 20, 2023",North Carolina Central Eagles,2428,78,False,75.515,58.666666666666664,66.855
401590883,"November 21, 2023",North Carolina Central Eagles,2428,61,True,64.095,63.5,69.02
401590921,"November 26, 2023",North Carolina Central Eagles,2428,70,False,68.235,63.0,68.035
401580309,"December 05, 2023",North Carolina Tar Heels,153,76,True,71.56,0.0,0.0
401581147,"December 16, 2023",North Carolina Tar Heels,153,83,True,81.91,76.0,71.56
401578668,"December 20, 2023",North Carolina Tar Heels,153,81,True,75.91,79.5,76.735
401604180,"February 10, 2024",North Carolina Tar Heels,153,75,False,73.955,74.0,72.48555555555555
401604187,"February 13, 2024",North Carolina Tar Heels,153,79,False,64.885,74.1,72.63250000000001
401604205,"February 24, 2024",North Carolina Tar Heels,153,54,False,61.165,74.54545454545455,71.92818181818183
401604101,"January 02, 2024",North Carolina Tar Heels,153,70,False,70.025,80.0,76.46
401604106,"January 06, 2024",North Carolina Tar Heels,153,65,False,62.42,77.5,74.85125
401604117,"January 10, 2024",North Carolina Tar Heels,153,67,False,72.7,75.0,72.365
401604134,"January 20, 2024",North Carolina Tar Heels,153,76,False,70.91,73.66666666666667,72.42083333333333
401604150,"January 27, 2024",North Carolina Tar Heels,153,75,False,71.84,74.0,72.205
401604156,"January 30, 2024",North Carolina Tar Heels,153,73,False,75.095,74.125,72.159375
401604232,"March 09, 2024",North Carolina Tar Heels,153,84,False,72.63,72.83333333333333,71.03125
401598002,"November 12, 2023",North Central (MN) Rams,nd-north-central-mn-rams,54,False,74.84,0.0,0.0
401597401,"December 01, 2023",North Dakota Fighting Hawks,155,54,False,61.815,71.0,72.855
401597402,"December 03, 2023",North Dakota Fighting Hawks,155,62,False,67.095,66.75,70.095
401591577,"December 16, 2023",North Dakota Fighting Hawks,155,79,False,72.235,65.8,69.495
401574839,"December 20, 2023",North Dakota Fighting Hawks,155,75,False,69.165,68.0,69.95166666666667
401580025,"December 31, 2023",North Dakota Fighting Hawks,155,61,False,69.91,69.0,69.83928571428571
401580066,"February 01, 2024",North Dakota Fighting Hawks,155,95,False,70.56,69.5,69.36458333333333
401580081,"February 15, 2024",North Dakota Fighting Hawks,155,92,False,69.56,71.46153846153847,69.45653846153846
401580084,"February 17, 2024",North Dakota Fighting Hawks,155,78,False,74.7,72.92857142857143,69.46392857142857
401580092,"February 24, 2024",North Dakota Fighting Hawks,155,68,False,65.49,73.26666666666667,69.813
401584369,"January 06, 2024",North Dakota Fighting Hawks,155,73,False,67.77,68.0,69.848125
401580041,"January 11, 2024",North Dakota Fighting Hawks,155,61,False,68.98,68.55555555555556,69.61722222222221
401580045,"January 13, 2024",North Dakota Fighting Hawks,155,82,False,68.675,67.8,69.5535
401580060,"January 27, 2024",North Dakota Fighting Hawks,155,74,False,68.16499999999999,69.0909090909091,69.47363636363637
401597398,"November 07, 2023",North Dakota Fighting Hawks,155,68,False,83.095,0.0,0.0
401575405,"November 20, 2023",North Dakota Fighting Hawks,155,73,False,69.955,68.0,83.095
401581352,"November 26, 2023",North Dakota Fighting Hawks,155,72,True,65.515,70.5,76.525
401580110,"December 17, 2023",North Dakota State Bison,2449,65,False,70.98,67.83333333333333,68.04083333333334
401597408,"December 19, 2023",North Dakota State Bison,2449,63,False,68.025,67.42857142857143,68.46071428571429
401580065,"February 01, 2024",North Dakota State Bison,2449,74,False,80.305,72.33333333333333,69.89375
401580070,"February 03, 2024",North Dakota State Bison,2449,58,False,61.815,72.46153846153847,70.69461538461539
401580080,"February 15, 2024",North Dakota State Bison,2449,73,False,71.56,71.42857142857143,70.06035714285714
401580086,"February 17, 2024",North Dakota State Bison,2449,71,False,68.35,71.53333333333333,70.16033333333333
401580097,"February 29, 2024",North Dakota State Bison,2449,68,False,62.955,71.5,70.0471875
401593978,"January 06, 2024",North Dakota State Bison,2449,83,False,64.955,66.875,68.40625
401580043,"January 11, 2024",North Dakota State Bison,2449,92,False,85.58500000000001,68.66666666666667,68.02277777777778
401580047,"January 13, 2024",North Dakota State Bison,2449,92,False,76.305,71.0,69.779
401580056,"January 25, 2024",North Dakota State Bison,2449,66,False,64.63,72.9090909090909,70.37227272727273
401625495,"March 10, 2024",North Dakota State Bison,2449,58,True,55.815,71.29411764705883,69.63
401581763,"November 06, 2023",North Dakota State Bison,2449,80,False,74.91,0.0,0.0
401577592,"November 11, 2023",North Dakota State Bison,2449,60,False,66.14,80.0,74.91
401597913,"November 14, 2023",North Dakota State Bison,2449,53,True,60.63,70.0,70.525
401597996,"November 16, 2023",North Dakota State Bison,2449,78,False,68.095,64.33333333333333,67.22666666666667
401584445,"November 25, 2023",North Dakota State Bison,2449,71,False,69.7,67.75,67.44375
401597998,"November 27, 2023",North Dakota State Bison,2449,65,False,68.77,68.4,67.89500000000001
401584346,"December 19, 2023",North Florida Ospreys,2454,75,False,71.42,74.75,74.88125
401584347,"December 22, 2023",North Florida Ospreys,2454,60,False,64.675,74.8,74.189
401584348,"December 29, 2023",North Florida Ospreys,2454,55,False,79.885,72.33333333333333,72.60333333333334
401574199,"February 03, 2024",North Florida Ospreys,2454,91,False,72.77,71.63636363636364,70.315
401574530,"February 14, 2024",North Florida Ospreys,2454,93,False,75.77,73.25,70.51958333333333
401574519,"February 16, 2024",North Florida Ospreys,2454,82,False,77.165,74.76923076923077,70.92346153846154
401599993,"February 23, 2024",North Florida Ospreys,2454,50,False,68.235,75.28571428571429,71.36928571428571
401574523,"January 04, 2024",North Florida Ospreys,2454,74,False,63.7,69.85714285714286,73.64357142857143
401574524,"January 06, 2024",North Florida Ospreys,2454,78,False,58.28,70.375,72.400625
401574527,"January 25, 2024",North Florida Ospreys,2454,71,False,64.7,71.22222222222223,70.83166666666666
401574442,"January 27, 2024",North Florida Ospreys,2454,76,False,71.28,71.2,70.21849999999999
401625653,"March 05, 2024",North Florida Ospreys,2454,98,False,77.84,73.6,71.16033333333333
401584336,"November 09, 2023",North Florida Ospreys,2454,81,False,68.05,0.0,0.0
401584337,"November 13, 2023",North Florida Ospreys,2454,77,False,80.445,81.0,68.05
401584340,"November 24, 2023",North Florida Ospreys,2454,63,False,72.12,79.0,74.2475
401584341,"November 29, 2023",North Florida Ospreys,2454,78,False,78.91,73.66666666666667,73.53833333333334
401602629,"December 11, 2023",North Greenville Crusaders,nd-north-greenville-crusaders,60,False,79.7,63.5,78.95500000000001
401599586,"November 06, 2023",North Greenville Crusaders,nd-north-greenville-crusaders,68,False,86.165,0.0,0.0
401607045,"November 16, 2023",North Greenville Crusaders,nd-north-greenville-crusaders,59,False,71.745,68.0,86.165
401604334,"November 09, 2023",North Park Vikings,nd-north-park-vikings,67,False,73.84,0.0,0.0
401602610,"December 05, 2023",North Texas Mean Green,249,64,False,73.91,63.5,62.49
401583791,"December 10, 2023",North Texas Mean Green,249,59,True,65.885,63.666666666666664,66.29666666666667
401597986,"December 17, 2023",North Texas Mean Green,249,54,True,59.375,62.5,66.19375
401602121,"February 07, 2024",North Texas Mean Green,249,68,False,65.375,60.55555555555556,63.146666666666675
401602128,"February 11, 2024",North Texas Mean Green,249,68,False,61.675,61.3,63.369499999999995
401602144,"February 18, 2024",North Texas Mean Green,249,62,False,66.35,61.90909090909091,63.21545454545455
401602158,"February 28, 2024",North Texas Mean Green,249,80,False,73.19,61.916666666666664,63.47666666666667
401602061,"January 04, 2024",North Texas Mean Green,249,74,False,68.445,60.8,64.83
401602082,"January 17, 2024",North Texas Mean Green,249,60,False,60.63,63.0,65.4325
401602087,"January 20, 2024",North Texas Mean Green,249,44,False,54.955,62.57142857142857,64.74642857142858
401602104,"January 28, 2024",North Texas Mean Green,249,63,False,60.14,60.25,63.5225
401602177,"March 09, 2024",North Texas Mean Green,249,71,False,60.025,63.30769230769231,64.22384615384615
401625468,"March 15, 2024",North Texas Mean Green,249,71,True,69.19,63.857142857142854,63.92392857142857
401581546,"November 17, 2023",North Texas Mean Green,249,62,True,63.63,0.0,0.0
401581552,"November 19, 2023",North Texas Mean Green,249,65,True,61.35,62.0,63.63
401575431,"December 16, 2023",Northeastern Huskies,111,54,False,61.63,71.66666666666667,67.44416666666667
401592104,"December 19, 2023",Northeastern Huskies,111,79,False,68.025,69.14285714285714,66.61357142857143
401586903,"December 30, 2023",Northeastern Huskies,111,71,False,73.56,70.375,66.79
401600700,"February 01, 2024",Northeastern Huskies,111,76,False,71.515,70.41666666666667,67.79875
401600704,"February 03, 2024",Northeastern Huskies,111,55,False,68.49000000000001,70.84615384615384,68.08461538461539
401600712,"February 08, 2024",Northeastern Huskies,111,86,False,66.42,69.71428571428571,68.11357142857143
401600732,"February 17, 2024",Northeastern Huskies,111,62,False,64.21000000000001,70.8,68.00066666666666
401600753,"February 29, 2024",Northeastern Huskies,111,67,False,70.91,70.25,67.76375
401600652,"January 08, 2024",Northeastern Huskies,111,62,False,68.42,70.44444444444444,67.54222222222222
401600670,"January 18, 2024",Northeastern Huskies,111,65,False,67.12,69.6,67.63000000000001
401600678,"January 20, 2024",Northeastern Huskies,111,84,False,70.165,69.18181818181819,67.58363636363637
401600762,"March 02, 2024",Northeastern Huskies,111,59,False,64.675,70.05882352941177,67.94882352941177
401630143,"March 09, 2024",Northeastern Huskies,111,65,True,69.77,69.44444444444444,67.76694444444445
401593770,"November 11, 2023",Northeastern Huskies,111,74,False,63.7,0.0,0.0
401581738,"November 14, 2023",Northeastern Huskies,111,56,False,68.42,74.0,63.7
401583610,"November 19, 2023",Northeastern Huskies,111,82,False,64.63,65.0,66.06
401593912,"November 20, 2023",Northeastern Huskies,111,77,True,79.19,70.66666666666667,65.58333333333333
401587167,"November 25, 2023",Northeastern Huskies,111,66,False,59.56,72.25,68.985
401587129,"November 29, 2023",Northeastern Huskies,111,75,False,69.165,71.0,67.1
401584365,"December 06, 2023",Northern Arizona Lumberjacks,2464,78,False,76.7,57.8,71.672
401584366,"December 09, 2023",Northern Arizona Lumberjacks,2464,76,False,70.91,61.166666666666664,72.51
401584368,"December 20, 2023",Northern Arizona Lumberjacks,2464,51,False,70.63,63.285714285714285,72.28142857142858
401573393,"December 30, 2023",Northern Arizona Lumberjacks,2464,77,False,69.025,61.75,72.075
401573445,"February 15, 2024",Northern Arizona Lumberjacks,2464,73,False,57.815,62.0,70.20642857142857
401573450,"February 17, 2024",Northern Arizona Lumberjacks,2464,68,False,73.025,62.733333333333334,69.38033333333333
401573355,"February 29, 2024",Northern Arizona Lumberjacks,2464,92,False,82.725,63.0625,69.608125
401581822,"January 03, 2024",Northern Arizona Lumberjacks,2464,55,False,65.305,63.44444444444444,71.73611111111111
401573396,"January 11, 2024",Northern Arizona Lumberjacks,2464,50,False,71.16499999999999,62.6,71.093
401573400,"January 13, 2024",Northern Arizona Lumberjacks,2464,47,False,61.675,61.45454545454545,71.09954545454546
401573415,"January 25, 2024",Northern Arizona Lumberjacks,2464,75,False,66.49000000000001,60.25,70.31416666666667
401573418,"January 27, 2024",Northern Arizona Lumberjacks,2464,70,False,72.63,61.38461538461539,70.02
401573464,"March 02, 2024",Northern Arizona Lumberjacks,2464,58,False,68.515,64.76470588235294,70.37970588235294
401584359,"November 06, 2023",Northern Arizona Lumberjacks,2464,52,False,69.56,0.0,0.0
401584360,"November 12, 2023",Northern Arizona Lumberjacks,2464,55,False,72.98,52.0,69.56
401584361,"November 15, 2023",Northern Arizona Lumberjacks,2464,62,False,74.955,53.5,71.27000000000001
401584363,"November 21, 2023",Northern Arizona Lumberjacks,2464,61,False,71.63,56.333333333333336,72.49833333333333
401584364,"November 29, 2023",Northern Arizona Lumberjacks,2464,59,False,69.235,57.5,72.28125
401594016,"December 11, 2023",Northern Colorado Bears,2458,99,False,85.515,72.25,75.31625
401607341,"December 15, 2023",Northern Colorado Bears,2458,68,False,78.7,77.6,77.35600000000001
401594018,"December 21, 2023",Northern Colorado Bears,2458,83,False,66.28,76.0,77.58
401573446,"February 15, 2024",Northern Colorado Bears,2458,72,False,78.7,81.5,74.88375
401573451,"February 17, 2024",Northern Colorado Bears,2458,80,False,66.05,80.76923076923077,75.17730769230769
401573356,"February 29, 2024",Northern Colorado Bears,2458,81,False,78.885,80.71428571428571,74.52535714285715
401594019,"January 03, 2024",Northern Colorado Bears,2458,97,False,69.63,77.0,75.96571428571428
401573395,"January 11, 2024",Northern Colorado Bears,2458,98,False,82.025,79.5,75.17375
401573401,"January 13, 2024",Northern Colorado Bears,2458,81,False,76.56,81.55555555555556,75.935
401573414,"January 25, 2024",Northern Colorado Bears,2458,74,False,73.42,81.5,75.9975
401573419,"January 27, 2024",Northern Colorado Bears,2458,89,False,65.21,80.81818181818181,75.76318181818182
401573463,"March 02, 2024",Northern Colorado Bears,2458,81,False,70.955,80.73333333333333,74.816
401573470,"March 04, 2024",Northern Colorado Bears,2458,82,False,70.955,80.75,74.5746875
401594012,"November 18, 2023",Northern Colorado Bears,2458,71,False,78.98,0.0,0.0
401594013,"November 21, 2023",Northern Colorado Bears,2458,78,True,75.165,71.0,78.98
401601495,"November 22, 2023",Northern Colorado Bears,2458,68,True,72.095,74.5,77.0725
401594014,"November 29, 2023",Northern Colorado Bears,2458,72,False,75.025,72.33333333333333,75.41333333333334
401583748,"December 09, 2023",Northern Illinois Huskies,2459,71,False,70.025,78.8,74.975
401588613,"December 29, 2023",Northern Illinois Huskies,2459,74,False,87.025,77.5,74.14999999999999
401588678,"February 06, 2024",Northern Illinois Huskies,2459,62,False,69.025,76.63636363636364,75.73
401634063,"February 10, 2024",Northern Illinois Huskies,2459,66,False,63.885000000000005,75.41666666666667,75.17125
401588685,"February 17, 2024",Northern Illinois Huskies,2459,47,False,60.955,74.6923076923077,74.30307692307693
401588700,"February 27, 2024",Northern Illinois Huskies,2459,75,False,65.42,72.71428571428571,73.34964285714285
401588620,"January 06, 2024",Northern Illinois Huskies,2459,66,False,62.56,77.0,75.98928571428571
401588629,"January 09, 2024",Northern Illinois Huskies,2459,90,False,85.84,75.625,74.310625
401588655,"January 27, 2024",Northern Illinois Huskies,2459,71,False,71.91,77.22222222222223,75.59166666666667
401588666,"January 30, 2024",Northern Illinois Huskies,2459,77,False,80.795,76.6,75.2235
401588709,"March 02, 2024",Northern Illinois Huskies,2459,73,False,67.305,72.86666666666666,72.821
401588718,"March 08, 2024",Northern Illinois Huskies,2459,78,False,74.025,72.875,72.47625000000001
401577598,"November 06, 2023",Northern Illinois Huskies,2459,70,False,74.56,0.0,0.0
401601459,"November 17, 2023",Northern Illinois Huskies,2459,70,False,73.63,70.0,74.56
401600082,"November 18, 2023",Northern Illinois Huskies,2459,98,True,83.54,70.0,74.095
401588596,"November 25, 2023",Northern Illinois Huskies,2459,89,False,75.725,79.33333333333333,77.24333333333334
401581720,"November 27, 2023",Northern Illinois Huskies,2459,67,False,67.42,81.75,76.86375
401601818,"December 02, 2023",Northern Iowa Panthers,2460,89,False,80.235,70.33333333333333,71.80833333333334
401577695,"December 09, 2023",Northern Iowa Panthers,2460,80,False,72.56,75.0,73.91499999999999
401588610,"December 21, 2023",Northern Iowa Panthers,2460,76,False,64.955,76.0,73.644
401601892,"February 11, 2024",Northern Iowa Panthers,2460,65,False,67.42,73.18181818181819,70.35727272727273
401601898,"February 14, 2024",Northern Iowa Panthers,2460,86,False,66.28,72.5,70.1125
401601906,"February 21, 2024",Northern Iowa Panthers,2460,73,False,67.375,73.53846153846153,69.81769230769231
401601826,"January 03, 2024",Northern Iowa Panthers,2460,64,False,65.885,76.0,72.19583333333334
401601843,"January 14, 2024",Northern Iowa Panthers,2460,70,False,68.7,74.28571428571429,71.29428571428572
401601846,"January 17, 2024",Northern Iowa Panthers,2460,83,False,71.7,73.75,70.97
401601864,"January 27, 2024",Northern Iowa Panthers,2460,63,False,64.63,74.77777777777777,71.05111111111111
401601870,"January 31, 2024",Northern Iowa Panthers,2460,69,False,69.84,73.6,70.409
401601927,"March 03, 2024",Northern Iowa Panthers,2460,82,False,65.655,73.5,69.64321428571428
401625668,"March 09, 2024",Northern Iowa Panthers,2460,72,True,68.885,74.06666666666666,69.37733333333334
401608973,"November 07, 2023",Northern Iowa Panthers,2460,77,False,73.42,0.0,0.0
401577574,"November 19, 2023",Northern Iowa Panthers,2460,65,False,67.235,77.0,73.42
401580922,"November 22, 2023",Northern Iowa Panthers,2460,69,True,74.77,71.0,70.3275
401587643,"December 02, 2023",Northern Kentucky Norse,94,71,False,69.305,63.333333333333336,67.47500000000001
401580108,"December 06, 2023",Northern Kentucky Norse,94,59,False,63.35,65.25,67.9325
401594234,"December 17, 2023",Northern Kentucky Norse,94,85,False,77.56,64.0,67.01599999999999
401598042,"December 21, 2023",Northern Kentucky Norse,94,56,False,65.095,67.5,68.77333333333333
401587647,"December 29, 2023",Northern Kentucky Norse,94,60,False,72.235,65.85714285714286,68.24785714285714
401587738,"February 14, 2024",Northern Kentucky Norse,94,58,False,61.095,67.0,70.39
401587742,"February 17, 2024",Northern Kentucky Norse,94,72,False,68.025,66.3076923076923,69.675
401587759,"February 28, 2024",Northern Kentucky Norse,94,70,False,64.095,66.71428571428571,69.55714285714285
401587684,"January 07, 2024",Northern Kentucky Norse,94,85,False,76.05,65.125,68.74625
401587687,"January 10, 2024",Northern Kentucky Norse,94,65,False,83.515,67.33333333333333,69.55777777777777
401587693,"January 13, 2024",Northern Kentucky Norse,94,81,False,67.91,67.1,70.95349999999999
401587712,"January 28, 2024",Northern Kentucky Norse,94,52,False,67.235,68.36363636363636,70.67681818181819
401587763,"March 02, 2024",Northern Kentucky Norse,94,88,False,80.98,66.93333333333334,69.193
401625695,"March 07, 2024",Northern Kentucky Norse,94,99,False,83.235,68.25,69.9296875
401587148,"November 06, 2023",Northern Kentucky Norse,94,57,False,66.095,0.0,0.0
401581775,"November 09, 2023",Northern Kentucky Norse,94,67,False,69.375,57.0,66.095
401594230,"November 19, 2023",Northern Kentucky Norse,94,66,False,66.955,62.0,67.735
401604280,"December 12, 2023",Northern New Mexico Eagles,nd-northern-new-mexico-eagles,71,False,84.63,58.0,70.0025
401594598,"December 20, 2023",Northern New Mexico Eagles,nd-northern-new-mexico-eagles,57,False,74.63,62.333333333333336,74.87833333333333
401601129,"November 07, 2023",Northern New Mexico Eagles,nd-northern-new-mexico-eagles,56,False,75.05,0.0,0.0
401594010,"November 08, 2023",Northern New Mexico Eagles,nd-northern-new-mexico-eagles,60,False,64.955,56.0,75.05
401600094,"November 22, 2023",Northland Lumberjacks,nd-northland-lumberjacks,48,False,72.375,0.0,0.0
401581169,"November 06, 2023",Northwest Indian RedHawks,nd-northwest-indian-redhawks,63,False,78.35,0.0,0.0
401604765,"November 07, 2023",Northwest Indian RedHawks,nd-northwest-indian-redhawks,59,False,81.84,63.0,78.35
401611808,"December 09, 2023",Northwest Nazarene Nw Nazarene,nd-northwest-nazarene-nw-nazarene,53,False,72.63,0.0,0.0
401598978,"December 09, 2023",Northwest University Eagles,nd-northwest-university-eagles,46,False,79.49,51.0,73.56
401593991,"November 16, 2023",Northwest University Eagles,nd-northwest-university-eagles,51,False,73.56,0.0,0.0
401602358,"December 02, 2023",Northwestern State Demons,2466,40,False,68.91,70.0,72.78125
401597422,"December 09, 2023",Northwestern State Demons,2466,74,False,68.7,64.0,72.00699999999999
401602359,"December 12, 2023",Northwestern State Demons,2466,54,False,63.49,65.66666666666667,71.45583333333333
401584433,"December 29, 2023",Northwestern State Demons,2466,55,False,76.49,64.0,70.31785714285715
401579060,"February 05, 2024",Northwestern State Demons,2466,66,False,59.235,66.0,71.31458333333333
401579073,"February 17, 2024",Northwestern State Demons,2466,81,False,70.84,66.0,70.38538461538461
401579074,"February 19, 2024",Northwestern State Demons,2466,61,False,70.445,67.07142857142857,70.41785714285714
401578977,"February 24, 2024",Northwestern State Demons,2466,86,False,76.91,66.66666666666667,70.41966666666667
401579067,"January 06, 2024",Northwestern State Demons,2466,70,False,75.05,62.875,71.089375
401579045,"January 20, 2024",Northwestern State Demons,2466,92,False,72.58500000000001,63.666666666666664,71.52944444444444
401579069,"January 22, 2024",Northwestern State Demons,2466,62,False,71.515,66.5,71.635
401579020,"January 29, 2024",Northwestern State Demons,2466,65,False,67.91,66.0909090909091,71.62409090909091
401579076,"March 06, 2024",Northwestern State Demons,2466,80,False,93.865,67.875,70.8253125
401599982,"November 09, 2023",Northwestern State Demons,2466,71,False,77.885,0.0,0.0
401577561,"November 16, 2023",Northwestern State Demons,2466,65,True,70.095,71.0,77.885
401584339,"November 17, 2023",Northwestern State Demons,2466,74,False,69.42,68.0,73.99000000000001
401581864,"November 28, 2023",Northwestern State Demons,2466,70,False,73.725,70.0,72.46666666666667
401581723,"December 16, 2023",Northwestern Wildcats,77,56,False,61.745,64.5,63.932500000000005
401581724,"December 20, 2023",Northwestern Wildcats,77,65,True,65.63,61.666666666666664,63.20333333333334
401600366,"February 03, 2024",Northwestern Wildcats,77,66,False,73.235,68.88888888888889,67.02000000000001
401600389,"February 15, 2024",Northwestern Wildcats,77,60,False,66.16499999999999,68.6,67.6415
401600394,"February 18, 2024",Northwestern Wildcats,77,76,False,69.235,67.81818181818181,67.50727272727273
401600413,"February 28, 2024",Northwestern Wildcats,77,68,False,62.84,68.5,67.65125
401600307,"January 02, 2024",Northwestern Wildcats,77,66,False,67.7,62.5,63.81
401600322,"January 10, 2024",Northwestern Wildcats,77,76,False,71.235,63.2,64.588
401600328,"January 13, 2024",Northwestern Wildcats,77,63,False,66.025,65.33333333333333,65.69583333333334
401600341,"January 20, 2024",Northwestern Wildcats,77,69,False,67.7,65.0,65.74285714285715
401600361,"January 31, 2024",Northwestern Wildcats,77,96,False,75.28,65.5,65.9875
401600425,"March 06, 2024",Northwestern Wildcats,77,49,False,58.35,68.46153846153847,67.28115384615384
401581591,"November 18, 2023",Northwestern Wildcats,77,72,True,62.77,0.0,0.0
401581593,"November 19, 2023",Northwestern Wildcats,77,57,True,65.095,72.0,62.77
401581356,"December 30, 2023",Northwood (MI) Timberwolves,nd-northwood-mi-timberwolves,64,False,68.42,0.0,0.0
401587137,"November 26, 2023",Notre Dame (Md) Gators,nd-notre-dame-md-gators,53,False,72.35,0.0,0.0
401604091,"December 02, 2023",Notre Dame Fighting Irish,87,49,False,65.28,59.5,67.1075
401577603,"December 09, 2023",Notre Dame Fighting Irish,87,59,False,68.025,56.0,66.49833333333333
401604167,"February 03, 2024",Notre Dame Fighting Irish,87,60,False,64.095,59.142857142857146,65.99857142857142
401604172,"February 07, 2024",Notre Dame Fighting Irish,87,53,False,66.375,59.25,65.760625
401604202,"February 21, 2024",Notre Dame Fighting Irish,87,72,False,67.56,58.55555555555556,65.8288888888889
401604209,"February 24, 2024",Notre Dame Fighting Irish,87,85,False,71.63,59.9,66.002
401604114,"January 09, 2024",Notre Dame Fighting Irish,87,75,False,75.235,56.75,66.88
401604127,"January 15, 2024",Notre Dame Fighting Irish,87,59,False,63.025,60.4,68.551
401604161,"January 31, 2024",Notre Dame Fighting Irish,87,53,False,56.21,60.166666666666664,67.63000000000001
401604226,"March 05, 2024",Notre Dame Fighting Irish,87,51,False,70.025,62.18181818181818,66.51363636363637
401604237,"March 09, 2024",Notre Dame Fighting Irish,87,76,False,69.165,61.25,66.80624999999999
401625404,"March 13, 2024",Notre Dame Fighting Irish,87,59,True,63.7,62.38461538461539,66.98769230769231
401582157,"November 17, 2023",Notre Dame Fighting Irish,87,66,True,71.305,0.0,0.0
401574548,"November 28, 2023",Notre Dame Fighting Irish,87,53,False,62.91,66.0,71.305
401598000,"December 10, 2023",Oak Hills Christian Wolfpack,nd-oak-hills-christian-wolfpack,14,False,70.885,0.0,0.0
401581824,"November 07, 2023",Oakland City Mighty Oaks,nd-oakland-city-mighty-oaks,49,False,75.49,0.0,0.0
401588589,"November 14, 2023",Oakland City Mighty Oaks,nd-oakland-city-mighty-oaks,51,False,75.655,49.0,75.49
401581354,"December 08, 2023",Oakland Golden Grizzlies,2473,77,False,66.56,71.14285714285714,69.21785714285714
401592435,"December 18, 2023",Oakland Golden Grizzlies,2473,62,False,60.35,71.875,68.885625
401577538,"December 20, 2023",Oakland Golden Grizzlies,2473,67,False,62.815,70.77777777777777,67.93722222222223
401587645,"December 28, 2023",Oakland Golden Grizzlies,2473,67,False,76.84,70.4,67.425
401587672,"December 31, 2023",Oakland Golden Grizzlies,2473,88,False,70.025,70.0909090909091,68.28090909090909
401587727,"February 08, 2024",Oakland Golden Grizzlies,2473,89,False,83.305,73.13333333333334,69.21733333333333
401587732,"February 10, 2024",Oakland Golden Grizzlies,2473,74,False,67.42,74.125,70.0978125
401587735,"February 14, 2024",Oakland Golden Grizzlies,2473,71,False,65.025,74.11764705882354,69.94029411764707
401587746,"February 22, 2024",Oakland Golden Grizzlies,2473,63,False,66.84,73.94444444444444,69.66722222222222
401587692,"January 13, 2024",Oakland Golden Grizzlies,2473,88,False,70.7,71.58333333333333,68.42625
401587707,"January 25, 2024",Oakland Golden Grizzlies,2473,59,False,60.675,72.84615384615384,68.60115384615385
401587711,"January 27, 2024",Oakland Golden Grizzlies,2473,91,False,85.77,71.85714285714286,68.035
401577633,"November 06, 2023",Oakland Golden Grizzlies,2473,73,False,67.025,0.0,0.0
401584511,"November 10, 2023",Oakland Golden Grizzlies,2473,53,False,62.815,73.0,67.025
401581533,"November 19, 2023",Oakland Golden Grizzlies,2473,77,True,77.025,63.0,64.92
401581539,"November 20, 2023",Oakland Golden Grizzlies,2473,74,True,65.305,67.66666666666667,68.955
401581543,"November 21, 2023",Oakland Golden Grizzlies,2473,78,True,76.49,69.25,68.0425
401577608,"November 27, 2023",Oakland Golden Grizzlies,2473,78,False,68.05,71.0,69.732
401587636,"November 29, 2023",Oakland Golden Grizzlies,2473,65,False,67.815,72.16666666666667,69.45166666666667
401593909,"November 07, 2023",Oakwood Ambassadors,nd-oakwood-ambassadors,46,False,82.095,0.0,0.0
401594115,"December 05, 2023",Occidental Tigers,nd-occidental-tigers,67,False,72.675,51.0,75.14
401603532,"November 17, 2023",Occidental Tigers,nd-occidental-tigers,51,False,75.14,0.0,0.0
401600114,"November 14, 2023",Oglethorpe Stormy Petrels,nd-oglethorpe-stormy-petrels,51,False,81.77,0.0,0.0
401587202,"December 22, 2023",Ohio Bobcats,195,67,False,62.84,80.0,68.88666666666667
401588677,"February 06, 2024",Ohio Bobcats,195,84,False,74.91,74.125,68.56937500000001
401634069,"February 10, 2024",Ohio Bobcats,195,87,False,66.63,75.22222222222223,69.27388888888889
401588682,"February 16, 2024",Ohio Bobcats,195,83,False,71.56,76.4,69.0095
401588697,"February 24, 2024",Ohio Bobcats,195,80,False,70.095,77.0,69.24136363636363
401588626,"January 09, 2024",Ohio Bobcats,195,78,False,68.955,76.75,67.375
401588636,"January 13, 2024",Ohio Bobcats,195,79,False,72.515,77.0,67.691
401588649,"January 23, 2024",Ohio Bobcats,195,58,False,65.955,77.33333333333333,68.495
401588660,"January 26, 2024",Ohio Bobcats,195,71,False,71.63,74.57142857142857,68.13214285714285
401588714,"March 05, 2024",Ohio Bobcats,195,78,False,72.84,77.25,69.3125
401588721,"March 08, 2024",Ohio Bobcats,195,72,False,67.095,77.3076923076923,69.58384615384615
401625505,"March 15, 2024",Ohio Bobcats,195,62,True,73.025,76.92857142857143,69.40607142857142
401587199,"November 11, 2023",Ohio Bobcats,195,78,False,69.58500000000001,0.0,0.0
401603087,"November 25, 2023",Ohio Bobcats,195,80,True,65.7,78.0,69.58500000000001
401603090,"November 26, 2023",Ohio Bobcats,195,82,True,71.375,79.0,67.64250000000001
401611424,"November 13, 2023",Ohio Christian Trailblazers,nd-ohio-christian-trailblazers,71,False,73.49,0.0,0.0
401608093,"December 10, 2023",Ohio Dominican Panthers,nd-ohio-dominican-panthers,49,False,79.28,0.0,0.0
401600303,"December 09, 2023",Ohio State Buckeyes,194,80,False,71.165,86.0,62.56
401600364,"February 02, 2024",Ohio State Buckeyes,194,77,False,66.235,70.5,65.28500000000001
401600385,"February 13, 2024",Ohio State Buckeyes,194,54,False,58.07,71.42857142857143,65.42071428571428
401600402,"February 22, 2024",Ohio State Buckeyes,194,79,False,68.63,69.25,64.501875
401600408,"February 25, 2024",Ohio State Buckeyes,194,60,False,62.885,70.33333333333333,64.96055555555556
401600315,"January 06, 2024",Ohio State Buckeyes,194,65,False,64.56,83.0,66.86250000000001
401600333,"January 15, 2024",Ohio State Buckeyes,194,65,False,67.35,77.0,66.09500000000001
401600347,"January 23, 2024",Ohio State Buckeyes,194,69,False,64.42,74.0,66.40875
401600356,"January 27, 2024",Ohio State Buckeyes,194,58,False,61.655,73.0,66.011
401600432,"March 10, 2024",Ohio State Buckeyes,194,73,False,67.98,69.3,64.753
401625682,"March 14, 2024",Ohio State Buckeyes,194,90,True,74.91,69.63636363636364,65.04636363636364
401625686,"March 15, 2024",Ohio State Buckeyes,194,74,True,69.955,71.33333333333333,65.86833333333334
401582160,"November 25, 2023",Ohio State Buckeyes,194,86,True,62.56,0.0,0.0
401603457,"February 03, 2024",Oklahoma Sooners,201,63,False,69.77,71.66666666666667,69.14166666666667
401603475,"February 13, 2024",Oklahoma Sooners,201,62,False,58.56,70.42857142857143,69.23142857142857
401603493,"February 24, 2024",Oklahoma Sooners,201,84,False,67.42,69.375,67.8975
401603501,"February 28, 2024",Oklahoma Sooners,201,45,False,65.095,71.0,67.84444444444445
401603410,"January 10, 2024",Oklahoma Sooners,201,71,False,73.77,75.5,69.2225
401603414,"January 13, 2024",Oklahoma Sooners,201,66,False,67.63,74.0,70.73833333333333
401603426,"January 20, 2024",Oklahoma Sooners,201,69,False,64.63,72.0,69.96125
401603448,"January 30, 2024",Oklahoma Sooners,201,73,False,70.375,71.4,68.89500000000001
401603522,"March 09, 2024",Oklahoma Sooners,201,80,False,70.025,68.4,67.56949999999999
401625417,"March 13, 2024",Oklahoma Sooners,201,70,True,72.91,69.45454545454545,67.79272727272728
401586849,"November 23, 2023",Oklahoma Sooners,201,79,True,71.025,0.0,0.0
401586851,"November 24, 2023",Oklahoma Sooners,201,72,True,67.42,79.0,71.025
401597407,"December 05, 2023",Oklahoma State Cowboys,197,68,False,64.885,64.0,63.235
401603461,"February 06, 2024",Oklahoma State Cowboys,197,63,False,70.795,61.166666666666664,66.68
401603468,"February 10, 2024",Oklahoma State Cowboys,197,62,False,68.84,61.42857142857143,67.26785714285714
401603488,"February 21, 2024",Oklahoma State Cowboys,197,80,False,69.56,61.5,67.464375
401603408,"January 09, 2024",Oklahoma State Cowboys,197,73,False,67.095,66.0,64.06
401603413,"January 13, 2024",Oklahoma State Cowboys,197,42,False,65.49000000000001,68.33333333333333,65.07166666666667
401603428,"January 20, 2024",Oklahoma State Cowboys,197,66,False,70.56,61.75,65.17625000000001
401603447,"January 30, 2024",Oklahoma State Cowboys,197,54,False,68.815,62.6,66.253
401603507,"March 02, 2024",Oklahoma State Cowboys,197,65,False,63.815,63.55555555555556,67.69722222222222
401603517,"March 09, 2024",Oklahoma State Cowboys,197,71,False,71.63,63.7,67.309
401625414,"March 12, 2024",Oklahoma State Cowboys,197,62,True,68.84,64.36363636363636,67.70181818181818
401582156,"November 16, 2023",Oklahoma State Cowboys,197,64,True,63.235,0.0,0.0
401581859,"December 02, 2023",Old Dominion Monarchs,295,68,False,71.815,72.5,71.8625
401581860,"December 06, 2023",Old Dominion Monarchs,295,79,False,66.955,71.0,71.84666666666666
401581558,"December 24, 2023",Old Dominion Monarchs,295,65,True,75.98,73.0,70.62375
401581702,"February 01, 2024",Old Dominion Monarchs,295,83,False,76.025,72.22222222222223,73.32499999999999
401581674,"February 03, 2024",Old Dominion Monarchs,295,63,False,73.445,73.3,73.595
401581706,"February 07, 2024",Old Dominion Monarchs,295,73,False,78.12,72.36363636363636,73.58136363636363
401581609,"February 28, 2024",Old Dominion Monarchs,295,64,False,72.84,72.41666666666667,73.95958333333333
401581705,"January 04, 2024",Old Dominion Monarchs,295,73,False,80.165,71.4,71.69500000000001
401581613,"January 06, 2024",Old Dominion Monarchs,295,75,False,72.42,71.66666666666667,73.10666666666667
401581658,"January 11, 2024",Old Dominion Monarchs,295,70,False,71.56,72.14285714285714,73.00857142857143
401581631,"January 13, 2024",Old Dominion Monarchs,295,75,False,77.305,71.875,72.8275
401581655,"March 01, 2024",Old Dominion Monarchs,295,75,False,75.05,71.76923076923077,73.87346153846154
401625590,"March 05, 2024",Old Dominion Monarchs,295,83,True,82.61,72.0,73.9575
401574582,"November 11, 2023",Old Dominion Monarchs,295,68,False,72.05,0.0,0.0
401581855,"November 13, 2023",Old Dominion Monarchs,295,77,False,71.675,68.0,72.05
401594545,"December 10, 2023",Ole Miss Rebels,145,70,False,71.19,77.0,63.955
401597170,"February 06, 2024",Ole Miss Rebels,145,65,False,63.745,70.16666666666667,69.87083333333334
401597182,"February 13, 2024",Ole Miss Rebels,145,63,False,72.63,69.42857142857143,68.99571428571429
401597196,"February 21, 2024",Ole Miss Rebels,145,71,False,69.86500000000001,68.625,69.45
401597110,"January 06, 2024",Ole Miss Rebels,145,64,False,70.095,73.5,67.57249999999999
401597134,"January 17, 2024",Ole Miss Rebels,145,80,False,79.58500000000001,70.33333333333333,68.41333333333334
401597138,"January 20, 2024",Ole Miss Rebels,145,59,False,67.63,72.75,71.20625
401597153,"January 27, 2024",Ole Miss Rebels,145,71,False,66.77,70.0,70.491
401597218,"March 02, 2024",Ole Miss Rebels,145,84,False,70.47,68.88888888888889,69.49611111111112
401597223,"March 05, 2024",Ole Miss Rebels,145,66,False,67.42,70.4,69.59349999999999
401625451,"March 14, 2024",Ole Miss Rebels,145,71,True,74.235,70.0,69.39590909090909
401593852,"November 22, 2023",Ole Miss Rebels,145,77,False,63.955,0.0,0.0
401581818,"December 06, 2023",Omaha Mavericks,2437,58,False,67.7,60.0,67.14166666666667
401581819,"December 09, 2023",Omaha Mavericks,2437,58,False,66.7,59.5,67.28125
401581821,"December 21, 2023",Omaha Mavericks,2437,53,False,66.49,59.2,67.16499999999999
401580026,"December 31, 2023",Omaha Mavericks,2437,67,False,66.56,58.166666666666664,67.0525
401580074,"February 08, 2024",Omaha Mavericks,2437,78,False,79.445,65.72727272727273,67.28318181818182
401580076,"February 10, 2024",Omaha Mavericks,2437,79,False,76.7,66.75,68.29666666666667
401580095,"February 24, 2024",Omaha Mavericks,2437,58,False,61.7,67.6923076923077,68.94307692307692
401580096,"February 29, 2024",Omaha Mavericks,2437,61,False,72.235,67.0,68.42571428571429
401581823,"January 06, 2024",Omaha Mavericks,2437,62,False,60.815,59.42857142857143,66.98214285714286
401580049,"January 18, 2024",Omaha Mavericks,2437,87,False,70.305,59.75,66.21125
401580058,"January 25, 2024",Omaha Mavericks,2437,67,False,68.56,62.77777777777778,66.6661111111111
401580063,"January 27, 2024",Omaha Mavericks,2437,91,False,71.56,63.2,66.8555
401625496,"March 10, 2024",Omaha Mavericks,2437,73,True,67.025,66.6,68.67966666666666
401578010,"November 09, 2023",Omaha Mavericks,2437,60,False,78.77,0.0,0.0
401581811,"November 11, 2023",Omaha Mavericks,2437,64,False,57.56,60.0,78.77
401587243,"November 19, 2023",Omaha Mavericks,2437,56,False,65.095,62.0,68.16499999999999
401594606,"December 12, 2023",Oral Roberts Golden Eagles,198,76,False,65.14,71.0,71.275
401594607,"December 17, 2023",Oral Roberts Golden Eagles,198,60,False,69.49000000000001,72.0,70.048
401580021,"December 29, 2023",Oral Roberts Golden Eagles,198,60,False,71.35,70.0,69.955
401580027,"December 31, 2023",Oral Roberts Golden Eagles,198,89,False,85.05,68.57142857142857,70.1542857142857
401580073,"February 08, 2024",Oral Roberts Golden Eagles,198,63,False,66.49,72.27272727272727,71.49454545454546
401580078,"February 10, 2024",Oral Roberts Golden Eagles,198,72,False,68.35,71.5,71.0775
401580091,"February 22, 2024",Oral Roberts Golden Eagles,198,70,False,68.84,71.53846153846153,70.86769230769231
401580094,"February 24, 2024",Oral Roberts Golden Eagles,198,76,False,68.955,71.42857142857143,70.72285714285714
401580028,"January 03, 2024",Oral Roberts Golden Eagles,198,82,False,75.56,71.125,72.01625
401580050,"January 18, 2024",Oral Roberts Golden Eagles,198,77,False,69.63,72.33333333333333,72.41000000000001
401580052,"January 20, 2024",Oral Roberts Golden Eagles,198,67,False,65.12,72.8,72.13199999999999
401625493,"March 09, 2024",Oral Roberts Golden Eagles,198,63,True,61.7,71.73333333333333,70.605
401594601,"November 06, 2023",Oral Roberts Golden Eagles,198,71,False,72.375,0.0,0.0
401577698,"November 13, 2023",Oral Roberts Golden Eagles,198,69,False,79.815,71.0,72.375
401575512,"November 17, 2023",Oral Roberts Golden Eagles,198,66,False,62.025,70.0,76.095
401594603,"November 28, 2023",Oral Roberts Golden Eagles,198,78,False,70.88499999999999,68.66666666666667,71.405
401607465,"February 01, 2024",Oregon Ducks,2483,78,False,67.21,75.8,69.835
401607409,"February 03, 2024",Oregon Ducks,2483,63,False,64.025,76.16666666666667,69.3975
401607426,"February 17, 2024",Oregon Ducks,2483,60,False,60.35,74.28571428571429,68.63
401607432,"February 22, 2024",Oregon Ducks,2483,78,False,68.42,72.5,67.595
401607467,"February 24, 2024",Oregon Ducks,2483,64,False,70.305,73.11111111111111,67.68666666666667
401607365,"January 04, 2024",Oregon Ducks,2483,76,False,69.77,67.0,63.955
401607447,"January 06, 2024",Oregon Ducks,2483,89,False,71.445,71.5,66.8625
401607386,"January 18, 2024",Oregon Ducks,2483,70,False,72.235,77.33333333333333,68.39
401607464,"January 21, 2024",Oregon Ducks,2483,77,False,71.77,75.5,69.35125
401607438,"March 02, 2024",Oregon Ducks,2483,83,False,73.815,72.2,67.9485
401625481,"March 15, 2024",Oregon Ducks,2483,67,True,66.98,73.18181818181819,68.48181818181818
401625483,"March 16, 2024",Oregon Ducks,2483,75,True,67.305,72.66666666666667,68.35666666666667
401598898,"November 20, 2023",Oregon Ducks,2483,67,False,63.955,0.0,0.0
401607404,"February 01, 2024",Oregon State Beavers,204,63,False,63.165000000000006,58.0,65.63416666666667
401607469,"February 03, 2024",Oregon State Beavers,204,54,False,63.095,58.714285714285715,65.28142857142858
401607420,"February 14, 2024",Oregon State Beavers,204,61,False,66.35,58.125,65.008125
401607430,"February 22, 2024",Oregon State Beavers,204,73,False,66.7,58.44444444444444,65.15722222222222
401607470,"February 24, 2024",Oregon State Beavers,204,85,False,72.84,59.9,65.3115
401607468,"February 28, 2024",Oregon State Beavers,204,71,False,72.12,62.18181818181818,65.9959090909091
401607368,"January 04, 2024",Oregon State Beavers,204,58,False,62.885000000000005,57.0,67.235
401607463,"January 06, 2024",Oregon State Beavers,204,72,False,62.655,57.333333333333336,65.78500000000001
401607385,"January 18, 2024",Oregon State Beavers,204,47,False,60.955,61.0,65.0025
401607390,"January 20, 2024",Oregon State Beavers,204,57,False,72.84,58.2,64.19300000000001
401625474,"March 13, 2024",Oregon State Beavers,204,57,True,56.56,62.916666666666664,66.50625000000001
401574834,"November 18, 2023",Oregon State Beavers,204,63,True,65.235,0.0,0.0
401582119,"November 24, 2023",Oregon State Beavers,204,51,True,69.235,63.0,65.235
401604808,"January 02, 2024",Our Lady Of The Lake Saints,nd-our-lady-of-the-lake-saints,74,False,82.095,0.0,0.0
401594605,"December 09, 2023",Ozark Christian Ambassadors,nd-ozark-christian-ambassadors,51,False,71.745,0.0,0.0
401583736,"November 17, 2023",Pacific Lutheran Lutes,nd-pacific-lutheran-lutes,52,False,65.305,0.0,0.0
401575409,"December 02, 2023",Pacific Tigers,279,58,False,64.63,63.0,73.1075
401575410,"December 05, 2023",Pacific Tigers,279,53,False,74.305,61.333333333333336,70.28166666666667
401575411,"December 09, 2023",Pacific Tigers,279,56,False,61.49,59.25,71.2875
401575414,"December 20, 2023",Pacific Tigers,279,56,False,65.7,58.6,69.328
401589701,"February 03, 2024",Pacific Tigers,279,73,False,74.84,58.3,68.1535
401589714,"February 15, 2024",Pacific Tigers,279,53,False,67.165,59.63636363636363,68.76136363636364
401589716,"February 17, 2024",Pacific Tigers,279,76,False,71.77,59.083333333333336,68.62833333333333
401589668,"January 06, 2024",Pacific Tigers,279,64,False,70.7,58.166666666666664,68.72333333333334
401589673,"January 11, 2024",Pacific Tigers,279,78,False,68.35,59.0,69.00571428571429
401589677,"January 13, 2024",Pacific Tigers,279,64,False,68.77,61.375,68.92375
401589689,"January 25, 2024",Pacific Tigers,279,28,False,61.375,61.666666666666664,68.90666666666667
401589733,"March 02, 2024",Pacific Tigers,279,69,False,75.305,60.38461538461539,68.86999999999999
401625642,"March 07, 2024",Pacific Tigers,279,43,True,73.095,61.0,69.32964285714286
401575402,"November 10, 2023",Pacific Tigers,279,87,False,73.58500000000001,0.0,0.0
401575403,"November 15, 2023",Pacific Tigers,279,39,False,72.63,87.0,73.58500000000001
401594050,"November 14, 2023",Pacific Union,nd-pacific-union,66,False,83.025,0.0,0.0
401604449,"December 21, 2023",Park University Gilbert Buccaneers,nd-park-university-gilbert-buccaneers,39,False,73.815,0.0,0.0
401604411,"December 22, 2023",Paul Quinn Tigers,nd-paul-quinn-tigers,58,False,86.26,61.0,76.42
401581793,"December 30, 2023",Paul Quinn Tigers,nd-paul-quinn-tigers,64,False,74.955,59.5,81.34
401608785,"November 25, 2023",Paul Quinn Tigers,nd-paul-quinn-tigers,61,False,76.42,0.0,0.0
401587224,"November 08, 2023",Penn State (Brandywine) Lions,nd-penn-state-brandywine-lions,63,False,83.165,0.0,0.0
401594401,"November 06, 2023",Penn State - Wilkes-Barre Mountain Lions,nd-penn-state---wilkes-barre-mountain-lions,55,False,84.77000000000001,0.0,0.0
401606716,"November 12, 2023",Penn State - Wilkes-Barre Mountain Lions,nd-penn-state---wilkes-barre-mountain-lions,60,False,73.35,55.0,84.77000000000001
401600301,"December 06, 2023",Penn State Nittany Lions,213,75,False,76.235,76.33333333333333,71.01
401600367,"February 03, 2024",Penn State Nittany Lions,213,85,False,61.56,71.375,72.278125
401600383,"February 11, 2024",Penn State Nittany Lions,213,63,False,66.7,72.88888888888889,71.08722222222222
401600392,"February 17, 2024",Penn State Nittany Lions,213,49,False,68.56,71.9,70.6485
401600411,"February 27, 2024",Penn State Nittany Lions,213,81,False,80.305,69.81818181818181,70.45863636363636
401600312,"January 04, 2024",Penn State Nittany Lions,213,61,False,73.955,76.0,72.31625
401600329,"January 13, 2024",Penn State Nittany Lions,213,78,False,77.095,73.0,72.644
401600342,"January 20, 2024",Penn State Nittany Lions,213,67,False,69.675,73.83333333333333,73.38583333333334
401600362,"January 31, 2024",Penn State Nittany Lions,213,61,False,68.235,72.85714285714286,72.85571428571428
401600419,"March 02, 2024",Penn State Nittany Lions,213,70,False,69.445,70.75,71.27916666666667
401625683,"March 14, 2024",Penn State Nittany Lions,213,59,True,67.84,70.6923076923077,71.13807692307692
401581334,"November 23, 2023",Penn State Nittany Lions,213,77,True,66.77,0.0,0.0
401581567,"November 24, 2023",Penn State Nittany Lions,213,78,True,71.28,77.0,66.77
401581572,"November 26, 2023",Penn State Nittany Lions,213,74,True,74.98,77.5,69.025
401600769,"December 18, 2023",Penn State-Alleghany Nittany Lions,nd-penn-state-alleghany-nittany-lions,49,False,78.235,0.0,0.0
401575400,"December 22, 2023",Penn State-New Kensington Lions,nd-penn-state-new-kensington-lions,65,False,70.21,0.0,0.0
401587226,"November 18, 2023",Penn State-Schuylkill Nittany Lions,nd-penn-state-schuylkill-nittany-lions,66,False,88.7,0.0,0.0
401582028,"November 14, 2023",Penn State-York Nittany Lions,nd-penn-state-york-nittany-lions,65,False,78.77,0.0,0.0
401604302,"December 02, 2023",Pennsylvania Quakers,219,92,True,72.42,70.5,77.34
401588946,"December 09, 2023",Pennsylvania Quakers,219,66,True,71.815,77.66666666666667,75.7
401589365,"December 23, 2023",Pennsylvania Quakers,219,77,False,76.095,74.75,74.72874999999999
401575442,"December 30, 2023",Pennsylvania Quakers,219,42,False,62.885,75.2,75.002
401577671,"February 02, 2024",Pennsylvania Quakers,219,61,False,65.095,69.66666666666667,70.795
401587193,"February 03, 2024",Pennsylvania Quakers,219,58,False,66.42,68.8,70.225
401587178,"February 10, 2024",Pennsylvania Quakers,219,70,False,65.095,67.81818181818181,69.8790909090909
401589369,"February 23, 2024",Pennsylvania Quakers,219,82,False,61.14,68.0,69.48041666666667
401581756,"February 24, 2024",Pennsylvania Quakers,219,70,False,67.12,69.07692307692308,68.83884615384615
401583801,"January 02, 2024",Pennsylvania Quakers,219,68,False,69.49,69.66666666666667,72.9825
401589367,"January 15, 2024",Pennsylvania Quakers,219,60,False,67.21000000000001,69.42857142857143,72.48357142857142
401589368,"January 27, 2024",Pennsylvania Quakers,219,81,False,62.56,68.25,71.824375
401577541,"November 10, 2023",Pennsylvania Quakers,219,61,False,71.63,0.0,0.0
401589362,"November 18, 2023",Pennsylvania Quakers,219,80,False,83.05,61.0,71.63
401576684,"December 03, 2023",Pepperdine Waves,2492,66,False,75.095,80.0,73.92250000000001
401576687,"December 17, 2023",Pepperdine Waves,2492,63,False,72.49,75.33333333333333,74.31333333333333
401589700,"February 03, 2024",Pepperdine Waves,2492,89,False,67.955,71.85714285714286,72.415
401589708,"February 10, 2024",Pepperdine Waves,2492,72,False,68.025,74.0,71.8575
401589713,"February 15, 2024",Pepperdine Waves,2492,59,False,69.305,73.77777777777777,71.43166666666667
401589720,"February 21, 2024",Pepperdine Waves,2492,89,False,73.91,72.3,71.21900000000001
401589725,"February 24, 2024",Pepperdine Waves,2492,68,False,68.815,73.81818181818181,71.46363636363637
401589664,"January 04, 2024",Pepperdine Waves,2492,60,False,70.305,72.25,73.8575
401589676,"January 13, 2024",Pepperdine Waves,2492,83,False,71.26,69.8,73.147
401589688,"January 25, 2024",Pepperdine Waves,2492,71,False,69.91,72.0,72.8325
401625643,"March 08, 2024",Pepperdine Waves,2492,52,True,64.095,73.33333333333333,71.24291666666666
401576680,"November 09, 2023",Pepperdine Waves,2492,78,False,74.26,0.0,0.0
401594424,"November 22, 2023",Pepperdine Waves,2492,82,True,73.58500000000001,78.0,74.26
401607046,"December 05, 2023",Pfeiffer Falcons,nd-pfeiffer-falcons,60,False,74.445,0.0,0.0
401596812,"December 12, 2023",Pfeiffer Falcons,nd-pfeiffer-falcons,59,False,76.91,60.0,74.445
401604787,"November 06, 2023",Piedmont Lions,nd-piedmont-lions,86,False,78.305,0.0,0.0
401589379,"November 20, 2023",Pittsburgh - Greensburg Bobcats,nd-pittsburgh---greensburg-bobcats,63,False,65.7,0.0,0.0
401575473,"December 06, 2023",Pittsburgh Panthers,221,80,False,65.745,0.0,0.0
401604097,"December 30, 2023",Pittsburgh Panthers,221,73,False,75.84,80.0,65.745
401604174,"February 07, 2024",Pittsburgh Panthers,221,67,False,63.025000000000006,76.0,68.10666666666667
401604184,"February 13, 2024",Pittsburgh Panthers,221,74,False,58.955,74.71428571428571,67.38071428571429
401604198,"February 20, 2024",Pittsburgh Panthers,221,58,False,63.7,74.625,66.3275
401604213,"February 27, 2024",Pittsburgh Panthers,221,62,False,64.7,72.77777777777777,66.03555555555556
401604109,"January 06, 2024",Pittsburgh Panthers,221,83,False,68.235,76.5,70.7925
401604136,"January 20, 2024",Pittsburgh Panthers,221,80,False,70.98,78.66666666666667,69.94
401604143,"January 23, 2024",Pittsburgh Panthers,221,72,False,61.56,79.0,70.2
401604152,"January 27, 2024",Pittsburgh Panthers,221,68,False,66.28,77.6,68.47200000000001
401604220,"March 02, 2024",Pittsburgh Panthers,221,90,False,65.14,71.7,65.902
401625411,"March 15, 2024",Pittsburgh Panthers,221,65,True,67.165,73.36363636363636,65.83272727272728
401597846,"November 11, 2023",Plattsburgh St Cardinals,nd-plattsburgh-st-cardinals,41,False,64.88499999999999,0.0,0.0
401611812,"November 27, 2023",Point Loma Nazarene Sea Lions,nd-point-loma-nazarene-sea-lions,51,False,65.815,0.0,0.0
401604889,"November 09, 2023",Point Park Pioneers,nd-point-park-pioneers,56,False,69.025,0.0,0.0
401593976,"December 13, 2023",Portland Bible Arrows,nd-portland-bible-arrows,34,False,70.49,0.0,0.0
401583844,"December 07, 2023",Portland Pilots,2501,67,False,68.56,78.5,73.57249999999999
401583845,"December 09, 2023",Portland Pilots,2501,83,False,69.77,74.66666666666667,71.90166666666666
401583846,"December 16, 2023",Portland Pilots,2501,63,True,70.025,76.75,71.36875
401581340,"December 21, 2023",Portland Pilots,2501,56,False,66.21,74.0,71.1
401589698,"February 01, 2024",Portland Pilots,2501,65,False,68.42,69.8,69.625
401589704,"February 07, 2024",Portland Pilots,2501,64,False,70.675,69.36363636363636,69.51545454545455
401589712,"February 15, 2024",Portland Pilots,2501,66,False,72.49,68.91666666666667,69.61208333333333
401589715,"February 17, 2024",Portland Pilots,2501,70,False,68.21000000000001,68.6923076923077,69.83346153846153
401589672,"January 11, 2024",Portland Pilots,2501,52,False,63.49,71.0,70.285
401589675,"January 13, 2024",Portland Pilots,2501,69,False,71.35,68.28571428571429,69.31428571428572
401589684,"January 20, 2024",Portland Pilots,2501,86,False,70.42,68.375,69.56875
401589687,"January 25, 2024",Portland Pilots,2501,65,False,69.28,70.33333333333333,69.66333333333334
401625646,"March 09, 2024",Portland Pilots,2501,51,True,60.21,68.78571428571429,69.7175
401588310,"November 18, 2023",Portland Pilots,2501,83,False,77.655,0.0,0.0
401583841,"November 28, 2023",Portland Pilots,2501,74,False,69.49,83.0,77.655
401580931,"December 02, 2023",Portland State Vikings,2502,61,False,70.63,70.0,67.4675
401594037,"December 15, 2023",Portland State Vikings,2502,65,False,70.84,68.2,68.1
401594038,"December 18, 2023",Portland State Vikings,2502,75,False,74.77,67.66666666666667,68.55666666666667
401573385,"December 28, 2023",Portland State Vikings,2502,57,False,73.77,68.71428571428571,69.44428571428571
401573390,"December 30, 2023",Portland State Vikings,2502,77,False,72.7,67.25,69.985
401573437,"February 08, 2024",Portland State Vikings,2502,72,False,72.7,67.33333333333333,71.06833333333334
401573439,"February 10, 2024",Portland State Vikings,2502,65,False,65.49000000000001,67.6923076923077,71.19384615384615
401573455,"February 22, 2024",Portland State Vikings,2502,67,False,75.63,67.5,70.78642857142857
401573459,"February 24, 2024",Portland State Vikings,2502,73,False,72.725,67.46666666666667,71.10933333333334
401580039,"January 06, 2024",Portland State Vikings,2502,67,False,71.98,68.33333333333333,70.28666666666668
401573405,"January 18, 2024",Portland State Vikings,2502,65,False,76.095,68.2,70.456
401573411,"January 20, 2024",Portland State Vikings,2502,61,False,72.165,67.9090909090909,70.96863636363636
401573465,"March 02, 2024",Portland State Vikings,2502,61,False,74.91,67.8125,71.2103125
401625614,"March 11, 2024",Portland State Vikings,2502,81,True,78.515,67.41176470588235,71.4279411764706
401594029,"November 06, 2023",Portland State Vikings,2502,62,False,63.515,0.0,0.0
401594030,"November 09, 2023",Portland State Vikings,2502,82,False,73.095,62.0,63.515
401594032,"November 17, 2023",Portland State Vikings,2502,66,False,67.77000000000001,72.0,68.305
401594034,"November 19, 2023",Portland State Vikings,2502,70,True,65.49000000000001,70.0,68.12666666666667
401575448,"December 10, 2023",Prairie View A&M Panthers,2504,56,False,81.955,71.4,77.078
401598020,"December 12, 2023",Prairie View A&M Panthers,2504,55,False,67.56,68.83333333333333,77.89083333333333
401593837,"December 20, 2023",Prairie View A&M Panthers,2504,56,False,70.35,66.85714285714286,76.41499999999999
401592100,"December 28, 2023",Prairie View A&M Panthers,2504,89,False,79.165,65.5,75.656875
401575516,"December 30, 2023",Prairie View A&M Panthers,2504,54,False,73.165,68.11111111111111,76.04666666666668
401574636,"February 10, 2024",Prairie View A&M Panthers,2504,78,False,72.235,66.92857142857143,74.40964285714287
401598030,"February 12, 2024",Prairie View A&M Panthers,2504,61,False,68.165,67.66666666666667,74.26466666666667
401598033,"February 24, 2024",Prairie View A&M Panthers,2504,59,False,71.49,67.25,73.8834375
401598034,"February 26, 2024",Prairie View A&M Panthers,2504,51,False,67.84,66.76470588235294,73.74264705882354
401598022,"January 06, 2024",Prairie View A&M Panthers,2504,63,False,66.165,66.7,75.7585
401598023,"January 08, 2024",Prairie View A&M Panthers,2504,58,False,75.7,66.36363636363636,74.88636363636364
401583823,"January 20, 2024",Prairie View A&M Panthers,2504,71,False,71.98,65.66666666666667,74.95416666666667
401598026,"January 22, 2024",Prairie View A&M Panthers,2504,78,False,70.305,66.07692307692308,74.72538461538463
401598036,"March 09, 2024",Prairie View A&M Panthers,2504,78,False,78.7,65.88888888888889,73.41472222222222
401598015,"November 08, 2023",Prairie View A&M Panthers,2504,60,False,79.305,0.0,0.0
401580927,"November 10, 2023",Prairie View A&M Panthers,2504,65,False,72.98,60.0,79.305
401598016,"November 14, 2023",Prairie View A&M Panthers,2504,79,False,74.19,62.5,76.14250000000001
401598018,"November 21, 2023",Prairie View A&M Panthers,2504,76,False,72.235,68.0,75.49166666666667
401598019,"November 29, 2023",Prairie View A&M Panthers,2504,77,False,86.68,70.0,74.67750000000001
401575396,"December 02, 2023",Presbyterian Blue Hose,2506,75,False,71.84,76.5,73.375
401594076,"December 19, 2023",Presbyterian Blue Hose,2506,61,False,69.375,76.2,73.06800000000001
401581094,"December 21, 2023",Presbyterian Blue Hose,2506,68,False,71.305,73.66666666666667,72.4525
401601250,"February 03, 2024",Presbyterian Blue Hose,2506,68,False,72.4,69.63636363636364,70.62636363636364
401601263,"February 14, 2024",Presbyterian Blue Hose,2506,69,False,64.77000000000001,69.5,70.77416666666666
401601272,"February 21, 2024",Presbyterian Blue Hose,2506,78,False,64.955,69.46153846153847,70.3123076923077
401601280,"February 28, 2024",Presbyterian Blue Hose,2506,72,False,71.235,70.07142857142857,69.92964285714285
401601213,"January 03, 2024",Presbyterian Blue Hose,2506,68,False,69.165,72.85714285714286,72.28857142857143
401601226,"January 13, 2024",Presbyterian Blue Hose,2506,60,False,73.77,72.25,71.89812500000001
401601235,"January 20, 2024",Presbyterian Blue Hose,2506,70,False,68.305,70.88888888888889,72.10611111111112
401601244,"January 27, 2024",Presbyterian Blue Hose,2506,58,False,59.63,70.8,71.726
401625518,"March 08, 2024",Presbyterian Blue Hose,2506,60,True,68.35,70.2,70.01666666666667
401594069,"November 07, 2023",Presbyterian Blue Hose,2506,68,False,70.235,0.0,0.0
401584338,"November 16, 2023",Presbyterian Blue Hose,2506,81,False,74.05,68.0,70.235
401594072,"November 18, 2023",Presbyterian Blue Hose,2506,78,True,68.91,74.5,72.1425
401588313,"November 27, 2023",Presbyterian Blue Hose,2506,79,False,80.305,75.66666666666667,71.065
401577548,"December 10, 2023",Princeton Tigers,163,70,False,63.56,75.83333333333333,65.01333333333334
401587173,"December 30, 2023",Princeton Tigers,163,84,False,69.28,75.0,64.80571428571429
401587177,"February 02, 2024",Princeton Tigers,163,64,False,62.605,74.7,66.56
401577672,"February 03, 2024",Princeton Tigers,163,70,False,61.885000000000005,73.72727272727273,66.20045454545455
401581755,"February 23, 2024",Princeton Tigers,163,66,False,64.63,73.41666666666667,65.84083333333334
401587180,"February 24, 2024",Princeton Tigers,163,68,False,61.955,72.84615384615384,65.7476923076923
401587175,"January 20, 2024",Princeton Tigers,163,70,False,70.025,76.125,65.365
401587176,"January 27, 2024",Princeton Tigers,163,68,False,72.655,75.44444444444444,65.88277777777779
401587183,"March 09, 2024",Princeton Tigers,163,105,False,70.91,72.5,65.47678571428571
401587164,"November 06, 2023",Princeton Tigers,163,68,True,62.885000000000005,0.0,0.0
401587165,"November 10, 2023",Princeton Tigers,163,74,False,69.88499999999999,68.0,62.885000000000005
401587166,"November 15, 2023",Princeton Tigers,163,70,False,64.095,71.0,66.38499999999999
401583745,"November 18, 2023",Princeton Tigers,163,82,False,70.305,70.66666666666667,65.62166666666667
401581856,"November 22, 2023",Princeton Tigers,163,76,False,61.885,73.5,66.7925
401587168,"November 29, 2023",Princeton Tigers,163,85,False,61.025,74.0,65.811
401574567,"December 05, 2023",Providence Friars,2507,51,False,70.885,70.5,74.63
401599517,"February 04, 2024",Providence Friars,2507,50,False,62.28,69.625,71.04
401599523,"February 10, 2024",Providence Friars,2507,72,False,71.56,67.44444444444444,70.06666666666666
401599542,"February 21, 2024",Providence Friars,2507,79,False,69.305,67.9,70.21600000000001
401599551,"February 28, 2024",Providence Friars,2507,69,False,68.56,68.9090909090909,70.13318181818182
401599475,"January 06, 2024",Providence Friars,2507,60,False,67.49000000000001,64.0,73.38166666666667
401599482,"January 10, 2024",Providence Friars,2507,73,False,70.375,63.0,71.90875
401599492,"January 17, 2024",Providence Friars,2507,100,False,75.955,65.0,71.602
401599502,"January 24, 2024",Providence Friars,2507,67,False,64.095,70.83333333333333,72.3275
401599512,"January 31, 2024",Providence Friars,2507,65,False,70.26,70.28571428571429,71.15142857142857
401599559,"March 05, 2024",Providence Friars,2507,71,False,66.165,68.91666666666667,70.00208333333335
401625561,"March 14, 2024",Providence Friars,2507,78,True,75.91,69.07692307692308,69.70692307692308
401625564,"March 15, 2024",Providence Friars,2507,68,True,66.98,69.71428571428571,70.15
401581158,"November 17, 2023",Providence Friars,2507,70,True,77.84,0.0,0.0
401581516,"November 19, 2023",Providence Friars,2507,71,True,71.42,70.0,77.84
401600295,"December 01, 2023",Purdue Boilermakers,2509,88,False,82.935,75.5,71.0825
401600370,"February 04, 2024",Purdue Boilermakers,2509,75,False,66.305,77.125,70.795625
401600395,"February 18, 2024",Purdue Boilermakers,2509,69,False,63.7,76.88888888888889,70.29666666666668
401600409,"February 25, 2024",Purdue Boilermakers,2509,84,False,67.955,76.1,69.637
401600308,"January 02, 2024",Purdue Boilermakers,2509,67,False,61.35,79.66666666666667,75.03333333333333
401600321,"January 09, 2024",Purdue Boilermakers,2509,72,False,71.165,76.5,71.6125
401600335,"January 16, 2024",Purdue Boilermakers,2509,87,False,70.815,75.6,71.523
401600343,"January 20, 2024",Purdue Boilermakers,2509,84,False,70.56,77.5,71.405
401600357,"January 28, 2024",Purdue Boilermakers,2509,68,False,67.375,78.42857142857143,71.28428571428572
401600423,"March 05, 2024",Purdue Boilermakers,2509,77,False,65.49,76.81818181818181,69.48409090909091
401575874,"November 20, 2023",Purdue Boilermakers,2509,73,True,74.28,0.0,0.0
401581598,"November 22, 2023",Purdue Boilermakers,2509,78,True,67.88499999999999,73.0,74.28
401587640,"December 02, 2023",Purdue Fort Wayne Mastodons,2870,98,False,73.63,78.0,76.13625
401587162,"December 06, 2023",Purdue Fort Wayne Mastodons,2870,70,False,71.375,82.0,75.635
401577557,"December 20, 2023",Purdue Fort Wayne Mastodons,2870,48,False,70.21000000000001,80.0,74.925
401587730,"February 10, 2024",Purdue Fort Wayne Mastodons,2870,92,False,72.77,75.63636363636364,74.66409090909092
401587740,"February 17, 2024",Purdue Fort Wayne Mastodons,2870,83,False,65.77000000000001,77.0,74.50625000000001
401587748,"February 23, 2024",Purdue Fort Wayne Mastodons,2870,85,False,64.35,77.46153846153847,73.83423076923077
401587751,"February 25, 2024",Purdue Fort Wayne Mastodons,2870,88,False,72.98,78.0,73.1567857142857
401587755,"February 28, 2024",Purdue Fort Wayne Mastodons,2870,79,False,81.885,78.66666666666667,73.145
401587685,"January 10, 2024",Purdue Fort Wayne Mastodons,2870,85,False,75.05,75.42857142857143,74.25142857142858
401587690,"January 12, 2024",Purdue Fort Wayne Mastodons,2870,88,False,83.84,76.625,74.35125
401587700,"January 20, 2024",Purdue Fort Wayne Mastodons,2870,68,False,68.955,77.88888888888889,75.40555555555555
401587705,"January 25, 2024",Purdue Fort Wayne Mastodons,2870,63,False,73.7,76.9,74.76050000000001
401625697,"March 07, 2024",Purdue Fort Wayne Mastodons,2870,65,False,69.56,78.6875,73.69125
401587157,"November 07, 2023",Purdue Fort Wayne Mastodons,2870,82,False,78.305,0.0,0.0
401584362,"November 17, 2023",Purdue Fort Wayne Mastodons,2870,77,True,81.91,82.0,78.305
401601487,"November 18, 2023",Purdue Fort Wayne Mastodons,2870,93,True,74.63,79.5,80.1075
401587160,"November 22, 2023",Purdue Fort Wayne Mastodons,2870,60,False,69.7,84.0,78.28166666666667
401604796,"January 22, 2024",Queens College NY Knights,nd-queens-college-ny-knights,61,False,77.98,0.0,0.0
401583720,"December 05, 2023",Queens University Royals,2511,82,False,85.725,64.6,73.26700000000001
401583722,"December 19, 2023",Queens University Royals,2511,65,False,73.42,67.5,75.34333333333333
401583723,"December 22, 2023",Queens University Royals,2511,79,False,78.955,67.14285714285714,75.06857142857143
401574497,"December 30, 2023",Queens University Royals,2511,69,False,78.305,68.625,75.554375
401574541,"February 08, 2024",Queens University Royals,2511,88,False,71.955,71.61538461538461,76.57653846153846
401574201,"February 10, 2024",Queens University Royals,2511,76,False,61.77,72.78571428571429,76.24642857142858
401574543,"February 22, 2024",Queens University Royals,2511,83,False,73.815,73.0,75.28133333333334
401574544,"February 24, 2024",Queens University Royals,2511,81,False,72.375,73.625,75.1896875
401574510,"January 06, 2024",Queens University Royals,2511,77,False,79.42,68.66666666666667,75.86
401574538,"January 18, 2024",Queens University Royals,2511,77,False,82.4,69.5,76.216
401574526,"January 20, 2024",Queens University Royals,2511,75,False,71.42,70.18181818181819,76.77818181818182
401574539,"January 27, 2024",Queens University Royals,2511,84,False,79.515,70.58333333333333,76.33166666666666
401625650,"March 04, 2024",Queens University Royals,2511,69,False,68.77,74.05882352941177,75.02411764705883
401625654,"March 05, 2024",Queens University Royals,2511,71,False,68.025,73.77777777777777,74.67666666666668
401581845,"November 06, 2023",Queens University Royals,2511,73,False,81.7,0.0,0.0
401583713,"November 10, 2023",Queens University Royals,2511,68,False,72.375,73.0,81.7
401576160,"November 18, 2023",Queens University Royals,2511,69,True,70.63,70.5,77.0375
401583715,"November 19, 2023",Queens University Royals,2511,52,False,64.49000000000001,70.0,74.90166666666666
401583717,"November 25, 2023",Queens University Royals,2511,61,False,77.14,65.5,72.29875
401594253,"December 01, 2023",Quinnipiac Bobcats,2514,73,False,74.095,74.0,70.875
401594362,"December 03, 2023",Quinnipiac Bobcats,2514,75,False,77.885,73.66666666666667,71.94833333333334
401577689,"December 18, 2023",Quinnipiac Bobcats,2514,77,False,67.42,74.0,73.4325
401577690,"December 21, 2023",Quinnipiac Bobcats,2514,78,False,69.7,74.6,72.22999999999999
401575757,"December 30, 2023",Quinnipiac Bobcats,2514,72,False,83.305,75.16666666666667,71.80833333333334
401594375,"February 02, 2024",Quinnipiac Bobcats,2514,77,False,72.305,73.7,72.365
401594357,"February 10, 2024",Quinnipiac Bobcats,2514,79,False,77.515,74.0,72.35954545454545
401594377,"February 25, 2024",Quinnipiac Bobcats,2514,78,False,75.91,74.41666666666667,72.78916666666667
401594330,"January 12, 2024",Quinnipiac Bobcats,2514,66,False,65.7,74.71428571428571,73.45071428571428
401594374,"January 19, 2024",Quinnipiac Bobcats,2514,82,False,71.63,73.625,72.481875
401594296,"January 28, 2024",Quinnipiac Bobcats,2514,66,False,72.165,74.55555555555556,72.38722222222222
401594321,"March 01, 2024",Quinnipiac Bobcats,2514,82,False,66.63,74.6923076923077,73.02923076923076
401594379,"March 09, 2024",Quinnipiac Bobcats,2514,89,False,72.375,75.21428571428571,72.57214285714285
401577683,"November 13, 2023",Quinnipiac Bobcats,2514,81,False,77.05,0.0,0.0
401577684,"November 17, 2023",Quinnipiac Bobcats,2514,67,False,64.7,81.0,77.05
401587140,"December 16, 2023",Radford Highlanders,2515,70,False,61.025,65.25,69.525
401575476,"December 20, 2023",Radford Highlanders,2515,66,False,68.42,66.2,67.825
401583764,"December 29, 2023",Radford Highlanders,2515,58,False,63.745,66.16666666666667,67.92416666666666
401601251,"February 03, 2024",Radford Highlanders,2515,69,False,69.7,68.1,68.3925
401601259,"February 10, 2024",Radford Highlanders,2515,73,False,61.955,68.18181818181819,68.51136363636364
401601267,"February 17, 2024",Radford Highlanders,2515,74,False,69.63,68.58333333333333,67.96499999999999
401601270,"February 22, 2024",Radford Highlanders,2515,90,False,69.91,69.0,68.09307692307692
401601277,"February 28, 2024",Radford Highlanders,2515,57,False,60.63,70.5,68.22285714285714
401601223,"January 11, 2024",Radford Highlanders,2515,69,False,62.815,65.0,67.32714285714285
401601228,"January 13, 2024",Radford Highlanders,2515,88,False,85.33,65.5,66.763125
401601240,"January 24, 2024",Radford Highlanders,2515,69,False,64.49000000000001,68.0,68.8261111111111
401625514,"March 06, 2024",Radford Highlanders,2515,67,True,67.84,69.6,67.71666666666667
401625515,"March 08, 2024",Radford Highlanders,2515,63,False,60.28,69.4375,67.724375
401583596,"November 06, 2023",Radford Highlanders,2515,70,False,72.35,0.0,0.0
401576139,"November 15, 2023",Radford Highlanders,2515,50,False,68.095,70.0,72.35
401581837,"November 17, 2023",Radford Highlanders,2515,73,False,70.235,60.0,70.2225
401581858,"November 29, 2023",Radford Highlanders,2515,68,False,67.42,64.33333333333333,70.22666666666667
401607609,"December 13, 2023",Regent Royals,nd-regent-royals,49,False,83.05,29.0,71.98
401594149,"November 06, 2023",Regent Royals,nd-regent-royals,29,False,71.98,0.0,0.0
401587156,"January 03, 2024",Reinhardt Eagles,nd-reinhardt-eagles,47,False,70.955,46.0,79.28
401591567,"November 14, 2023",Reinhardt Eagles,nd-reinhardt-eagles,46,False,79.28,0.0,0.0
401577658,"November 16, 2023",Rhode Island College Anchormen,nd-rhode-island-college-anchormen,51,False,73.91,0.0,0.0
401581161,"December 02, 2023",Rhode Island Rams,227,69,False,71.56,57.0,66.56
401577652,"December 10, 2023",Rhode Island Rams,227,70,False,74.14,63.0,69.06
401586902,"December 16, 2023",Rhode Island Rams,227,56,True,66.35,65.33333333333333,70.75333333333333
401596883,"February 06, 2024",Rhode Island Rams,227,88,False,74.77,67.625,69.44375
401596894,"February 11, 2024",Rhode Island Rams,227,79,False,73.56,69.88888888888889,70.03555555555556
401596920,"February 25, 2024",Rhode Island Rams,227,61,False,72.955,70.8,70.388
401596926,"February 28, 2024",Rhode Island Rams,227,67,False,69.63,69.9090909090909,70.62136363636364
401596830,"January 09, 2024",Rhode Island Rams,227,79,False,69.305,63.0,69.6525
401596844,"January 17, 2024",Rhode Island Rams,227,64,False,74.095,66.2,69.583
401596848,"January 20, 2024",Rhode Island Rams,227,62,False,64.7,65.83333333333333,70.335
401596866,"January 27, 2024",Rhode Island Rams,227,84,False,68.84,65.28571428571429,69.53
401596947,"March 09, 2024",Rhode Island Rams,227,58,False,72.025,69.66666666666667,70.53875000000001
401581592,"November 19, 2023",Rhode Island Rams,227,57,True,66.56,0.0,0.0
401575438,"December 06, 2023",Rice Owls,242,39,False,64.815,60.0,72.39750000000001
401593836,"December 16, 2023",Rice Owls,242,76,False,64.745,53.0,69.87
401602116,"February 03, 2024",Rice Owls,242,80,False,69.095,63.75,69.38000000000001
401602138,"February 17, 2024",Rice Owls,242,82,False,77.305,65.55555555555556,69.34833333333333
401602146,"February 21, 2024",Rice Owls,242,94,False,66.56,67.2,70.144
401602058,"January 03, 2024",Rice Owls,242,59,False,68.025,58.75,68.58875
401602073,"January 12, 2024",Rice Owls,242,73,False,73.515,58.8,68.476
401602089,"January 20, 2024",Rice Owls,242,69,False,69.305,61.166666666666664,69.31583333333334
401602108,"January 31, 2024",Rice Owls,242,74,False,69.84,62.285714285714285,69.31428571428572
401602166,"March 02, 2024",Rice Owls,242,66,False,67.49,69.63636363636364,69.81818181818181
401602170,"March 06, 2024",Rice Owls,242,64,False,67.305,69.33333333333333,69.62416666666667
401625460,"March 13, 2024",Rice Owls,242,81,True,63.35,68.92307692307692,69.44576923076923
401583726,"November 15, 2023",Rice Owls,242,64,False,69.77000000000001,0.0,0.0
401593831,"November 22, 2023",Rice Owls,242,56,True,75.025,64.0,69.77000000000001
401593793,"December 06, 2023",Richmond Spiders,257,73,False,70.095,64.5,66.0125
401575753,"December 09, 2023",Richmond Spiders,257,76,True,76.165,67.33333333333333,67.37333333333333
401596877,"February 03, 2024",Richmond Spiders,257,52,False,66.7,68.875,69.24000000000001
401596902,"February 17, 2024",Richmond Spiders,257,90,False,68.955,67.0,68.95777777777778
401596913,"February 21, 2024",Richmond Spiders,257,85,False,70.63,69.3,68.95750000000001
401596927,"February 28, 2024",Richmond Spiders,257,80,False,68.815,70.72727272727273,69.10954545454545
401596829,"January 09, 2024",Richmond Spiders,257,58,False,68.49000000000001,69.5,69.57125
401596843,"January 16, 2024",Richmond Spiders,257,63,False,62.49,67.2,69.355
401596851,"January 20, 2024",Richmond Spiders,257,69,False,74.955,66.5,68.21083333333334
401596872,"January 31, 2024",Richmond Spiders,257,83,False,69.7,66.85714285714286,69.17428571428572
401596946,"March 09, 2024",Richmond Spiders,257,46,False,59.815,71.5,69.085
401593790,"November 15, 2023",Richmond Spiders,257,61,False,64.42,0.0,0.0
401577586,"November 29, 2023",Richmond Spiders,257,68,False,67.605,61.0,64.42
401594381,"December 01, 2023",Rider Broncs,2520,65,False,64.235,59.4,72.096
401583750,"December 16, 2023",Rider Broncs,2520,71,False,66.63,60.333333333333336,70.78583333333334
401594382,"December 20, 2023",Rider Broncs,2520,88,False,72.165,61.857142857142854,70.19214285714285
401594383,"December 29, 2023",Rider Broncs,2520,63,False,79.165,65.125,70.43875
401594315,"February 04, 2024",Rider Broncs,2520,93,False,78.33,65.84615384615384,70.25653846153847
401594299,"February 08, 2024",Rider Broncs,2520,67,False,59.63,67.78571428571429,70.83321428571428
401594387,"February 18, 2024",Rider Broncs,2520,104,False,66.88499999999999,67.73333333333333,70.08633333333334
401594372,"January 05, 2024",Rider Broncs,2520,84,False,77.77,64.88888888888889,71.40833333333333
401594331,"January 14, 2024",Rider Broncs,2520,60,False,64.235,66.8,72.0445
401594385,"January 25, 2024",Rider Broncs,2520,62,False,65.165,66.18181818181819,71.33454545454546
401594354,"January 27, 2024",Rider Broncs,2520,66,False,63.49,65.83333333333333,70.82041666666667
401594370,"March 01, 2024",Rider Broncs,2520,71,False,69.095,70.0,69.88625
401594272,"March 03, 2024",Rider Broncs,2520,65,False,59.28,70.05882352941177,69.83970588235294
401577599,"November 10, 2023",Rider Broncs,2520,65,False,76.025,0.0,0.0
401574832,"November 13, 2023",Rider Broncs,2520,50,False,65.77,65.0,76.025
401583851,"November 17, 2023",Rider Broncs,2520,58,False,70.77,57.5,70.89750000000001
401583852,"November 20, 2023",Rider Broncs,2520,48,False,69.84,57.666666666666664,70.855
401577623,"November 28, 2023",Rider Broncs,2520,76,False,78.075,55.25,70.60125
401582016,"November 06, 2023",Rivier Raiders,nd-rivier-raiders,51,False,76.375,0.0,0.0
401594255,"December 06, 2023",Robert Morris Colonials,2523,80,False,79.095,63.0,68.525
401589384,"December 20, 2023",Robert Morris Colonials,2523,75,False,68.49,66.4,70.639
401587669,"December 29, 2023",Robert Morris Colonials,2523,75,False,72.05,67.83333333333333,70.28083333333333
401587674,"December 31, 2023",Robert Morris Colonials,2523,61,False,64.025,68.85714285714286,70.53357142857143
401587718,"February 01, 2024",Robert Morris Colonials,2523,72,False,65.885,68.7,68.502
401587721,"February 03, 2024",Robert Morris Colonials,2523,75,False,62.63,69.0,68.26409090909091
401587739,"February 14, 2024",Robert Morris Colonials,2523,77,False,70.98,69.5,67.79458333333334
401587743,"February 17, 2024",Robert Morris Colonials,2523,71,False,73.235,70.07692307692308,68.03961538461539
401587703,"January 20, 2024",Robert Morris Colonials,2523,80,False,67.235,67.875,69.72
401587713,"January 28, 2024",Robert Morris Colonials,2523,64,False,60.025000000000006,69.22222222222223,69.44388888888889
401587764,"March 02, 2024",Robert Morris Colonials,2523,65,False,70.14,70.14285714285714,68.41071428571429
401625691,"March 05, 2024",Robert Morris Colonials,2523,63,False,71.815,69.8,68.52600000000001
401577605,"November 06, 2023",Robert Morris Colonials,2523,63,False,72.955,0.0,0.0
401587143,"November 12, 2023",Robert Morris Colonials,2523,62,False,61.165000000000006,63.0,72.955
401584412,"November 17, 2023",Robert Morris Colonials,2523,68,False,69.815,62.5,67.06
401587639,"November 29, 2023",Robert Morris Colonials,2523,59,False,70.16499999999999,64.33333333333333,67.97833333333334
401600080,"November 15, 2023",Roberts Wesleyan Redhawks,nd-roberts-wesleyan-redhawks,83,False,84.7,0.0,0.0
401587248,"December 22, 2023",Rockford Regents,nd-rockford-regents,54,False,67.28,0.0,0.0
401581175,"November 30, 2023",Rocky Mountain Bears,nd-rocky-mountain-bears,70,False,69.675,0.0,0.0
401593775,"December 21, 2023",Rosemont Ravens,nd-rosemont-ravens,41,False,70.49,0.0,0.0
401617203,"December 07, 2023",Rust Bearcats,nd-rust-bearcats,65,False,76.7,0.0,0.0
401581091,"December 06, 2023",Rutgers Scarlet Knights,164,57,False,68.165,0.0,0.0
401587130,"December 09, 2023",Rutgers Scarlet Knights,164,70,False,65.56,57.0,68.165
401597987,"December 23, 2023",Rutgers Scarlet Knights,164,60,True,67.91,63.5,66.86250000000001
401600368,"February 03, 2024",Rutgers Scarlet Knights,164,69,False,70.095,64.85714285714286,71.06214285714286
401600372,"February 06, 2024",Rutgers Scarlet Knights,164,56,False,66.88499999999999,65.375,70.94125
401600396,"February 18, 2024",Rutgers Scarlet Knights,164,70,False,68.77,64.33333333333333,70.49055555555555
401600403,"February 22, 2024",Rutgers Scarlet Knights,164,68,False,67.7,64.9,70.3185
401600310,"January 03, 2024",Rutgers Scarlet Knights,164,72,False,72.49,62.333333333333336,67.21166666666666
401600316,"January 06, 2024",Rutgers Scarlet Knights,164,77,False,81.84,64.75,68.53125
401600331,"January 14, 2024",Rutgers Scarlet Knights,164,55,False,64.025,67.2,71.19300000000001
401600344,"January 21, 2024",Rutgers Scarlet Knights,164,63,False,77.445,65.16666666666667,69.99833333333333
401600422,"March 03, 2024",Rutgers Scarlet Knights,164,56,False,64.165,65.18181818181819,70.08045454545454
401600426,"March 07, 2024",Rutgers Scarlet Knights,164,66,False,72.305,64.41666666666667,69.58749999999999
401625678,"March 13, 2024",Rutgers Scarlet Knights,164,51,True,69.49,64.53846153846153,69.79653846153846
401584430,"December 01, 2023",SE Louisiana Lions,2545,66,False,68.56,62.25,72.5425
401597378,"December 09, 2023",SE Louisiana Lions,2545,44,False,70.305,63.0,71.74600000000001
401597379,"December 12, 2023",SE Louisiana Lions,2545,60,False,73.815,59.833333333333336,71.50583333333334
401594434,"December 16, 2023",SE Louisiana Lions,2545,61,False,55.305,59.857142857142854,71.83571428571429
401579072,"February 10, 2024",SE Louisiana Lions,2545,69,False,67.56,63.30769230769231,67.54923076923077
401579081,"February 12, 2024",SE Louisiana Lions,2545,79,False,79.515,63.714285714285715,67.55
401579041,"January 06, 2024",SE Louisiana Lions,2545,73,False,64.63,60.0,69.769375
401579055,"January 09, 2024",SE Louisiana Lions,2545,61,False,64.88499999999999,61.44444444444444,69.19833333333332
401579015,"January 13, 2024",SE Louisiana Lions,2545,65,False,61.955,61.4,68.767
401579079,"January 27, 2024",SE Louisiana Lions,2545,64,False,62.56,61.72727272727273,68.14772727272727
401578971,"January 29, 2024",SE Louisiana Lions,2545,80,False,65.955,61.916666666666664,67.68208333333332
401579083,"March 02, 2024",SE Louisiana Lions,2545,68,False,72.49000000000001,64.73333333333333,68.34766666666665
401579084,"March 04, 2024",SE Louisiana Lions,2545,73,False,71.42,64.9375,68.6065625
401583795,"November 10, 2023",SE Louisiana Lions,2545,71,False,81.7,0.0,0.0
401593951,"November 15, 2023",SE Louisiana Lions,2545,48,False,73.84,71.0,81.7
401579111,"November 18, 2023",SE Louisiana Lions,2545,63,False,65.88499999999999,59.5,77.77000000000001
401581764,"November 24, 2023",SE Louisiana Lions,2545,67,True,68.745,60.666666666666664,73.80833333333334
401591571,"December 01, 2023",SIU Edwardsville Cougars,2565,60,False,66.49,57.75,62.118750000000006
401588604,"December 10, 2023",SIU Edwardsville Cougars,2565,71,False,66.235,58.2,62.99300000000001
401587211,"December 21, 2023",SIU Edwardsville Cougars,2565,64,False,72.05,60.333333333333336,63.53333333333333
401587308,"February 08, 2024",SIU Edwardsville Cougars,2565,68,False,70.05,63.1,65.5675
401587313,"February 10, 2024",SIU Edwardsville Cougars,2565,67,False,68.375,63.54545454545455,65.97500000000001
401587331,"February 22, 2024",SIU Edwardsville Cougars,2565,78,False,68.63,63.833333333333336,66.175
401587335,"February 24, 2024",SIU Edwardsville Cougars,2565,71,False,81.305,64.92307692307692,66.36384615384615
401587337,"February 27, 2024",SIU Edwardsville Cougars,2565,79,False,80.84,65.35714285714286,67.43107142857143
401587259,"January 04, 2024",SIU Edwardsville Cougars,2565,80,False,73.235,60.857142857142854,64.75
401587276,"January 18, 2024",SIU Edwardsville Cougars,2565,78,False,66.235,63.25,65.810625
401587282,"January 20, 2024",SIU Edwardsville Cougars,2565,47,False,62.955,64.88888888888889,65.85777777777778
401587346,"March 02, 2024",SIU Edwardsville Cougars,2565,65,False,69.42,66.26666666666667,68.325
401625576,"March 07, 2024",SIU Edwardsville Cougars,2565,63,True,70.63,66.1875,68.3934375
401577530,"November 06, 2023",SIU Edwardsville Cougars,2565,47,False,62.77,0.0,0.0
401594538,"November 13, 2023",SIU Edwardsville Cougars,2565,50,False,64.375,47.0,62.77
401604346,"November 17, 2023",SIU Edwardsville Cougars,2565,60,True,57.49,48.5,63.572500000000005
401606134,"November 19, 2023",SIU Edwardsville Cougars,2565,74,False,63.84,52.333333333333336,61.54500000000001
401591583,"December 06, 2023",SMU Mustangs,2567,74,False,77.165,70.0,67.235
401586907,"December 16, 2023",SMU Mustangs,2567,68,False,66.165,72.0,72.2
401591585,"December 22, 2023",SMU Mustangs,2567,92,False,74.56,70.66666666666667,70.18833333333333
401602120,"February 07, 2024",SMU Mustangs,2567,95,False,66.56,72.0,69.606875
401602137,"February 15, 2024",SMU Mustangs,2567,87,False,76.58500000000001,74.55555555555556,69.26833333333333
401602149,"February 22, 2024",SMU Mustangs,2567,70,False,69.305,75.8,70.0
401602154,"February 25, 2024",SMU Mustangs,2567,68,False,68.58500000000001,75.27272727272727,69.93681818181818
401602066,"January 07, 2024",SMU Mustangs,2567,59,False,73.235,76.0,71.28125
401602074,"January 13, 2024",SMU Mustangs,2567,75,False,66.955,72.6,71.672
401602099,"January 25, 2024",SMU Mustangs,2567,66,False,63.305,73.0,70.88583333333334
401602106,"January 28, 2024",SMU Mustangs,2567,72,False,68.235,72.0,69.80285714285715
401602179,"March 10, 2024",SMU Mustangs,2567,70,False,70.025,74.66666666666667,69.82416666666667
401575489,"November 20, 2023",SMU Mustangs,2567,70,True,67.235,0.0,0.0
401591556,"November 15, 2023",SUNY Delhi Broncos,nd-suny-delhi-broncos,60,False,78.7,0.0,0.0
401598575,"November 08, 2023",SUNY Morrisville Mustangs,nd-suny-morrisville-mustangs,86,False,87.7,0.0,0.0
401602691,"November 13, 2023",SUNY-Canton Roos,nd-suny-canton-roos,46,False,77.815,0.0,0.0
401584403,"December 01, 2023",SUNY-Maritime Privateers,nd-suny-maritime-privateers,39,False,65.745,0.0,0.0
401600817,"November 16, 2023",SUNY-Oneonta Red Dragons,nd-suny-oneonta-red-dragons,65,False,77.305,0.0,0.0
401608999,"December 05, 2023",SUNY-Potsdam Bears,nd-suny-potsdam-bears,59,False,84.025,0.0,0.0
401594053,"December 02, 2023",Sacramento State Hornets,16,73,False,73.91,66.6,70.425
401573386,"December 28, 2023",Sacramento State Hornets,16,58,False,63.025,67.66666666666667,71.00583333333334
401573389,"December 30, 2023",Sacramento State Hornets,16,61,False,70.515,66.28571428571429,69.86571428571429
401573431,"February 03, 2024",Sacramento State Hornets,16,51,False,54.56,64.63636363636364,68.04636363636364
401573434,"February 08, 2024",Sacramento State Hornets,16,40,False,62.675,63.5,66.9225
401573442,"February 10, 2024",Sacramento State Hornets,16,53,False,56.56,61.69230769230769,66.59576923076924
401573454,"February 22, 2024",Sacramento State Hornets,16,61,False,60.025000000000006,61.07142857142857,65.87892857142857
401573460,"February 24, 2024",Sacramento State Hornets,16,66,False,73.235,61.06666666666667,65.48866666666667
401580036,"January 06, 2024",Sacramento State Hornets,16,50,False,58.745,65.625,69.946875
401573406,"January 18, 2024",Sacramento State Hornets,16,75,False,61.42,63.888888888888886,68.70222222222223
401573410,"January 20, 2024",Sacramento State Hornets,16,61,False,68.77,65.0,67.974
401625609,"March 09, 2024",Sacramento State Hornets,16,72,True,66.375,61.375,65.9728125
401625611,"March 10, 2024",Sacramento State Hornets,16,74,True,71.445,62.0,65.9964705882353
401625615,"March 12, 2024",Sacramento State Hornets,16,71,True,69.42,62.666666666666664,66.29916666666666
401590735,"November 07, 2023",Sacramento State Hornets,16,63,False,68.28,0.0,0.0
401594049,"November 10, 2023",Sacramento State Hornets,16,73,False,70.56,63.0,68.28
401594051,"November 17, 2023",Sacramento State Hornets,16,57,False,73.025,68.0,69.42
401604306,"November 20, 2023",Sacramento State Hornets,16,71,True,67.305,64.33333333333333,70.62166666666667
401594052,"November 26, 2023",Sacramento State Hornets,16,69,False,72.955,66.0,69.7925
401577721,"December 06, 2023",Sacred Heart Pioneers,2529,50,False,69.88499999999999,75.0,76.0775
401577722,"December 16, 2023",Sacred Heart Pioneers,2529,64,False,72.42,70.0,74.839
401577723,"December 19, 2023",Sacred Heart Pioneers,2529,79,False,76.955,69.0,74.43583333333333
401589487,"February 08, 2024",Sacred Heart Pioneers,2529,70,False,75.095,72.0909090909091,73.5390909090909
401589488,"February 10, 2024",Sacred Heart Pioneers,2529,58,False,74.84,71.91666666666667,73.66875
401589477,"February 17, 2024",Sacred Heart Pioneers,2529,63,False,61.025,70.84615384615384,73.75884615384615
401589461,"February 29, 2024",Sacred Heart Pioneers,2529,79,False,62.675,70.28571428571429,72.84928571428571
401589482,"January 06, 2024",Sacred Heart Pioneers,2529,58,False,70.98,70.42857142857143,74.79571428571428
401589484,"January 15, 2024",Sacred Heart Pioneers,2529,80,False,70.63,68.875,74.31875
401589392,"January 25, 2024",Sacred Heart Pioneers,2529,71,False,68.91,70.11111111111111,73.90888888888888
401589485,"January 27, 2024",Sacred Heart Pioneers,2529,91,False,74.84,70.2,73.40899999999999
401577716,"November 10, 2023",Sacred Heart Pioneers,2529,81,False,73.095,0.0,0.0
401577717,"November 14, 2023",Sacred Heart Pioneers,2529,84,False,73.35,81.0,73.095
401577718,"November 17, 2023",Sacred Heart Pioneers,2529,80,False,83.91,82.5,73.2225
401577545,"November 26, 2023",Sacred Heart Pioneers,2529,55,False,73.955,81.66666666666667,76.785
401581168,"December 15, 2023",Saginaw Valley State Cardinals,nd-saginaw-valley-state-cardinals,70,False,73.745,0.0,0.0
401596813,"December 14, 2023",Saint Augustine's Falcons,nd-saint-augustines-falcons,48,False,71.28,0.0,0.0
401592105,"December 30, 2023",Saint Elizabeth Eagles,nd-saint-elizabeth-eagles,38,False,75.21000000000001,0.0,0.0
401577549,"December 16, 2023",Saint Joseph's Hawks,2603,83,True,71.305,83.0,71.385
401577550,"December 21, 2023",Saint Joseph's Hawks,2603,82,False,78.84,83.0,71.35833333333333
401596878,"February 03, 2024",Saint Joseph's Hawks,2603,88,False,74.655,80.0,72.330625
401596898,"February 14, 2024",Saint Joseph's Hawks,2603,59,False,67.025,80.88888888888889,72.58888888888889
401596903,"February 17, 2024",Saint Joseph's Hawks,2603,56,False,65.095,78.7,72.0325
401596921,"February 25, 2024",Saint Joseph's Hawks,2603,69,False,67.165,76.63636363636364,71.40181818181819
401596817,"January 03, 2024",Saint Joseph's Hawks,2603,74,False,72.91,82.75,73.22875
401596831,"January 10, 2024",Saint Joseph's Hawks,2603,85,False,67.445,81.0,73.165
401596855,"January 23, 2024",Saint Joseph's Hawks,2603,78,False,79.095,81.66666666666667,72.21166666666666
401596861,"January 26, 2024",Saint Joseph's Hawks,2603,72,False,66.28,81.14285714285714,73.19500000000001
401596938,"March 06, 2024",Saint Joseph's Hawks,2603,66,False,71.955,76.0,71.04875
401625545,"March 13, 2024",Saint Joseph's Hawks,2603,64,True,60.885,75.23076923076923,71.11846153846153
401625549,"March 14, 2024",Saint Joseph's Hawks,2603,66,True,64.88499999999999,74.42857142857143,70.3875
401625553,"March 16, 2024",Saint Joseph's Hawks,2603,60,True,62.28,73.86666666666666,70.02066666666666
401577544,"November 20, 2023",Saint Joseph's Hawks,2603,88,False,81.42,0.0,0.0
401577546,"November 29, 2023",Saint Joseph's Hawks,2603,78,False,61.35,88.0,81.42
401610539,"November 06, 2023",Saint Joseph's Long Island Golden Eagles,nd-saint-josephs-long-island-golden-eagles,48,False,70.605,0.0,0.0
401597918,"November 10, 2023",Saint Joseph's Long Island Golden Eagles,nd-saint-josephs-long-island-golden-eagles,50,False,73.28,48.0,70.605
401597406,"December 02, 2023",Saint Louis Billikens,139,62,False,69.84,74.0,76.9675
401594419,"December 06, 2023",Saint Louis Billikens,139,69,False,70.05,70.0,74.59166666666667
401583594,"December 20, 2023",Saint Louis Billikens,139,70,False,72.515,69.75,73.45625
401596884,"February 07, 2024",Saint Louis Billikens,139,102,False,77.375,67.11111111111111,71.94833333333332
401596889,"February 10, 2024",Saint Louis Billikens,139,86,False,81.77,70.6,72.491
401596909,"February 20, 2024",Saint Louis Billikens,139,66,False,75.165,72.0,73.33454545454545
401596823,"January 06, 2024",Saint Louis Billikens,139,67,False,67.88499999999999,69.8,73.268
401596842,"January 16, 2024",Saint Louis Billikens,139,65,False,65.515,69.33333333333333,72.37083333333334
401596847,"January 19, 2024",Saint Louis Billikens,139,61,False,70.63,68.71428571428571,71.39142857142858
401596869,"January 30, 2024",Saint Louis Billikens,139,62,False,77.165,67.75,71.29625
401596934,"March 02, 2024",Saint Louis Billikens,139,94,False,68.235,71.5,73.48708333333333
401596944,"March 09, 2024",Saint Louis Billikens,139,73,False,64.42,73.23076923076923,73.08307692307693
401625544,"March 12, 2024",Saint Louis Billikens,139,74,True,69.7,73.21428571428571,72.46428571428571
401625548,"March 13, 2024",Saint Louis Billikens,139,73,True,69.7,73.26666666666667,72.28
401581143,"November 16, 2023",Saint Louis Billikens,139,79,True,75.77,0.0,0.0
401582115,"November 19, 2023",Saint Louis Billikens,139,69,True,78.165,79.0,75.77
401597955,"December 14, 2023",Saint Mary of the Woods College Pomeroys,nd-saint-mary-of-the-woods-college-pomeroys,33,False,75.28,60.0,73.375
401594423,"November 06, 2023",Saint Mary of the Woods College Pomeroys,nd-saint-mary-of-the-woods-college-pomeroys,60,False,73.375,0.0,0.0
401598041,"December 01, 2023",Saint Mary's Gaels,2608,60,True,62.84,54.0,64.305
401595310,"December 09, 2023",Saint Mary's Gaels,2608,64,False,61.42,57.0,63.572500000000005
401597299,"December 16, 2023",Saint Mary's Gaels,2608,69,True,79.795,59.333333333333336,62.855
401589702,"February 03, 2024",Saint Mary's Gaels,2608,64,False,58.955,68.25,66.08375000000001
401589703,"February 06, 2024",Saint Mary's Gaels,2608,84,False,61.745000000000005,67.77777777777777,65.29166666666667
401589709,"February 10, 2024",Saint Mary's Gaels,2608,76,False,65.025,69.4,64.937
401589729,"February 29, 2024",Saint Mary's Gaels,2608,83,False,65.77000000000001,70.0,64.945
401589663,"January 04, 2024",Saint Mary's Gaels,2608,81,False,72.56,61.75,67.09
401589669,"January 06, 2024",Saint Mary's Gaels,2608,68,False,62.165000000000006,65.6,68.184
401589678,"January 13, 2024",Saint Mary's Gaels,2608,73,False,59.095,66.0,67.18083333333334
401589686,"January 20, 2024",Saint Mary's Gaels,2608,77,False,66.49,67.0,66.02571428571429
401588731,"November 17, 2023",Saint Mary's Gaels,2608,54,True,64.305,0.0,0.0
401594361,"December 01, 2023",Saint Peter's Peacocks,2612,72,False,69.98,61.0,65.765
401594254,"December 03, 2023",Saint Peter's Peacocks,2612,54,False,61.7,63.2,66.608
401597838,"December 08, 2023",Saint Peter's Peacocks,2612,59,False,63.98,61.666666666666664,65.79
401594484,"December 30, 2023",Saint Peter's Peacocks,2612,67,False,58.235,61.285714285714285,65.53142857142858
401594336,"February 04, 2024",Saint Peter's Peacocks,2612,52,False,62.42,64.27272727272727,66.13409090909092
401594376,"February 08, 2024",Saint Peter's Peacocks,2612,73,False,75.05,63.25,65.82458333333334
401594318,"February 18, 2024",Saint Peter's Peacocks,2612,59,False,64.49,64.0,66.53423076923077
401594359,"February 23, 2024",Saint Peter's Peacocks,2612,70,False,65.56,63.642857142857146,66.38821428571428
401594389,"January 14, 2024",Saint Peter's Peacocks,2612,81,False,73.515,62.0,64.619375
401594294,"January 19, 2024",Saint Peter's Peacocks,2612,67,False,70.305,64.11111111111111,65.60777777777778
401594390,"January 28, 2024",Saint Peter's Peacocks,2612,63,False,66.7,64.4,66.0775
401594388,"March 07, 2024",Saint Peter's Peacocks,2612,56,False,69.375,64.06666666666666,66.333
401625624,"March 14, 2024",Saint Peter's Peacocks,2612,50,True,65.445,63.5625,66.523125
401625626,"March 15, 2024",Saint Peter's Peacocks,2612,62,True,62.44499999999999,62.76470588235294,66.45970588235295
401625627,"March 16, 2024",Saint Peter's Peacocks,2612,68,True,59.91,62.72222222222222,66.23666666666666
401587126,"November 06, 2023",Saint Peter's Peacocks,2612,59,False,61.98,0.0,0.0
401598976,"November 11, 2023",Saint Peter's Peacocks,2612,75,False,65.58500000000001,59.0,61.98
401587225,"November 15, 2023",Saint Peter's Peacocks,2612,70,False,67.375,67.0,63.7825
401600079,"November 27, 2023",Saint Peter's Peacocks,2612,40,False,68.12,68.0,64.98
401604890,"December 17, 2023",Saint Vincent Bearcats,nd-saint-vincent-bearcats,46,False,77.025,0.0,0.0
401577702,"December 09, 2023",Sam Houston Bearkats,2534,60,False,71.515,72.66666666666667,75.165
401584447,"December 20, 2023",Sam Houston Bearkats,2534,64,False,74.165,70.85714285714286,74.64357142857143
401597889,"December 28, 2023",Sam Houston Bearkats,2534,60,False,70.165,70.0,74.58375000000001
401573610,"February 01, 2024",Sam Houston Bearkats,2534,79,False,74.095,67.81818181818181,72.59
401573612,"February 03, 2024",Sam Houston Bearkats,2534,61,False,66.56,68.75,72.71541666666667
401573617,"February 08, 2024",Sam Houston Bearkats,2534,68,False,68.42,68.15384615384616,72.24192307692307
401573632,"February 22, 2024",Sam Houston Bearkats,2534,79,False,66.7,68.14285714285714,71.96892857142858
401573635,"February 24, 2024",Sam Houston Bearkats,2534,65,False,59.7,68.86666666666666,71.61766666666668
401573590,"January 13, 2024",Sam Houston Bearkats,2534,60,False,63.56,68.88888888888889,74.09277777777778
401573596,"January 20, 2024",Sam Houston Bearkats,2534,66,False,68.095,68.0,73.0395
401573644,"March 07, 2024",Sam Houston Bearkats,2534,72,False,70.63,68.625,70.87281250000001
401575401,"November 06, 2023",Sam Houston Bearkats,2534,64,False,84.745,0.0,0.0
401603540,"November 12, 2023",Sam Houston Bearkats,2534,70,False,69.42,64.0,84.745
401594544,"November 17, 2023",Sam Houston Bearkats,2534,67,False,68.19,67.0,77.08250000000001
401591568,"November 20, 2023",Sam Houston Bearkats,2534,88,False,85.795,67.0,74.11833333333334
401606611,"November 22, 2023",Sam Houston Bearkats,2534,86,True,65.955,72.25,77.0375
401597958,"November 29, 2023",Sam Houston Bearkats,2534,61,False,76.885,75.0,74.821
401579106,"December 19, 2023",Samford Bulldogs,2535,79,False,67.885,55.0,74.49
401579107,"December 21, 2023",Samford Bulldogs,2535,87,False,81.33,63.0,72.28833333333334
401587936,"February 03, 2024",Samford Bulldogs,2535,78,False,70.63,71.75,72.580625
401587943,"February 08, 2024",Samford Bulldogs,2535,78,False,70.35,72.44444444444444,72.36388888888888
401587944,"February 10, 2024",Samford Bulldogs,2535,102,False,79.7,73.0,72.1625
401587955,"February 17, 2024",Samford Bulldogs,2535,84,False,77.26,75.63636363636364,72.84772727272728
401587969,"February 28, 2024",Samford Bulldogs,2535,69,False,68.7,76.33333333333333,73.21541666666667
401587896,"January 06, 2024",Samford Bulldogs,2535,80,False,69.28,69.0,74.54875
401587909,"January 16, 2024",Samford Bulldogs,2535,75,False,70.235,71.2,73.495
401587921,"January 24, 2024",Samford Bulldogs,2535,68,False,73.955,71.83333333333333,72.95166666666667
401587925,"January 27, 2024",Samford Bulldogs,2535,75,False,68.98,71.28571428571429,73.095
401577640,"November 06, 2023",Samford Bulldogs,2535,45,False,76.49,0.0,0.0
401576138,"November 10, 2023",Samford Bulldogs,2535,65,False,72.49,45.0,76.49
401594114,"December 01, 2023",San Diego State Aztecs,21,63,False,61.14,65.0,70.955
401584446,"December 05, 2023",San Diego State Aztecs,21,73,False,67.84,64.0,66.0475
401594653,"December 29, 2023",San Diego State Aztecs,21,84,False,74.375,67.0,66.645
401594452,"February 06, 2024",San Diego State Aztecs,21,77,False,63.235,71.625,69.304375
401597943,"February 09, 2024",San Diego State Aztecs,21,66,False,73.445,72.22222222222223,68.63
401597946,"February 20, 2024",San Diego State Aztecs,21,63,False,65.025,71.6,69.1115
401597947,"February 24, 2024",San Diego State Aztecs,21,73,False,59.42,70.81818181818181,68.74
401597936,"January 09, 2024",San Diego State Aztecs,21,81,False,67.515,71.25,68.5775
401597937,"January 13, 2024",San Diego State Aztecs,21,70,False,79.7,73.2,68.365
401597939,"January 20, 2024",San Diego State Aztecs,21,66,False,66.16499999999999,72.66666666666667,70.25416666666666
401597941,"January 30, 2024",San Diego State Aztecs,21,71,False,66.745,71.71428571428571,69.67
401597316,"March 05, 2024",San Diego State Aztecs,21,58,False,61.235,71.0,67.96333333333332
401625526,"March 14, 2024",San Diego State Aztecs,21,74,False,72.91,70.0,67.44576923076923
401625529,"March 15, 2024",San Diego State Aztecs,21,86,True,69.05,70.28571428571429,67.83607142857143
401593950,"November 10, 2023",San Diego State Aztecs,21,65,False,70.955,0.0,0.0
401607334,"December 03, 2023",San Diego Toreros,301,64,False,74.35,66.66666666666667,73.40499999999999
401597414,"December 06, 2023",San Diego Toreros,301,81,False,79.56,66.0,73.64125
401589697,"February 01, 2024",San Diego Toreros,301,79,False,78.7,63.666666666666664,74.13
401589699,"February 03, 2024",San Diego Toreros,301,70,False,68.63,65.2,74.63777777777779
401589707,"February 10, 2024",San Diego Toreros,301,89,False,69.05,65.63636363636364,74.037
401589723,"February 24, 2024",San Diego Toreros,301,62,False,67.77,67.58333333333333,73.58363636363636
401589727,"February 29, 2024",San Diego Toreros,301,62,False,75.7,67.15384615384616,73.09916666666666
401589667,"January 06, 2024",San Diego Toreros,301,74,False,78.235,69.0,74.825
401589679,"January 18, 2024",San Diego Toreros,301,0,False,,69.83333333333333,75.39333333333333
401632759,"January 23, 2024",San Diego Toreros,301,85,False,69.7,59.857142857142854,75.39333333333333
401589691,"January 27, 2024",San Diego Toreros,301,69,False,70.98,63.0,74.58
401625645,"March 09, 2024",San Diego Toreros,301,79,True,87.935,66.78571428571429,73.29923076923077
401594110,"November 11, 2023",San Diego Toreros,301,63,False,71.955,0.0,0.0
401604298,"November 24, 2023",San Diego Toreros,301,71,True,75.63,63.0,71.955
401604299,"November 25, 2023",San Diego Toreros,301,66,True,72.63,67.0,73.79249999999999
401597959,"December 03, 2023",San Francisco Dons,2539,61,False,73.235,65.0,70.8175
401594554,"December 06, 2023",San Francisco Dons,2539,73,False,63.815,63.666666666666664,71.62333333333333
401597415,"December 16, 2023",San Francisco Dons,2539,53,True,68.35,66.0,69.67125
401589706,"February 08, 2024",San Francisco Dons,2539,80,False,69.305,71.11111111111111,72.05944444444444
401589717,"February 17, 2024",San Francisco Dons,2539,82,False,61.49,72.0,71.784
401589719,"February 20, 2024",San Francisco Dons,2539,66,False,61.120000000000005,72.9090909090909,70.84818181818183
401589665,"January 04, 2024",San Francisco Dons,2539,92,False,77.98,63.4,69.407
401589674,"January 11, 2024",San Francisco Dons,2539,83,False,72.7,68.16666666666667,70.83583333333333
401589690,"January 25, 2024",San Francisco Dons,2539,72,False,71.19,70.28571428571429,71.10214285714287
401589694,"January 27, 2024",San Francisco Dons,2539,76,False,79.63,70.5,71.113125
401589734,"March 02, 2024",San Francisco Dons,2539,62,False,75.98,72.33333333333333,70.03750000000001
401625648,"March 11, 2024",San Francisco Dons,2539,77,True,65.305,71.53846153846153,70.49461538461539
401598044,"November 12, 2023",San Francisco Dons,2539,58,False,68.305,0.0,0.0
401584444,"November 17, 2023",San Francisco Dons,2539,72,True,73.33,58.0,68.305
401594624,"November 06, 2023",San Francisco State Gators,nd-san-francisco-state-gators,57,False,70.12,0.0,0.0
401602185,"December 02, 2023",San José State Spartans,23,58,False,69.675,63.333333333333336,65.89333333333333
401597999,"December 04, 2023",San José State Spartans,23,78,False,76.025,62.0,66.83875
401602983,"February 02, 2024",San José State Spartans,23,60,False,63.815,68.0,66.82055555555556
401602990,"February 09, 2024",San José State Spartans,23,47,False,64.21000000000001,67.2,66.52000000000001
401602976,"February 20, 2024",San José State Spartans,23,50,False,65.095,65.36363636363636,66.31
401597948,"February 27, 2024",San José State Spartans,23,64,False,64.07,64.08333333333333,66.20875
401602988,"January 02, 2024",San José State Spartans,23,73,False,66.42,65.2,68.676
401594445,"January 13, 2024",San José State Spartans,23,70,False,57.49,66.5,68.3
401600809,"January 16, 2024",San José State Spartans,23,82,False,64.745,67.0,66.75571428571429
401600798,"January 30, 2024",San José State Spartans,23,61,False,69.35,68.875,66.50437500000001
401597315,"March 02, 2024",San José State Spartans,23,50,False,69.955,64.07692307692308,66.04423076923078
401625523,"March 13, 2024",San José State Spartans,23,62,True,62.025,63.07142857142857,66.32357142857143
401597886,"November 12, 2023",San José State Spartans,23,42,False,63.21,0.0,0.0
401582150,"November 20, 2023",San José State Spartans,23,71,True,64.42,42.0,63.21
401602184,"November 29, 2023",San José State Spartans,23,77,False,70.05,56.5,63.815
401579115,"December 02, 2023",Santa Clara Broncos,2541,69,False,68.35,88.5,74.3975
401579116,"December 09, 2023",Santa Clara Broncos,2541,76,True,84.05,82.0,72.38166666666666
401579119,"December 20, 2023",Santa Clara Broncos,2541,78,False,67.165,80.5,75.29875
401589710,"February 10, 2024",Santa Clara Broncos,2541,70,False,66.7,79.0,71.54277777777777
401589718,"February 17, 2024",Santa Clara Broncos,2541,82,False,76.84,78.1,71.05850000000001
401589726,"February 24, 2024",Santa Clara Broncos,2541,81,False,72.91,78.45454545454545,71.5840909090909
401589730,"February 29, 2024",Santa Clara Broncos,2541,75,False,70.35,78.66666666666667,71.69458333333334
401589666,"January 04, 2024",Santa Clara Broncos,2541,68,False,67.375,80.0,73.672
401589670,"January 06, 2024",Santa Clara Broncos,2541,78,False,69.375,78.0,72.6225
401589682,"January 18, 2024",Santa Clara Broncos,2541,88,False,70.91,78.0,72.15857142857143
401589696,"January 31, 2024",Santa Clara Broncos,2541,77,False,67.86500000000001,79.25,72.0025
401625647,"March 11, 2024",Santa Clara Broncos,2541,65,True,64.63,78.38461538461539,71.59115384615384
401579110,"November 14, 2023",Santa Clara Broncos,2541,89,False,75.35,0.0,0.0
401579113,"November 24, 2023",Santa Clara Broncos,2541,88,True,73.445,89.0,75.35
401577715,"November 06, 2023",Sarah Lawrence Gryphons,nd-sarah-lawrence-gryphons,51,False,74.77,0.0,0.0
401604786,"December 30, 2023",Schreiner Mountaineers,nd-schreiner-mountaineers,61,False,79.095,63.0,80.815
401604806,"November 14, 2023",Schreiner Mountaineers,nd-schreiner-mountaineers,63,False,80.815,0.0,0.0
401604331,"November 09, 2023",Science & Arts (OK) Drovers,nd-science--arts-ok-drovers,72,False,88.54,0.0,0.0
401608789,"November 15, 2023",Science & Arts (OK) Drovers,nd-science--arts-ok-drovers,63,False,73.235,72.0,88.54
401598046,"December 13, 2023",Seattle U Redhawks,2547,59,False,65.77000000000001,64.0,66.4675
401598980,"December 30, 2023",Seattle U Redhawks,2547,73,False,69.88499999999999,62.333333333333336,66.23500000000001
401574091,"February 01, 2024",Seattle U Redhawks,2547,88,False,79.375,71.28571428571429,71.91642857142857
401574096,"February 03, 2024",Seattle U Redhawks,2547,61,False,60.815,73.375,72.84875
401574111,"February 15, 2024",Seattle U Redhawks,2547,78,False,70.91,72.0,71.51166666666667
401574116,"February 17, 2024",Seattle U Redhawks,2547,66,False,68.7,72.6,71.4515
401574062,"January 11, 2024",Seattle U Redhawks,2547,80,False,82.91,65.0,67.14750000000001
401574067,"January 13, 2024",Seattle U Redhawks,2547,75,False,71.05,68.0,70.3
401574072,"January 18, 2024",Seattle U Redhawks,2547,84,False,80.86500000000001,69.16666666666667,70.425
401574141,"March 07, 2024",Seattle U Redhawks,2547,59,False,64.42,72.0,71.20136363636364
401574146,"March 09, 2024",Seattle U Redhawks,2547,66,False,67.675,70.91666666666667,70.63625
401625512,"March 15, 2024",Seattle U Redhawks,2547,72,True,70.7,70.53846153846153,70.40846153846154
401576140,"November 18, 2023",Seattle U Redhawks,2547,56,False,65.77000000000001,0.0,0.0
401574041,"November 29, 2023",Seattle U Redhawks,2547,72,False,67.165,56.0,65.77000000000001
401574569,"December 05, 2023",Seton Hall Pirates,2550,60,False,64.025,67.5,72.805
401587131,"December 17, 2023",Seton Hall Pirates,2550,93,True,71.77,65.0,69.87833333333333
401599447,"December 23, 2023",Seton Hall Pirates,2550,54,False,65.42,72.0,70.35125
401599527,"February 11, 2024",Seton Hall Pirates,2550,54,False,63.745,68.4,68.21600000000001
401599537,"February 18, 2024",Seton Hall Pirates,2550,68,False,73.795,67.0909090909091,67.80954545454546
401599550,"February 28, 2024",Seton Hall Pirates,2550,64,False,72.56,67.16666666666667,68.30833333333334
401599472,"January 03, 2024",Seton Hall Pirates,2550,61,False,70.025,68.4,69.365
401599480,"January 09, 2024",Seton Hall Pirates,2550,74,False,64.56,67.16666666666667,69.47500000000001
401599485,"January 13, 2024",Seton Hall Pirates,2550,78,False,66.56,68.14285714285714,68.77285714285715
401599506,"January 27, 2024",Seton Hall Pirates,2550,57,False,64.42,69.375,68.49625
401599509,"January 30, 2024",Seton Hall Pirates,2550,72,False,69.77000000000001,68.0,68.04333333333334
401599557,"March 03, 2024",Seton Hall Pirates,2550,61,False,64.16499999999999,66.92307692307692,68.63538461538461
401586850,"November 23, 2023",Seton Hall Pirates,2550,63,True,72.445,0.0,0.0
401586852,"November 24, 2023",Seton Hall Pirates,2550,72,True,73.165,63.0,72.445
401597950,"November 08, 2023",Shawnee State Bears,nd-shawnee-state-bears,40,False,70.84,0.0,0.0
401597922,"November 30, 2023",Shawnee State Bears,nd-shawnee-state-bears,61,False,77.305,40.0,70.84
401588612,"December 22, 2023",Siena Heights Saints,nd-siena-heights-saints,58,False,78.095,0.0,0.0
401594346,"December 03, 2023",Siena Saints,2561,48,False,69.88499999999999,55.25,65.2225
401575422,"December 09, 2023",Siena Saints,2561,56,False,66.025,53.8,66.155
401577664,"December 22, 2023",Siena Saints,2561,67,False,79.375,54.166666666666664,66.13333333333334
401581087,"December 30, 2023",Siena Saints,2561,66,False,70.84,56.0,68.025
401594386,"February 02, 2024",Siena Saints,2561,50,False,67.955,60.18181818181818,68.50090909090909
401594398,"February 10, 2024",Siena Saints,2561,68,False,70.235,59.333333333333336,68.45541666666666
401594391,"February 16, 2024",Siena Saints,2561,53,False,65.955,60.0,68.5923076923077
401594304,"February 25, 2024",Siena Saints,2561,64,False,69.955,59.5,68.40392857142857
401594259,"January 12, 2024",Siena Saints,2561,63,False,68.235,57.25,68.376875
401594365,"January 15, 2024",Siena Saints,2561,93,False,77.235,57.888888888888886,68.36111111111111
401594333,"January 21, 2024",Siena Saints,2561,48,False,61.025,61.4,69.2485
401594378,"March 03, 2024",Siena Saints,2561,57,False,66.21000000000001,59.8,68.50733333333332
401594324,"March 09, 2024",Siena Saints,2561,54,False,60.49,59.625,68.36375
401625620,"March 12, 2024",Siena Saints,2561,65,True,65.88499999999999,59.294117647058826,67.90058823529411
401593789,"November 11, 2023",Siena Saints,2561,48,False,69.025,0.0,0.0
401594394,"November 13, 2023",Siena Saints,2561,58,False,65.63,48.0,69.025
401594395,"November 20, 2023",Siena Saints,2561,56,True,63.21,53.0,67.3275
401603141,"November 21, 2023",Siena Saints,2561,59,True,63.025000000000006,54.0,65.955
401606991,"November 06, 2023",Sonoma State Seawolves,nd-sonoma-state-seawolves,64,False,66.56,0.0,0.0
401597990,"December 06, 2023",South Alabama Jaguars,6,83,False,71.42,55.75,65.52
401581704,"December 30, 2023",South Alabama Jaguars,6,61,False,72.28,61.2,66.7
401581709,"February 01, 2024",South Alabama Jaguars,6,66,False,71.63,65.8,70.2555
401581682,"February 03, 2024",South Alabama Jaguars,6,60,False,70.955,65.81818181818181,70.38045454545454
401581711,"February 22, 2024",South Alabama Jaguars,6,83,False,80.515,65.33333333333333,70.42833333333333
401581626,"February 24, 2024",South Alabama Jaguars,6,78,False,73.165,66.6923076923077,71.20423076923076
401581670,"January 11, 2024",South Alabama Jaguars,6,55,False,70.7,61.166666666666664,67.63
401581699,"January 13, 2024",South Alabama Jaguars,6,91,False,80.63,60.285714285714285,68.06857142857143
401581692,"January 25, 2024",South Alabama Jaguars,6,66,False,74.815,64.125,69.63875
401581708,"January 27, 2024",South Alabama Jaguars,6,79,False,70.63,64.33333333333333,70.21388888888889
401574583,"November 11, 2023",South Alabama Jaguars,6,70,False,69.56,0.0,0.0
401591431,"November 14, 2023",South Alabama Jaguars,6,46,False,70.05,70.0,69.56
401577622,"November 25, 2023",South Alabama Jaguars,6,55,False,65.7,58.0,69.805
401597432,"November 30, 2023",South Alabama Jaguars,6,52,False,56.77,57.0,68.43666666666667
401583763,"December 06, 2023",South Carolina Gamecocks,2579,67,False,69.165,74.0,70.2
401583616,"December 09, 2023",South Carolina Gamecocks,2579,68,False,62.84,71.66666666666667,69.855
401597167,"February 03, 2024",South Carolina Gamecocks,2579,72,False,61.885,67.625,67.51375
401597185,"February 14, 2024",South Carolina Gamecocks,2579,61,False,68.98,68.11111111111111,66.88833333333334
401597203,"February 24, 2024",South Carolina Gamecocks,2579,72,False,64.63,67.4,67.0975
401597213,"February 28, 2024",South Carolina Gamecocks,2579,70,False,64.955,67.81818181818181,66.87318181818182
401597119,"January 09, 2024",South Carolina Gamecocks,2579,47,False,64.815,70.75,68.10125000000001
401597128,"January 13, 2024",South Carolina Gamecocks,2579,71,False,69.63,66.0,67.444
401597137,"January 20, 2024",South Carolina Gamecocks,2579,77,False,67.56,66.83333333333333,67.80833333333334
401597158,"January 30, 2024",South Carolina Gamecocks,2579,63,False,65.7,68.28571428571429,67.77285714285715
401597232,"March 09, 2024",South Carolina Gamecocks,2579,93,False,71.375,68.0,66.71333333333334
401625454,"March 15, 2024",South Carolina Gamecocks,2579,55,True,68.98,69.92307692307692,67.07192307692308
401592850,"November 17, 2023",South Carolina Gamecocks,2579,73,True,75.84,0.0,0.0
401601489,"November 19, 2023",South Carolina Gamecocks,2579,75,True,64.56,73.0,75.84
401597897,"December 02, 2023",South Carolina State Bulldogs,2569,64,False,70.375,67.5,77.76666666666667
401577556,"December 16, 2023",South Carolina State Bulldogs,2569,50,False,71.235,67.0,76.71071428571429
401601467,"December 18, 2023",South Carolina State Bulldogs,2569,75,False,69.305,64.875,76.02625
401574840,"December 29, 2023",South Carolina State Bulldogs,2569,62,False,88.12,66.0,75.27944444444444
401603543,"December 31, 2023",South Carolina State Bulldogs,2569,70,False,76.63,65.6,76.5635
401594412,"February 17, 2024",South Carolina State Bulldogs,2569,67,False,82.655,65.76923076923077,75.51461538461538
401606750,"February 19, 2024",South Carolina State Bulldogs,2569,75,False,71.84,65.85714285714286,76.02464285714287
401604427,"January 27, 2024",South Carolina State Bulldogs,2569,66,False,74.05,66.0,76.56954545454545
401604798,"January 29, 2024",South Carolina State Bulldogs,2569,63,False,65.375,66.0,76.35958333333333
401606724,"March 02, 2024",South Carolina State Bulldogs,2569,72,False,71.63,66.46666666666667,75.74566666666666
401589751,"March 04, 2024",South Carolina State Bulldogs,2569,61,False,66.63,66.8125,75.4884375
401606751,"March 07, 2024",South Carolina State Bulldogs,2569,68,False,66.42,66.47058823529412,74.96735294117647
401577572,"November 09, 2023",South Carolina State Bulldogs,2569,52,False,78.91,0.0,0.0
401579099,"November 17, 2023",South Carolina State Bulldogs,2569,72,False,79.935,52.0,78.91
401606712,"November 20, 2023",South Carolina State Bulldogs,2569,70,False,87.075,62.0,79.4225
401594540,"November 22, 2023",South Carolina State Bulldogs,2569,59,False,65.955,64.66666666666667,81.97333333333334
401577700,"November 25, 2023",South Carolina State Bulldogs,2569,74,False,78.095,63.25,77.96875
401599587,"November 28, 2023",South Carolina State Bulldogs,2569,78,False,76.63,65.4,77.994
401590922,"December 02, 2023",South Carolina Upstate Spartans,2908,85,False,74.095,64.0,69.23083333333334
401597835,"December 21, 2023",South Carolina Upstate Spartans,2908,59,False,60.7,67.0,69.92571428571429
401601256,"February 07, 2024",South Carolina Upstate Spartans,2908,69,False,70.955,66.84615384615384,68.16692307692308
401601262,"February 14, 2024",South Carolina Upstate Spartans,2908,86,False,78.305,67.0,68.36607142857143
401601276,"February 24, 2024",South Carolina Upstate Spartans,2908,74,False,69.725,68.26666666666667,69.02866666666667
401601216,"January 03, 2024",South Carolina Upstate Spartans,2908,67,False,73.235,66.0,68.77250000000001
401601225,"January 13, 2024",South Carolina Upstate Spartans,2908,70,False,63.84,66.11111111111111,69.26833333333333
401601236,"January 20, 2024",South Carolina Upstate Spartans,2908,61,False,62.77,66.5,68.7255
401601242,"January 27, 2024",South Carolina Upstate Spartans,2908,70,False,70.305,66.0,68.18409090909091
401601248,"January 31, 2024",South Carolina Upstate Spartans,2908,73,False,65.84,66.33333333333333,68.36083333333333
401592849,"November 06, 2023",South Carolina Upstate Spartans,2908,53,False,70.165,0.0,0.0
401594551,"November 10, 2023",South Carolina Upstate Spartans,2908,67,False,64.84,53.0,70.165
401583609,"November 15, 2023",South Carolina Upstate Spartans,2908,83,False,70.165,60.0,67.5025
401600050,"November 18, 2023",South Carolina Upstate Spartans,2908,53,False,68.885,67.66666666666667,68.39
401588593,"November 21, 2023",South Carolina Upstate Spartans,2908,58,False,64.63,64.0,68.51375
401600052,"November 29, 2023",South Carolina Upstate Spartans,2908,70,False,76.7,62.8,67.737
401594476,"December 03, 2023",South Dakota Coyotes,233,70,False,70.095,60.0,68.56
401600096,"December 16, 2023",South Dakota Coyotes,233,78,False,80.095,65.0,69.3275
401600067,"December 19, 2023",South Dakota Coyotes,233,76,False,72.375,69.33333333333333,72.91666666666667
401600097,"December 21, 2023",South Dakota Coyotes,233,66,False,70.095,71.0,72.78125
401580020,"December 29, 2023",South Dakota Coyotes,233,75,False,70.605,70.0,72.244
401580069,"February 04, 2024",South Dakota Coyotes,233,67,False,67.745,72.1,74.22749999999999
401580083,"February 15, 2024",South Dakota Coyotes,233,84,False,70.955,71.63636363636364,73.63818181818182
401580085,"February 17, 2024",South Dakota Coyotes,233,80,False,65.63,72.66666666666667,73.41458333333334
401580034,"January 06, 2024",South Dakota Coyotes,233,63,False,71.955,70.83333333333333,71.97083333333333
401580040,"January 11, 2024",South Dakota Coyotes,233,66,False,74.42,69.71428571428571,71.96857142857142
401580059,"January 25, 2024",South Dakota Coyotes,233,110,False,94.375,69.25,72.275
401580062,"January 27, 2024",South Dakota Coyotes,233,57,False,69.7,73.77777777777777,74.73055555555555
401580103,"March 02, 2024",South Dakota Coyotes,233,66,False,69.955,73.23076923076923,72.81576923076923
401625492,"March 08, 2024",South Dakota Coyotes,233,62,True,65.025,72.71428571428571,72.61142857142856
401597891,"November 14, 2023",South Dakota Coyotes,233,60,False,68.56,0.0,0.0
401601131,"December 05, 2023",South Dakota Mines Hardrockers,nd-south-dakota-mines-hardrockers,59,False,71.745,48.0,69.235
401597410,"November 06, 2023",South Dakota Mines Hardrockers,nd-south-dakota-mines-hardrockers,48,False,69.235,0.0,0.0
401577588,"December 09, 2023",South Dakota State Jackrabbits,2571,79,True,75.955,68.0,67.955
401581563,"December 21, 2023",South Dakota State Jackrabbits,2571,65,True,71.095,70.75,69.955
401580082,"February 15, 2024",South Dakota State Jackrabbits,2571,67,False,68.235,73.7,69.7225
401580087,"February 17, 2024",South Dakota State Jackrabbits,2571,85,False,79.77,73.0909090909091,69.58727272727273
401580098,"February 29, 2024",South Dakota State Jackrabbits,2571,72,False,61.14,74.08333333333333,70.43583333333333
401580029,"January 03, 2024",South Dakota State Jackrabbits,2571,73,False,64.815,69.6,70.18299999999999
401580042,"January 11, 2024",South Dakota State Jackrabbits,2571,81,False,69.77,70.16666666666667,69.28833333333334
401580046,"January 13, 2024",South Dakota State Jackrabbits,2571,80,False,73.095,71.71428571428571,69.35714285714286
401580054,"January 20, 2024",South Dakota State Jackrabbits,2571,73,False,69.14,72.75,69.824375
401580061,"January 27, 2024",South Dakota State Jackrabbits,2571,82,False,69.49,72.77777777777777,69.74833333333333
401580102,"March 02, 2024",South Dakota State Jackrabbits,2571,78,False,62.605,73.92307692307692,69.72076923076924
401590207,"November 13, 2023",South Dakota State Jackrabbits,2571,68,False,74.815,0.0,0.0
401601483,"November 20, 2023",South Dakota State Jackrabbits,2571,71,True,65.42,68.0,74.815
401590229,"November 22, 2023",South Dakota State Jackrabbits,2571,65,False,63.63,69.5,70.1175
401577576,"December 02, 2023",South Florida Bulls,58,56,False,78.935,63.0,67.49
401577577,"December 09, 2023",South Florida Bulls,58,88,True,80.725,59.5,73.2125
401602115,"February 03, 2024",South Florida Bulls,58,60,False,60.165,71.14285714285714,71.89
401602125,"February 10, 2024",South Florida Bulls,58,69,False,63.42,69.75,70.424375
401602147,"February 21, 2024",South Florida Bulls,58,66,False,75.56,69.66666666666667,69.64611111111111
401602068,"January 07, 2024",South Florida Bulls,58,71,False,72.935,69.0,75.71666666666665
401602086,"January 18, 2024",South Florida Bulls,58,74,False,67.56,69.5,75.02125
401602095,"January 24, 2024",South Florida Bulls,58,75,False,66.63,70.4,73.529
401602107,"January 31, 2024",South Florida Bulls,58,71,False,68.955,71.16666666666667,72.37916666666666
401602162,"March 02, 2024",South Florida Bulls,58,76,False,59.235,69.3,70.2375
401602178,"March 09, 2024",South Florida Bulls,58,70,False,77.515,69.9090909090909,69.23727272727272
401577575,"November 30, 2023",South Florida Bulls,58,63,False,67.49,0.0,0.0
401587163,"December 09, 2023",Southeast Missouri State Redhawks,2546,80,False,76.935,59.4,74.482
401580111,"December 21, 2023",Southeast Missouri State Redhawks,2546,64,False,72.05,62.833333333333336,74.89083333333333
401587316,"February 15, 2024",Southeast Missouri State Redhawks,2546,57,False,71.42,61.166666666666664,71.21375
401587324,"February 17, 2024",Southeast Missouri State Redhawks,2546,76,False,72.745,60.84615384615385,71.22961538461539
401587341,"February 29, 2024",Southeast Missouri State Redhawks,2546,50,False,70.025,61.92857142857143,71.33785714285715
401587261,"January 04, 2024",Southeast Missouri State Redhawks,2546,61,False,62.885000000000005,63.0,74.485
401587275,"January 13, 2024",Southeast Missouri State Redhawks,2546,59,False,60.165,62.75,73.035
401587286,"January 25, 2024",Southeast Missouri State Redhawks,2546,58,False,74.815,62.333333333333336,71.605
401587290,"January 27, 2024",Southeast Missouri State Redhawks,2546,61,False,71.21000000000001,61.9,71.926
401587293,"January 30, 2024",Southeast Missouri State Redhawks,2546,54,False,64.095,61.81818181818182,71.86090909090909
401587345,"March 02, 2024",Southeast Missouri State Redhawks,2546,70,False,73.26,61.13333333333333,71.25033333333334
401584443,"November 06, 2023",Southeast Missouri State Redhawks,2546,67,False,78.445,0.0,0.0
401581163,"November 10, 2023",Southeast Missouri State Redhawks,2546,56,False,81.19,67.0,78.445
401587217,"November 25, 2023",Southeast Missouri State Redhawks,2546,74,True,72.095,61.5,79.8175
401594563,"November 26, 2023",Southeast Missouri State Redhawks,2546,56,False,69.165,65.66666666666667,77.24333333333333
401581805,"November 30, 2023",Southeast Missouri State Redhawks,2546,44,False,71.515,63.25,75.22375
401577589,"December 16, 2023",Southern Illinois Salukis,79,68,False,63.955,64.5,67.235
401601879,"February 03, 2024",Southern Illinois Salukis,79,74,False,71.445,66.0,64.62357142857142
401601882,"February 07, 2024",Southern Illinois Salukis,79,88,False,78.77,67.0,65.47625
401601896,"February 14, 2024",Southern Illinois Salukis,79,68,False,70.025,69.33333333333333,66.95333333333333
401601916,"February 25, 2024",Southern Illinois Salukis,79,65,False,68.7,69.2,67.26050000000001
401601918,"February 28, 2024",Southern Illinois Salukis,79,67,False,63.84,68.81818181818181,67.39136363636364
401601830,"January 06, 2024",Southern Illinois Salukis,79,71,False,60.025000000000006,65.66666666666667,66.14166666666667
401601838,"January 10, 2024",Southern Illinois Salukis,79,77,False,65.375,67.0,64.6125
401601854,"January 20, 2024",Southern Illinois Salukis,79,57,False,64.58500000000001,69.0,64.765
401601867,"January 27, 2024",Southern Illinois Salukis,79,60,False,63.955,67.0,64.735
401601496,"November 22, 2023",Southern Illinois Salukis,79,81,True,65.91,0.0,0.0
401601809,"November 28, 2023",Southern Illinois Salukis,79,48,False,68.56,81.0,65.91
401594425,"December 09, 2023",Southern Indiana Screaming Eagles,88,54,False,77.56,62.0,70.946
401597409,"December 22, 2023",Southern Indiana Screaming Eagles,88,50,False,66.515,60.666666666666664,72.04833333333333
401587249,"December 29, 2023",Southern Indiana Screaming Eagles,88,91,False,95.655,59.142857142857146,71.25785714285715
401587253,"December 31, 2023",Southern Indiana Screaming Eagles,88,73,False,68.05,63.125,74.3075
401587298,"February 01, 2024",Southern Indiana Screaming Eagles,88,74,False,64.88499999999999,64.2,73.421
401587303,"February 03, 2024",Southern Indiana Screaming Eagles,88,74,False,72.26,65.0909090909091,72.645
401587319,"February 15, 2024",Southern Indiana Screaming Eagles,88,68,False,71.815,65.83333333333333,72.61291666666666
401587322,"February 17, 2024",Southern Indiana Screaming Eagles,88,62,False,70.165,66.0,72.55153846153847
401587326,"February 20, 2024",Southern Indiana Screaming Eagles,88,80,False,64.77000000000001,65.71428571428571,72.38107142857143
401587336,"February 24, 2024",Southern Indiana Screaming Eagles,88,76,False,74.515,66.66666666666667,71.87366666666667
401587269,"January 11, 2024",Southern Indiana Screaming Eagles,88,64,False,71.7,64.22222222222223,73.61222222222221
401625573,"March 06, 2024",Southern Indiana Screaming Eagles,88,64,True,68.955,67.25,72.03875000000001
401598584,"November 06, 2023",Southern Indiana Screaming Eagles,88,63,False,73.28,0.0,0.0
401592369,"November 09, 2023",Southern Indiana Screaming Eagles,88,51,False,72.98,63.0,73.28
401593771,"November 18, 2023",Southern Indiana Screaming Eagles,88,78,False,70.235,57.0,73.13
401581529,"November 20, 2023",Southern Indiana Screaming Eagles,88,56,False,74.025,64.0,72.165
401576152,"November 24, 2023",Southern Indiana Screaming Eagles,88,62,False,64.21000000000001,62.0,72.63
401597984,"December 03, 2023",Southern Jaguars,2582,60,False,65.16499999999999,67.71428571428571,75.63642857142858
401599984,"December 16, 2023",Southern Jaguars,2582,81,False,78.58500000000001,66.75,74.3275
401602350,"February 03, 2024",Southern Jaguars,2582,71,False,67.58500000000001,69.33333333333333,74.22333333333334
401583827,"February 05, 2024",Southern Jaguars,2582,72,False,76.165,69.46153846153847,73.71269230769231
401598031,"February 17, 2024",Southern Jaguars,2582,77,False,68.7,69.64285714285714,73.88785714285714
401603005,"February 19, 2024",Southern Jaguars,2582,56,False,67.025,70.13333333333334,73.542
401598902,"January 13, 2024",Southern Jaguars,2582,74,False,66.025,68.33333333333333,74.80055555555556
401574629,"January 15, 2024",Southern Jaguars,2582,81,False,78.26,68.9,73.923
401604287,"January 20, 2024",Southern Jaguars,2582,62,False,73.19,70.0,74.31727272727272
401600129,"March 07, 2024",Southern Jaguars,2582,65,False,61.885000000000005,69.25,73.1346875
401600112,"March 09, 2024",Southern Jaguars,2582,56,False,66.305,69.0,72.47294117647058
401578009,"November 06, 2023",Southern Jaguars,2582,75,False,74.955,0.0,0.0
401597296,"November 08, 2023",Southern Jaguars,2582,85,False,68.84,75.0,74.955
401600256,"November 13, 2023",Southern Jaguars,2582,59,False,81.165,80.0,71.89750000000001
401594474,"November 17, 2023",Southern Jaguars,2582,80,False,85.305,73.0,74.98666666666666
401584513,"November 19, 2023",Southern Jaguars,2582,60,False,77.49,74.75,77.56625
401594438,"November 25, 2023",Southern Jaguars,2582,59,False,69.88499999999999,71.8,77.551
401577600,"November 28, 2023",Southern Jaguars,2582,56,False,71.815,69.66666666666667,76.27333333333333
401597421,"December 01, 2023",Southern Miss Golden Eagles,2572,85,False,72.655,69.66666666666667,70.04833333333333
401579011,"December 13, 2023",Southern Miss Golden Eagles,2572,48,False,62.14,73.5,70.7
401581791,"December 18, 2023",Southern Miss Golden Eagles,2572,82,False,78.025,68.4,68.988
401594546,"December 23, 2023",Southern Miss Golden Eagles,2572,72,True,68.445,70.66666666666667,70.49416666666667
401581643,"December 30, 2023",Southern Miss Golden Eagles,2572,67,False,76.815,70.85714285714286,70.20142857142858
401581715,"February 03, 2024",Southern Miss Golden Eagles,2572,55,False,66.025,69.76923076923077,69.9396153846154
401581712,"February 28, 2024",Southern Miss Golden Eagles,2572,70,False,73.305,68.71428571428571,69.66
401581689,"January 11, 2024",Southern Miss Golden Eagles,2572,71,False,72.445,70.375,71.028125
401581713,"January 13, 2024",Southern Miss Golden Eagles,2572,56,False,70.7,70.44444444444444,71.18555555555555
401581633,"January 24, 2024",Southern Miss Golden Eagles,2572,79,False,65.095,69.0,71.137
401581701,"January 27, 2024",Southern Miss Golden Eagles,2572,67,False,65.235,69.9090909090909,70.58772727272728
401581620,"January 31, 2024",Southern Miss Golden Eagles,2572,71,False,67.515,69.66666666666667,70.14166666666667
401581687,"March 01, 2024",Southern Miss Golden Eagles,2572,61,False,76.49,68.8,69.903
401574580,"November 10, 2023",Southern Miss Golden Eagles,2572,54,False,70.955,0.0,0.0
401597419,"November 19, 2023",Southern Miss Golden Eagles,2572,65,True,69.49000000000001,54.0,70.955
401597420,"November 25, 2023",Southern Miss Golden Eagles,2572,90,False,69.7,59.5,70.2225
401574046,"December 02, 2023",Southern Utah Thunderbirds,253,63,False,72.91,69.66666666666667,68.56833333333334
401600086,"December 05, 2023",Southern Utah Thunderbirds,253,86,False,75.165,68.0,69.65375
401584367,"December 16, 2023",Southern Utah Thunderbirds,253,74,False,72.885,71.6,70.756
401581178,"December 19, 2023",Southern Utah Thunderbirds,253,88,False,79.375,72.0,71.11083333333333
401574104,"February 08, 2024",Southern Utah Thunderbirds,253,68,False,74.12,73.9090909090909,71.55227272727274
401574108,"February 10, 2024",Southern Utah Thunderbirds,253,65,False,77.77,73.41666666666667,71.76625
401574125,"February 22, 2024",Southern Utah Thunderbirds,253,85,False,76.84,72.76923076923077,72.22807692307693
401574059,"January 06, 2024",Southern Utah Thunderbirds,253,62,False,71.91,74.28571428571429,72.29142857142857
401574078,"January 20, 2024",Southern Utah Thunderbirds,253,76,False,72.445,72.75,72.24375
401574084,"January 25, 2024",Southern Utah Thunderbirds,253,73,False,66.91,73.11111111111111,72.26611111111112
401574089,"January 27, 2024",Southern Utah Thunderbirds,253,82,False,69.77,73.1,71.7305
401574144,"March 07, 2024",Southern Utah Thunderbirds,253,60,False,75.63,73.64285714285714,72.5575
401574189,"March 09, 2024",Southern Utah Thunderbirds,253,68,False,65.745,72.73333333333333,72.76233333333333
401600061,"November 06, 2023",Southern Utah Thunderbirds,253,72,False,65.305,0.0,0.0
401597411,"November 14, 2023",Southern Utah Thunderbirds,253,84,False,75.56,72.0,65.305
401600072,"November 21, 2023",Southern Utah Thunderbirds,253,53,False,64.84,78.0,70.4325
401596810,"December 02, 2023",Southern Virginia Knights,nd-southern-virginia-knights,56,False,68.7,0.0,0.0
401611803,"December 18, 2023",Southern Virginia Knights,nd-southern-virginia-knights,52,False,76.165,56.0,68.7
401594586,"December 29, 2023",Southern Wesleyan Warriors,nd-southern-wesleyan-warriors,55,False,71.7,0.0,0.0
401591572,"December 12, 2023",Southern-New Orleans Knights,nd-southern-new-orleans-knights,63,False,76.49,62.0,84.86250000000001
401604271,"December 19, 2023",Southern-New Orleans Knights,nd-southern-new-orleans-knights,75,False,74.63,62.333333333333336,82.07166666666667
401579031,"November 11, 2023",Southern-New Orleans Knights,nd-southern-new-orleans-knights,69,False,91.305,0.0,0.0
401597377,"November 28, 2023",Southern-New Orleans Knights,nd-southern-new-orleans-knights,55,False,78.42,69.0,91.305
401594418,"November 14, 2023",Southwest Minnesota State Mustangs,nd-southwest-minnesota-state-mustangs,67,False,66.91,0.0,0.0
401608787,"December 06, 2023",Southwestern Adventist Knights,nd-southwestern-adventist-knights,58,False,83.42,52.5,83.63
401608797,"November 06, 2023",Southwestern Adventist Knights,nd-southwestern-adventist-knights,59,False,86.63,0.0,0.0
401604781,"November 07, 2023",Southwestern Adventist Knights,nd-southwestern-adventist-knights,46,False,80.63,59.0,86.63
401591580,"November 06, 2023",Southwestern Assemblies of God Lions,nd-southwestern-assemblies-of-god-lions,63,False,76.91,0.0,0.0
401611838,"November 11, 2023",Southwestern Christian Eagles,nd-southwestern-christian-eagles,68,False,84.35,0.0,0.0
401606714,"December 29, 2023",Southwestern Oklahoma State Bulldogs,nd-southwestern-oklahoma-state-bulldogs,54,False,72.84,0.0,0.0
401594209,"November 06, 2023",Spalding Pelicans,nd-spalding-pelicans,63,False,73.955,0.0,0.0
401609951,"November 28, 2023",Spalding Pelicans,nd-spalding-pelicans,43,False,72.12,63.0,73.955
401606136,"December 09, 2023",Spring Hill Badgers,nd-spring-hill-badgers,74,False,82.095,0.0,0.0
401604275,"November 27, 2023",Springfield Pride,nd-springfield-pride,74,False,81.42,0.0,0.0
401594473,"November 12, 2023",St. Ambrose Fighting Bees,nd-st-ambrose-fighting-bees,59,False,80.58500000000001,0.0,0.0
401604788,"December 04, 2023",St. Andrews Knights,nd-st-andrews-knights,46,False,82.165,51.0,76.375
401590923,"December 15, 2023",St. Andrews Knights,nd-st-andrews-knights,50,False,83.025,48.5,79.27000000000001
401584376,"December 16, 2023",St. Andrews Knights,nd-st-andrews-knights,26,False,70.14,49.0,80.52166666666666
401597899,"November 06, 2023",St. Andrews Knights,nd-st-andrews-knights,51,False,76.375,0.0,0.0
401575420,"December 02, 2023",St. Bonaventure Bonnies,179,80,False,73.445,0.0,0.0
401575421,"December 06, 2023",St. Bonaventure Bonnies,179,94,False,66.63,80.0,73.445
401575424,"December 30, 2023",St. Bonaventure Bonnies,179,62,True,62.165,87.0,70.0375
401596874,"February 02, 2024",St. Bonaventure Bonnies,179,71,False,63.515,69.85714285714286,67.06571428571428
401596899,"February 14, 2024",St. Bonaventure Bonnies,179,85,False,69.7,70.0,66.621875
401596912,"February 21, 2024",St. Bonaventure Bonnies,179,59,False,63.49,71.66666666666667,66.96388888888889
401596917,"February 24, 2024",St. Bonaventure Bonnies,179,75,False,69.77,70.4,66.6165
401596815,"January 03, 2024",St. Bonaventure Bonnies,179,89,False,70.445,78.66666666666667,67.41333333333333
401596825,"January 06, 2024",St. Bonaventure Bonnies,179,54,False,61.63,81.25,68.17124999999999
401596850,"January 20, 2024",St. Bonaventure Bonnies,179,60,False,66.305,75.8,66.863
401596856,"January 23, 2024",St. Bonaventure Bonnies,179,50,False,68.84,73.16666666666667,66.77
401596939,"March 06, 2024",St. Bonaventure Bonnies,179,75,False,66.305,70.81818181818181,66.9031818181818
401625551,"March 14, 2024",St. Bonaventure Bonnies,179,75,True,80.58500000000001,71.16666666666667,66.85333333333334
401625554,"March 16, 2024",St. Bonaventure Bonnies,179,60,True,62.745,71.46153846153847,67.90961538461539
401598588,"December 19, 2023",St. Francis (IL) Fighting Saints,nd-st-francis-il-fighting-saints,47,False,65.165,56.0,57.885
401594189,"November 09, 2023",St. Francis (IL) Fighting Saints,nd-st-francis-il-fighting-saints,56,False,57.885,0.0,0.0
401589382,"December 02, 2023",St. Francis (PA) Red Flash,2598,75,False,66.88499999999999,54.0,70.007
401581761,"December 10, 2023",St. Francis (PA) Red Flash,2598,54,False,67.84,57.5,69.48666666666666
401589394,"February 01, 2024",St. Francis (PA) Red Flash,2598,62,False,64.77000000000001,57.9,68.2695
401589395,"February 03, 2024",St. Francis (PA) Red Flash,2598,67,False,69.49,58.27272727272727,67.95136363636364
401589398,"February 17, 2024",St. Francis (PA) Red Flash,2598,74,False,74.98,59.0,68.07958333333333
401589399,"February 22, 2024",St. Francis (PA) Red Flash,2598,60,False,66.025,60.15384615384615,68.61038461538462
401589400,"February 24, 2024",St. Francis (PA) Red Flash,2598,63,False,63.98,60.142857142857146,68.42571428571429
401589386,"January 04, 2024",St. Francis (PA) Red Flash,2598,67,False,66.7,57.0,69.25142857142858
401589387,"January 06, 2024",St. Francis (PA) Red Flash,2598,56,False,64.35,58.25,68.9325
401589391,"January 21, 2024",St. Francis (PA) Red Flash,2598,57,False,66.88499999999999,58.0,68.42333333333333
401625631,"March 06, 2024",St. Francis (PA) Red Flash,2598,62,False,59.7,60.333333333333336,68.12933333333334
401575800,"November 06, 2023",St. Francis (PA) Red Flash,2598,44,False,64.7,0.0,0.0
401589377,"November 09, 2023",St. Francis (PA) Red Flash,2598,52,False,69.025,44.0,64.7
401579109,"November 11, 2023",St. Francis (PA) Red Flash,2598,59,False,72.56,48.0,66.86250000000001
401589378,"November 14, 2023",St. Francis (PA) Red Flash,2598,53,False,70.305,51.666666666666664,68.76166666666667
401589381,"November 29, 2023",St. Francis (PA) Red Flash,2598,62,False,73.445,52.0,69.14750000000001
401574564,"December 01, 2023",St. John's Red Storm,2599,79,False,67.7,75.0,71.78500000000001
401583793,"December 10, 2023",St. John's Red Storm,2599,80,True,71.98,76.0,70.76375
401599446,"December 23, 2023",St. John's Red Storm,2599,65,False,64.84,76.8,71.007
401599525,"February 10, 2024",St. John's Red Storm,2599,75,False,67.35,73.7,70.779
401599530,"February 13, 2024",St. John's Red Storm,2599,72,False,76.025,73.81818181818181,70.46727272727273
401599540,"February 21, 2024",St. John's Red Storm,2599,90,False,72.235,73.66666666666667,70.93041666666666
401599549,"February 28, 2024",St. John's Red Storm,2599,82,False,69.42,74.92307692307692,71.03076923076922
401599478,"January 06, 2024",St. John's Red Storm,2599,81,False,76.095,74.83333333333333,69.97916666666667
401599486,"January 13, 2024",St. John's Red Storm,2599,65,False,68.28,75.71428571428571,70.85285714285715
401599490,"January 16, 2024",St. John's Red Storm,2599,65,False,68.49,74.375,70.53125
401599511,"January 31, 2024",St. John's Red Storm,2599,77,False,75.05,73.33333333333333,70.30444444444444
401599558,"March 05, 2024",St. John's Red Storm,2599,104,False,69.56,75.42857142857143,70.91571428571429
401625560,"March 14, 2024",St. John's Red Storm,2599,91,False,69.7,77.33333333333333,70.82533333333335
401625563,"March 15, 2024",St. John's Red Storm,2599,90,False,69.84,78.1875,70.755
401581341,"November 16, 2023",St. John's Red Storm,2599,53,True,63.955,0.0,0.0
401581545,"November 17, 2023",St. John's Red Storm,2599,81,True,74.98,53.0,63.955
401581551,"November 19, 2023",St. John's Red Storm,2599,91,True,76.42,67.0,69.4675
401594507,"December 22, 2023",St. Mary's (MD) Seahawks,nd-st-marys-md-seahawks,57,False,62.165,43.0,67.77
401597903,"November 11, 2023",St. Mary's (MD) Seahawks,nd-st-marys-md-seahawks,43,False,67.77,0.0,0.0
401593829,"November 07, 2023",St. Thomas (TX) Celts,nd-st-thomas-tx-celts,57,False,67.56,0.0,0.0
401581765,"December 01, 2023",St. Thomas-Minnesota Tommies,2900,65,False,66.095,59.666666666666664,62.80833333333334
401598005,"December 10, 2023",St. Thomas-Minnesota Tommies,2900,66,False,60.42,61.0,63.63
401577604,"December 14, 2023",St. Thomas-Minnesota Tommies,2900,79,False,71.35,62.0,62.988
401580022,"December 29, 2023",St. Thomas-Minnesota Tommies,2900,70,False,62.675,64.83333333333333,64.38166666666667
401580067,"February 01, 2024",St. Thomas-Minnesota Tommies,2900,65,False,62.095,69.4,65.411
401580071,"February 03, 2024",St. Thomas-Minnesota Tommies,2900,71,False,61.025,69.0,65.10954545454545
401580079,"February 10, 2024",St. Thomas-Minnesota Tommies,2900,77,False,75.7,69.16666666666667,64.76916666666666
401580088,"February 22, 2024",St. Thomas-Minnesota Tommies,2900,50,False,58.63,69.76923076923077,65.61
401580093,"February 24, 2024",St. Thomas-Minnesota Tommies,2900,72,False,68.375,68.35714285714286,65.11142857142858
401580030,"January 03, 2024",St. Thomas-Minnesota Tommies,2900,75,False,63.955,65.57142857142857,64.13785714285714
401580044,"January 13, 2024",St. Thomas-Minnesota Tommies,2900,87,False,72.63,66.75,64.115
401580051,"January 18, 2024",St. Thomas-Minnesota Tommies,2900,73,False,68.56,69.0,65.0611111111111
401625497,"March 11, 2024",St. Thomas-Minnesota Tommies,2900,49,True,59.885,68.6,65.329
401581770,"November 06, 2023",St. Thomas-Minnesota Tommies,2900,66,False,60.77,0.0,0.0
401594625,"November 18, 2023",St. Thomas-Minnesota Tommies,2900,62,False,60.77,66.0,60.77
401594192,"November 25, 2023",St. Thomas-Minnesota Tommies,2900,51,False,66.885,64.0,60.77
401600249,"January 21, 2024",St. Xavier  (IL) Cougars,nd-st-xavier--il-cougars,58,False,80.42,0.0,0.0
401607347,"December 21, 2023",Stanford Cardinal,24,60,False,69.16499999999999,67.66666666666667,74.51333333333334
401607403,"February 01, 2024",Stanford Cardinal,24,71,False,69.095,70.0,73.804375
401607410,"February 04, 2024",Stanford Cardinal,24,71,False,70.21,70.11111111111111,73.2811111111111
401607458,"February 15, 2024",Stanford Cardinal,24,65,False,77.745,70.2,72.974
401607281,"February 17, 2024",Stanford Cardinal,24,59,False,61.56,69.72727272727273,73.40772727272727
401607466,"February 29, 2024",Stanford Cardinal,24,68,False,70.77,68.83333333333333,72.42041666666667
401607363,"January 03, 2024",Stanford Cardinal,24,59,False,66.235,65.75,73.17625
401607369,"January 06, 2024",Stanford Cardinal,24,79,False,73.35,64.4,71.788
401607376,"January 11, 2024",Stanford Cardinal,24,88,False,81.375,66.83333333333333,72.04833333333333
401607396,"January 26, 2024",Stanford Cardinal,24,71,False,76.77,69.85714285714286,73.38071428571428
401607459,"March 03, 2024",Stanford Cardinal,24,71,False,68.815,68.76923076923077,72.29346153846153
401625475,"March 13, 2024",Stanford Cardinal,24,87,True,79.26,68.92857142857143,72.045
401625479,"March 14, 2024",Stanford Cardinal,24,62,True,68.49000000000001,70.13333333333334,72.526
401580925,"November 22, 2023",Stanford Cardinal,24,74,True,85.655,0.0,0.0
401581522,"November 23, 2023",Stanford Cardinal,24,78,True,69.14,74.0,85.655
401581526,"November 24, 2023",Stanford Cardinal,24,51,True,68.745,76.0,77.39750000000001
401575413,"December 18, 2023",Stanislaus State Warriors,nd-stanislaus-state-warriors,46,False,72.025,28.0,72.515
401598037,"November 06, 2023",Stanislaus State Warriors,nd-stanislaus-state-warriors,28,False,72.515,0.0,0.0
401598761,"December 03, 2023",Stanton Elks,nd-stanton-elks,52,False,71.88499999999999,0.0,0.0
401574049,"December 02, 2023",Stephen F. Austin Lumberjacks,2617,79,False,89.515,69.0,74.93333333333334
401601132,"December 09, 2023",Stephen F. Austin Lumberjacks,2617,70,False,73.515,71.5,78.57875
401574100,"February 03, 2024",Stephen F. Austin Lumberjacks,2617,64,False,70.91,74.375,76.16875
401574110,"February 10, 2024",Stephen F. Austin Lumberjacks,2617,63,False,78.025,73.22222222222223,75.58444444444444
401574121,"February 22, 2024",Stephen F. Austin Lumberjacks,2617,49,False,71.305,72.2,75.82849999999999
401574129,"February 24, 2024",Stephen F. Austin Lumberjacks,2617,62,False,67.42,70.0909090909091,75.41727272727273
401574132,"February 29, 2024",Stephen F. Austin Lumberjacks,2617,62,False,68.375,69.41666666666667,74.75083333333333
401574056,"January 04, 2024",Stephen F. Austin Lumberjacks,2617,85,False,78.58500000000001,71.2,77.566
401574066,"January 11, 2024",Stephen F. Austin Lumberjacks,2617,70,False,73.77,73.5,77.73583333333333
401574071,"January 13, 2024",Stephen F. Austin Lumberjacks,2617,84,False,69.165,73.0,77.1692857142857
401574137,"March 02, 2024",Stephen F. Austin Lumberjacks,2617,58,False,62.445,68.84615384615384,74.26038461538461
401625509,"March 14, 2024",Stephen F. Austin Lumberjacks,2617,78,True,69.305,68.07142857142857,73.41642857142857
401587149,"November 09, 2023",Stephen F. Austin Lumberjacks,2617,62,False,76.655,0.0,0.0
401602357,"November 13, 2023",Stephen F. Austin Lumberjacks,2617,96,False,78.26,62.0,76.655
401581541,"November 21, 2023",Stephen F. Austin Lumberjacks,2617,49,True,69.88499999999999,79.0,77.45750000000001
401608793,"December 12, 2023",Sterling College (KS) Warriors,nd-sterling-college-ks-warriors,47,False,77.165,0.0,0.0
401600233,"December 03, 2023",Stetson Hatters,56,54,False,64.305,62.666666666666664,68.11
401600234,"December 05, 2023",Stetson Hatters,56,62,False,63.885000000000005,60.5,67.15875
401581820,"December 17, 2023",Stetson Hatters,56,80,False,73.235,60.8,66.50399999999999
401600236,"December 19, 2023",Stetson Hatters,56,80,False,72.165,64.0,67.62583333333333
401600237,"December 22, 2023",Stetson Hatters,56,75,False,64.095,66.28571428571429,68.27428571428571
401587122,"February 01, 2024",Stetson Hatters,56,72,False,67.955,68.0909090909091,68.26181818181819
401574430,"February 03, 2024",Stetson Hatters,56,73,False,77.84,68.41666666666667,68.23625
401575339,"February 07, 2024",Stetson Hatters,56,84,False,64.56,68.76923076923077,68.975
401599994,"February 28, 2024",Stetson Hatters,56,86,False,62.095,69.85714285714286,68.65964285714286
401574511,"January 10, 2024",Stetson Hatters,56,70,False,76.77,67.375,67.751875
401574537,"January 12, 2024",Stetson Hatters,56,84,False,69.88499999999999,67.66666666666667,68.75388888888888
401593875,"January 20, 2024",Stetson Hatters,56,56,False,62.21,69.3,68.86699999999999
401574533,"March 01, 2024",Stetson Hatters,56,59,False,63.28,70.93333333333334,68.22200000000001
401597297,"November 11, 2023",Stetson Hatters,56,55,False,64.815,0.0,0.0
401575436,"November 13, 2023",Stetson Hatters,56,48,False,62.675,55.0,64.815
401575463,"November 26, 2023",Stetson Hatters,56,85,False,76.84,51.5,63.745
401589298,"December 06, 2023",Stonehill Skyhawks,284,63,False,65.63,64.83333333333333,75.73416666666667
401589299,"December 08, 2023",Stonehill Skyhawks,284,56,False,73.05,64.57142857142857,74.29071428571429
401574613,"December 11, 2023",Stonehill Skyhawks,284,62,False,76.165,63.5,74.135625
401588939,"December 21, 2023",Stonehill Skyhawks,284,59,False,76.745,63.333333333333336,74.36111111111111
401589301,"December 30, 2023",Stonehill Skyhawks,284,58,False,70.49,62.9,74.5995
401589456,"February 01, 2024",Stonehill Skyhawks,284,72,False,73.095,61.46666666666667,73.02199999999999
401589396,"February 10, 2024",Stonehill Skyhawks,284,63,False,67.7,62.125,73.0265625
401589460,"February 17, 2024",Stonehill Skyhawks,284,67,False,76.235,62.1764705882353,72.71323529411765
401589451,"January 13, 2024",Stonehill Skyhawks,284,74,False,85.235,62.45454545454545,74.2259090909091
401589452,"January 15, 2024",Stonehill Skyhawks,284,54,False,61.235,63.416666666666664,75.14333333333333
401589454,"January 21, 2024",Stonehill Skyhawks,284,47,False,69.49,62.69230769230769,74.07346153846154
401589455,"January 25, 2024",Stonehill Skyhawks,284,60,False,62.885,61.57142857142857,73.74607142857143
401589462,"March 02, 2024",Stonehill Skyhawks,284,67,False,66.955,62.44444444444444,72.9088888888889
401581072,"November 06, 2023",Stonehill Skyhawks,284,44,False,76.42,0.0,0.0
401589296,"November 11, 2023",Stonehill Skyhawks,284,67,False,76.885,44.0,76.42
401577542,"November 14, 2023",Stonehill Skyhawks,284,56,False,78.7,55.5,76.6525
401588944,"November 17, 2023",Stonehill Skyhawks,284,67,False,74.28,55.666666666666664,77.335
401589297,"November 20, 2023",Stonehill Skyhawks,284,86,False,76.84,58.5,76.57125
401577686,"November 26, 2023",Stonehill Skyhawks,284,69,False,71.28,64.0,76.625
401584405,"December 17, 2023",Stony Brook Seawolves,2619,78,False,73.35,67.75,70.025
401592436,"December 21, 2023",Stony Brook Seawolves,2619,55,False,78.095,69.8,70.69
401600701,"February 01, 2024",Stony Brook Seawolves,2619,71,False,66.63,66.1,69.946
401600713,"February 08, 2024",Stony Brook Seawolves,2619,79,False,69.63,66.54545454545455,69.64454545454545
401600718,"February 10, 2024",Stony Brook Seawolves,2619,77,False,70.165,67.58333333333333,69.64333333333333
401600733,"February 17, 2024",Stony Brook Seawolves,2619,61,False,68.49,68.3076923076923,69.68346153846154
401600754,"February 29, 2024",Stony Brook Seawolves,2619,86,False,76.12,67.78571428571429,69.59821428571429
401600624,"January 04, 2024",Stony Brook Seawolves,2619,62,False,66.42,67.33333333333333,71.92416666666666
401600658,"January 11, 2024",Stony Brook Seawolves,2619,64,False,69.235,66.57142857142857,71.13785714285714
401600664,"January 13, 2024",Stony Brook Seawolves,2619,63,False,68.49000000000001,66.25,70.9
401600672,"January 18, 2024",Stony Brook Seawolves,2619,68,False,63.77,65.88888888888889,70.63222222222223
401630147,"March 10, 2024",Stony Brook Seawolves,2619,91,True,77.095,69.0,70.03299999999999
401630150,"March 11, 2024",Stony Brook Seawolves,2619,63,True,67.42,70.375,70.474375
401630151,"March 12, 2024",Stony Brook Seawolves,2619,79,True,73.095,69.94117647058823,70.29470588235294
401587132,"November 07, 2023",Stony Brook Seawolves,2619,74,False,69.095,0.0,0.0
401583850,"November 13, 2023",Stony Brook Seawolves,2619,63,False,69.42,74.0,69.095
401574833,"November 15, 2023",Stony Brook Seawolves,2619,63,False,71.35,68.5,69.2575
401587187,"November 29, 2023",Stony Brook Seawolves,2619,71,False,70.235,66.66666666666667,69.955
401604276,"November 08, 2023",Sul Ross State Lobos,nd-sul-ross-state-lobos,49,False,74.675,0.0,0.0
401604093,"December 02, 2023",Syracuse Orange,183,62,False,68.165,81.0,74.35
401575486,"December 09, 2023",Syracuse Orange,183,80,False,69.305,74.66666666666667,72.28833333333334
401586913,"December 17, 2023",Syracuse Orange,183,83,True,78.375,76.0,71.5425
401604168,"February 03, 2024",Syracuse Orange,183,70,False,75.165,73.77777777777777,73.61444444444444
401604195,"February 17, 2024",Syracuse Orange,183,60,False,72.095,73.4,73.76950000000001
401604200,"February 20, 2024",Syracuse Orange,183,87,False,69.515,72.18181818181819,73.61727272727272
401604100,"January 02, 2024",Syracuse Orange,183,66,False,75.095,77.4,72.909
401604123,"January 13, 2024",Syracuse Orange,183,67,False,86.445,75.5,73.27333333333333
401604130,"January 16, 2024",Syracuse Orange,183,69,False,62.955,74.28571428571429,75.155
401604158,"January 30, 2024",Syracuse Orange,183,75,False,73.49,73.625,73.63
401604222,"March 02, 2024",Syracuse Orange,183,82,False,77.86500000000001,73.41666666666667,73.27541666666667
401604228,"March 05, 2024",Syracuse Orange,183,75,False,66.56,74.07692307692308,73.62846153846155
401581596,"November 21, 2023",Syracuse Orange,183,57,True,71.42,0.0,0.0
401581601,"November 22, 2023",Syracuse Orange,183,105,True,77.28,57.0,71.42
401574565,"December 02, 2023",TCU Horned Frogs,2628,84,False,72.095,0.0,0.0
401578015,"December 09, 2023",TCU Horned Frogs,2628,66,True,70.84,84.0,72.095
401581338,"December 21, 2023",TCU Horned Frogs,2628,111,True,84.515,75.0,71.4675
401581560,"December 24, 2023",TCU Horned Frogs,2628,65,False,70.88499999999999,87.0,75.81666666666666
401603466,"February 10, 2024",TCU Horned Frogs,2628,59,False,60.56,82.875,75.525625
401603478,"February 17, 2024",TCU Horned Frogs,2628,75,False,70.515,80.22222222222223,73.86277777777778
401603485,"February 20, 2024",TCU Horned Frogs,2628,81,False,73.235,79.7,73.52799999999999
401603400,"January 06, 2024",TCU Horned Frogs,2628,81,False,72.165,81.5,74.58375
401603420,"January 16, 2024",TCU Horned Frogs,2628,77,False,78.235,81.4,74.1
401603436,"January 23, 2024",TCU Horned Frogs,2628,74,False,65.63,80.66666666666667,74.78916666666667
401603439,"January 27, 2024",TCU Horned Frogs,2628,105,False,89.84,79.71428571428571,73.48071428571428
401603504,"March 02, 2024",TCU Horned Frogs,2628,75,False,71.885,79.81818181818181,73.50136363636364
401603516,"March 06, 2024",TCU Horned Frogs,2628,93,False,73.91,79.41666666666667,73.36666666666666
401625441,"March 14, 2024",TCU Horned Frogs,2628,45,True,65.49,80.46153846153847,73.40846153846154
401581807,"December 12, 2023",Tabor,nd-tabor,57,False,66.815,0.0,0.0
401597994,"December 29, 2023",Talladega Tornadoes,nd-talladega-tornadoes,50,False,66.98,0.0,0.0
401575524,"December 21, 2023",Tarleton State Texans,2627,46,False,62.885000000000005,64.66666666666667,66.98666666666666
401590984,"December 29, 2023",Tarleton State Texans,2627,79,False,61.49,62.0,66.40071428571429
401574095,"February 01, 2024",Tarleton State Texans,2627,76,False,73.63,63.72727272727273,66.06318181818182
401574103,"February 08, 2024",Tarleton State Texans,2627,72,False,71.49,64.75,66.69375000000001
401574106,"February 10, 2024",Tarleton State Texans,2627,82,False,71.235,65.3076923076923,67.06269230769232
401574115,"February 15, 2024",Tarleton State Texans,2627,80,False,72.98,66.5,67.36071428571428
401574135,"February 29, 2024",Tarleton State Texans,2627,85,False,78.05,67.4,67.73533333333333
401574063,"January 11, 2024",Tarleton State Texans,2627,63,False,63.025000000000006,64.125,65.786875
401574069,"January 13, 2024",Tarleton State Texans,2627,48,False,63.21,64.0,65.48
401574081,"January 20, 2024",Tarleton State Texans,2627,77,False,74.165,62.4,65.253
401574139,"March 02, 2024",Tarleton State Texans,2627,88,False,71.7,68.5,68.38
401575425,"November 06, 2023",Tarleton State Texans,2627,50,False,65.86500000000001,0.0,0.0
401608781,"November 09, 2023",Tarleton State Texans,2627,82,False,76.63,50.0,65.86500000000001
401587206,"November 14, 2023",Tarleton State Texans,2627,63,False,69.88499999999999,66.0,71.2475
401604305,"November 20, 2023",Tarleton State Texans,2627,66,True,62.815,65.0,70.79333333333334
401604307,"November 22, 2023",Tarleton State Texans,2627,59,True,54.815,65.25,68.79875
401574045,"November 29, 2023",Tarleton State Texans,2627,68,False,71.91,64.0,66.002
401604301,"December 02, 2023",Temple Owls,218,65,True,68.7,70.5,68.07249999999999
401582145,"December 10, 2023",Temple Owls,218,78,True,75.63,68.66666666666667,68.28166666666667
401576144,"December 16, 2023",Temple Owls,218,78,False,70.955,71.0,70.11875
401581555,"December 22, 2023",Temple Owls,218,63,True,66.35,72.4,70.286
401581557,"December 24, 2023",Temple Owls,218,55,True,69.63,70.83333333333333,69.63
401602118,"February 04, 2024",Temple Owls,218,80,False,77.725,66.0909090909091,68.92181818181818
401602135,"February 15, 2024",Temple Owls,218,68,False,65.84,67.25,69.65541666666667
401602156,"February 25, 2024",Temple Owls,218,72,False,73.235,67.3076923076923,69.36192307692308
401602157,"February 28, 2024",Temple Owls,218,65,False,59.35,67.64285714285714,69.63857142857142
401602059,"January 04, 2024",Temple Owls,218,68,False,73.095,68.57142857142857,69.63
401602075,"January 13, 2024",Temple Owls,218,51,False,58.095,68.5,70.063125
401602081,"January 16, 2024",Temple Owls,218,64,False,66.375,66.55555555555556,68.73333333333333
401602103,"January 28, 2024",Temple Owls,218,64,False,73.165,66.3,68.4975
401602180,"March 10, 2024",Temple Owls,218,84,False,73.445,67.46666666666667,68.95266666666666
401625465,"March 14, 2024",Temple Owls,218,75,True,66.095,68.5,69.2334375
401625469,"March 15, 2024",Temple Owls,218,58,True,62.375,68.88235294117646,69.04882352941176
401625471,"March 16, 2024",Temple Owls,218,74,True,72.84,68.27777777777777,68.67805555555555
401625472,"March 17, 2024",Temple Owls,218,69,True,73.095,68.57894736842105,68.8971052631579
401593850,"November 10, 2023",Temple Owls,218,75,False,68.77,0.0,0.0
401593851,"November 14, 2023",Temple Owls,218,66,False,67.375,75.0,68.77
401593937,"December 10, 2023",Tennessee State Tigers,2634,71,False,73.56,79.0,74.31125
401584375,"December 13, 2023",Tennessee State Tigers,2634,52,False,63.955,77.4,74.161
401594426,"December 19, 2023",Tennessee State Tigers,2634,69,False,74.4,73.16666666666667,72.46
401587306,"February 08, 2024",Tennessee State Tigers,2634,65,False,66.235,69.54545454545455,71.06181818181818
401587312,"February 10, 2024",Tennessee State Tigers,2634,77,False,66.025,69.16666666666667,70.65958333333333
401587315,"February 13, 2024",Tennessee State Tigers,2634,50,False,66.815,69.76923076923077,70.30307692307693
401587340,"February 29, 2024",Tennessee State Tigers,2634,60,False,72.77,68.35714285714286,70.05392857142857
401587262,"January 04, 2024",Tennessee State Tigers,2634,67,False,74.235,72.57142857142857,72.73714285714286
401587265,"January 06, 2024",Tennessee State Tigers,2634,68,False,68.63,71.875,72.924375
401587283,"January 20, 2024",Tennessee State Tigers,2634,58,False,61.745,71.44444444444444,72.44722222222222
401587288,"January 27, 2024",Tennessee State Tigers,2634,64,False,67.91,70.1,71.377
401587347,"March 02, 2024",Tennessee State Tigers,2634,87,False,75.375,67.8,70.235
401625575,"March 07, 2024",Tennessee State Tigers,2634,59,True,72.885,69.0,70.55625
401583839,"November 15, 2023",Tennessee State Tigers,2634,75,False,73.305,0.0,0.0
401594463,"November 17, 2023",Tennessee State Tigers,2634,67,False,71.63,75.0,73.305
401582162,"November 25, 2023",Tennessee State Tigers,2634,91,True,70.445,71.0,72.4675
401594465,"November 29, 2023",Tennessee State Tigers,2634,83,False,81.86500000000001,77.66666666666667,71.79333333333334
401594471,"December 10, 2023",Tennessee Tech Golden Eagles,2635,72,False,69.77,65.4,70.849
401587221,"December 20, 2023",Tennessee Tech Golden Eagles,2635,51,False,74.16499999999999,66.5,70.66916666666667
401587309,"February 08, 2024",Tennessee Tech Golden Eagles,2635,69,False,67.21,62.416666666666664,69.38791666666667
401587311,"February 10, 2024",Tennessee Tech Golden Eagles,2635,62,False,72.42,62.92307692307692,69.22038461538462
401587342,"February 29, 2024",Tennessee Tech Golden Eagles,2635,69,False,71.49,62.857142857142854,69.44892857142857
401587260,"January 04, 2024",Tennessee Tech Golden Eagles,2635,57,False,63.095,64.28571428571429,71.16857142857143
401587266,"January 06, 2024",Tennessee Tech Golden Eagles,2635,73,False,70.12,63.375,70.159375
401587279,"January 18, 2024",Tennessee Tech Golden Eagles,2635,53,False,63.56,64.44444444444444,70.155
401587284,"January 25, 2024",Tennessee Tech Golden Eagles,2635,59,False,66.88499999999999,63.3,69.49549999999999
401587292,"January 27, 2024",Tennessee Tech Golden Eagles,2635,57,False,70.815,62.90909090909091,69.25818181818181
401587344,"March 02, 2024",Tennessee Tech Golden Eagles,2635,43,False,65.305,63.266666666666666,69.585
401575517,"November 06, 2023",Tennessee Tech Golden Eagles,2635,42,False,70.16499999999999,0.0,0.0
401594429,"November 10, 2023",Tennessee Tech Golden Eagles,2635,72,False,69.77,42.0,70.16499999999999
401594469,"November 19, 2023",Tennessee Tech Golden Eagles,2635,63,False,64.84,57.0,69.9675
401594073,"November 22, 2023",Tennessee Tech Golden Eagles,2635,79,False,79.235,59.0,68.25833333333333
401587114,"November 30, 2023",Tennessee Tech Golden Eagles,2635,71,False,70.235,64.0,71.0025
401597163,"February 03, 2024",Tennessee Volunteers,2633,103,False,76.91,75.5,73.531875
401597181,"February 10, 2024",Tennessee Volunteers,2633,69,False,69.375,78.55555555555556,73.90722222222222
401597186,"February 14, 2024",Tennessee Volunteers,2633,92,False,74.84,77.6,73.454
401597194,"February 20, 2024",Tennessee Volunteers,2633,72,False,68.235,78.9090909090909,73.58
401597122,"January 10, 2024",Tennessee Volunteers,2633,72,False,75.445,74.4,75.11
401597126,"January 13, 2024",Tennessee Volunteers,2633,85,False,74.305,74.0,75.16583333333334
401597156,"January 27, 2024",Tennessee Volunteers,2633,75,False,62.955,75.57142857142857,75.04285714285713
401597215,"March 02, 2024",Tennessee Volunteers,2633,81,False,75.515,78.33333333333333,73.13458333333334
401597225,"March 06, 2024",Tennessee Volunteers,2633,66,False,63.35,78.53846153846153,73.31769230769231
401575518,"November 10, 2023",Tennessee Volunteers,2633,80,False,72.305,0.0,0.0
401575873,"November 20, 2023",Tennessee Volunteers,2633,73,True,78.095,80.0,72.305
401581594,"November 21, 2023",Tennessee Volunteers,2633,67,True,73.05,76.5,75.2
401581599,"November 22, 2023",Tennessee Volunteers,2633,60,True,73.77000000000001,73.33333333333333,74.48333333333333
401574552,"November 29, 2023",Tennessee Volunteers,2633,92,False,78.33,70.0,74.305
401594565,"December 10, 2023",Tennessee Wesleyan Bulldogs,nd-tennessee-wesleyan-bulldogs,51,False,75.35,0.0,0.0
401575440,"December 16, 2023",Texas A&M Aggies,245,66,True,60.28,72.2,67.863
401597175,"February 07, 2024",Texas A&M Aggies,245,79,False,64.165,70.22222222222223,67.845
401597183,"February 13, 2024",Texas A&M Aggies,245,73,False,61.63,71.1,67.477
401597189,"February 17, 2024",Texas A&M Aggies,245,75,False,75.955,71.27272727272727,66.94545454545454
401597206,"February 24, 2024",Texas A&M Aggies,245,51,False,74.63,71.58333333333333,67.69625
401597116,"January 09, 2024",Texas A&M Aggies,245,55,False,68.91,71.16666666666667,66.59916666666668
401597131,"January 16, 2024",Texas A&M Aggies,245,77,False,77.4,68.85714285714286,66.92928571428571
401597139,"January 20, 2024",Texas A&M Aggies,245,73,False,64.7,69.875,68.238125
401597217,"March 02, 2024",Texas A&M Aggies,245,70,False,67.095,70.0,68.22961538461539
401597231,"March 09, 2024",Texas A&M Aggies,245,86,False,68.56,70.0,68.14857142857143
401625455,"March 15, 2024",Texas A&M Aggies,245,97,True,78.05,71.06666666666666,68.176
401625458,"March 16, 2024",Texas A&M Aggies,245,90,True,75.725,72.6875,68.793125
401575510,"November 10, 2023",Texas A&M Aggies,245,73,False,65.305,0.0,0.0
401575511,"November 14, 2023",Texas A&M Aggies,245,79,False,71.445,73.0,65.305
401581565,"November 24, 2023",Texas A&M Aggies,245,89,True,67.7,76.0,68.375
401581570,"November 26, 2023",Texas A&M Aggies,245,73,True,74.445,80.33333333333333,68.14999999999999
401574553,"November 29, 2023",Texas A&M Aggies,245,47,False,60.42,78.5,69.72375
401604784,"December 15, 2023",Texas A&M-Corpus Christi Islanders,357,86,False,76.165,63.5,74.8225
401583731,"December 22, 2023",Texas A&M-Corpus Christi Islanders,357,55,False,68.16499999999999,68.0,75.09100000000001
401579023,"February 10, 2024",Texas A&M-Corpus Christi Islanders,357,67,False,75.725,70.0909090909091,71.6009090909091
401579062,"February 12, 2024",Texas A&M-Corpus Christi Islanders,357,63,False,67.77,69.83333333333333,71.94458333333334
401581798,"February 24, 2024",Texas A&M-Corpus Christi Islanders,357,75,False,71.58500000000001,69.3076923076923,71.62346153846154
401578978,"February 26, 2024",Texas A&M-Corpus Christi Islanders,357,91,False,73.91,69.71428571428571,71.62071428571429
401600980,"January 06, 2024",Texas A&M-Corpus Christi Islanders,357,75,False,68.7,65.83333333333333,73.93666666666667
401579043,"January 13, 2024",Texas A&M-Corpus Christi Islanders,357,80,False,75.98,67.14285714285714,73.18857142857144
401579077,"January 15, 2024",Texas A&M-Corpus Christi Islanders,357,73,False,62.30500000000001,68.75,73.5375
401579070,"January 27, 2024",Texas A&M-Corpus Christi Islanders,357,79,False,68.98,69.22222222222223,72.28944444444444
401579087,"January 29, 2024",Texas A&M-Corpus Christi Islanders,357,69,False,68.025,70.2,71.9585
401575435,"November 11, 2023",Texas A&M-Corpus Christi Islanders,357,50,False,74.42,0.0,0.0
401597887,"November 16, 2023",Texas A&M-Corpus Christi Islanders,357,64,False,73.445,50.0,74.42
401594231,"November 22, 2023",Texas A&M-Corpus Christi Islanders,357,73,False,75.58500000000001,57.0,73.9325
401604332,"November 29, 2023",Texas A&M-Corpus Christi Islanders,357,67,False,75.84,62.333333333333336,74.48333333333333
401574566,"December 06, 2023",Texas Longhorns,251,65,False,73.49,81.0,67.305
401603455,"February 03, 2024",Texas Longhorns,251,77,False,64.745,73.33333333333333,69.45583333333333
401603476,"February 17, 2024",Texas Longhorns,251,61,False,66.91,73.85714285714286,68.78285714285714
401603491,"February 24, 2024",Texas Longhorns,251,67,False,72.445,72.25,68.54875
401603500,"February 27, 2024",Texas Longhorns,251,81,False,71.05,71.66666666666667,68.98166666666667
401603406,"January 09, 2024",Texas Longhorns,251,74,False,68.35,73.0,70.39750000000001
401603418,"January 13, 2024",Texas Longhorns,251,73,False,74.935,73.33333333333333,69.71499999999999
401603435,"January 23, 2024",Texas Longhorns,251,75,False,68.095,73.25,71.02
401603440,"January 27, 2024",Texas Longhorns,251,72,False,64.56,73.6,70.435
401603510,"March 04, 2024",Texas Longhorns,251,85,False,71.235,72.6,69.1885
401591375,"November 19, 2023",Texas Longhorns,251,81,True,67.305,0.0,0.0
401604785,"December 18, 2023",Texas Lutheran Bulldogs,nd-texas-lutheran-bulldogs,50,False,81.91,0.0,0.0
401581732,"December 16, 2023",Texas Southern Tigers,2640,79,True,71.12,55.857142857142854,68.67642857142857
401598029,"February 03, 2024",Texas Southern Tigers,2640,80,False,76.305,59.25,69.69791666666667
401598909,"February 10, 2024",Texas Southern Tigers,2640,78,False,80.91,60.84615384615385,70.20615384615384
401574637,"February 12, 2024",Texas Southern Tigers,2640,79,False,72.655,62.07142857142857,70.9707142857143
401603006,"February 24, 2024",Texas Southern Tigers,2640,73,False,70.42,63.2,71.083
401603007,"February 26, 2024",Texas Southern Tigers,2640,77,False,69.42,63.8125,71.0415625
401603000,"January 06, 2024",Texas Southern Tigers,2640,51,False,75.095,58.75,68.981875
401603001,"January 08, 2024",Texas Southern Tigers,2640,54,False,66.885,57.888888888888886,69.66111111111111
401602349,"January 20, 2024",Texas Southern Tigers,2640,72,False,66.16499999999999,57.5,69.3835
401583824,"January 22, 2024",Texas Southern Tigers,2640,64,False,76.375,58.81818181818182,69.0909090909091
401625677,"March 16, 2024",Texas Southern Tigers,2640,66,True,66.58500000000001,64.58823529411765,70.94617647058824
401581868,"November 06, 2023",Texas Southern Tigers,2640,55,False,77.445,0.0,0.0
401581869,"November 11, 2023",Texas Southern Tigers,2640,52,False,73.98,55.0,77.445
401575428,"November 16, 2023",Texas Southern Tigers,2640,33,False,58.885,53.5,75.7125
401577593,"November 18, 2023",Texas Southern Tigers,2640,50,False,64.21,46.666666666666664,70.10333333333334
401581870,"November 21, 2023",Texas Southern Tigers,2640,63,False,63.095,47.5,68.63
401581871,"November 25, 2023",Texas Southern Tigers,2640,71,False,65.305,50.6,67.523
401577642,"November 28, 2023",Texas Southern Tigers,2640,67,False,77.815,54.0,67.15333333333332
401598012,"December 15, 2023",Texas State Bobcats,326,73,False,69.305,65.5,71.4175
401575441,"December 21, 2023",Texas State Bobcats,326,37,False,71.305,66.57142857142857,71.11571428571429
401581667,"December 30, 2023",Texas State Bobcats,326,65,False,65.56,62.875,71.139375
401581710,"February 15, 2024",Texas State Bobcats,326,55,False,65.91,63.69230769230769,69.59115384615384
401581716,"February 17, 2024",Texas State Bobcats,326,74,False,69.77,63.07142857142857,69.32821428571428
401581652,"February 22, 2024",Texas State Bobcats,326,76,False,77.445,63.8,69.35766666666667
401581664,"February 24, 2024",Texas State Bobcats,326,68,False,71.91,64.5625,69.863125
401581614,"January 11, 2024",Texas State Bobcats,326,82,False,67.58500000000001,63.111111111111114,70.51944444444445
401581690,"January 13, 2024",Texas State Bobcats,326,67,False,61.305,65.0,70.226
401581717,"January 24, 2024",Texas State Bobcats,326,65,False,71.16499999999999,65.18181818181819,69.415
401581680,"January 28, 2024",Texas State Bobcats,326,46,False,69.955,65.16666666666667,69.56083333333333
401625593,"March 07, 2024",Texas State Bobcats,326,75,True,70.165,64.76470588235294,69.9835294117647
401625597,"March 09, 2024",Texas State Bobcats,326,74,True,71.7,65.33333333333333,69.99361111111111
401625600,"March 10, 2024",Texas State Bobcats,326,68,True,68.63,65.78947368421052,70.08342105263158
401598008,"November 06, 2023",Texas State Bobcats,326,66,False,76.515,0.0,0.0
401574586,"November 11, 2023",Texas State Bobcats,326,75,False,70.98,66.0,76.515
401584351,"November 14, 2023",Texas State Bobcats,326,54,False,71.885,70.5,73.7475
401598009,"November 22, 2023",Texas State Bobcats,326,67,True,68.165,65.0,73.12666666666667
401598010,"November 25, 2023",Texas State Bobcats,326,73,False,73.26,65.5,71.88625
401583728,"November 30, 2023",Texas State Bobcats,326,58,False,67.7,67.0,72.161
401603460,"February 06, 2024",Texas Tech Red Raiders,2641,73,False,69.56,75.85714285714286,69.87285714285714
401603477,"February 17, 2024",Texas Tech Red Raiders,2641,74,False,73.025,75.5,69.83375000000001
401603495,"February 24, 2024",Texas Tech Red Raiders,2641,61,False,68.7,75.33333333333333,70.18833333333333
401603404,"January 06, 2024",Texas Tech Red Raiders,2641,78,False,69.235,78.66666666666667,72.10333333333334
401603423,"January 17, 2024",Texas Tech Red Raiders,2641,54,False,58.605,78.5,71.38625
401603444,"January 27, 2024",Texas Tech Red Raiders,2641,85,False,72.84,73.6,68.83
401603449,"January 30, 2024",Texas Tech Red Raiders,2641,78,False,72.12,75.5,69.49833333333333
401603509,"March 02, 2024",Texas Tech Red Raiders,2641,81,False,67.095,73.9,70.0395
401603513,"March 05, 2024",Texas Tech Red Raiders,2641,75,False,66.955,74.54545454545455,69.77181818181818
401625444,"March 15, 2024",Texas Tech Red Raiders,2641,59,True,64.49,74.58333333333333,69.53708333333334
401580923,"November 22, 2023",Texas Tech Red Raiders,2641,69,True,71.77000000000001,0.0,0.0
401581519,"November 23, 2023",Texas Tech Red Raiders,2641,72,True,66.16499999999999,69.0,71.77000000000001
401574559,"November 30, 2023",Texas Tech Red Raiders,2641,95,False,78.375,70.5,68.9675
401581729,"December 02, 2023",The Citadel Bulldogs,2643,85,False,68.63,60.75,64.50125
401577653,"December 14, 2023",The Citadel Bulldogs,2643,71,False,71.63,65.6,65.327
401582014,"December 19, 2023",The Citadel Bulldogs,2643,65,False,69.025,66.5,66.3775
401587934,"February 03, 2024",The Citadel Bulldogs,2643,60,False,69.025,65.81818181818181,67.20454545454545
401587939,"February 07, 2024",The Citadel Bulldogs,2643,64,False,66.35,65.33333333333333,67.35625
401587948,"February 10, 2024",The Citadel Bulldogs,2643,64,False,67.305,65.23076923076923,67.27884615384616
401587963,"February 21, 2024",The Citadel Bulldogs,2643,78,False,66.49,65.14285714285714,67.2807142857143
401587899,"January 10, 2024",The Citadel Bulldogs,2643,68,False,69.28,66.28571428571429,66.75571428571429
401587911,"January 17, 2024",The Citadel Bulldogs,2643,67,False,60.955,66.5,67.07125
401587917,"January 20, 2024",The Citadel Bulldogs,2643,63,False,74.84,66.55555555555556,66.39166666666667
401587924,"January 27, 2024",The Citadel Bulldogs,2643,62,False,66.88499999999999,66.2,67.2365
401587974,"March 02, 2024",The Citadel Bulldogs,2643,80,False,74.91,66.0,67.228
401625580,"March 08, 2024",The Citadel Bulldogs,2643,76,True,74.305,66.875,67.708125
401583589,"November 06, 2023",The Citadel Bulldogs,2643,59,False,68.745,0.0,0.0
401594071,"November 13, 2023",The Citadel Bulldogs,2643,64,False,73.165,59.0,68.745
401593992,"November 20, 2023",The Citadel Bulldogs,2643,62,True,60.745,61.5,70.95500000000001
401596808,"November 22, 2023",The Citadel Bulldogs,2643,58,False,55.35,61.666666666666664,67.55166666666666
401600290,"December 18, 2023",Thomas (ME) Terriers,nd-thomas-me-terriers,48,False,70.14,0.0,0.0
401597993,"December 21, 2023",Thomas (ME) Terriers,nd-thomas-me-terriers,75,False,75.165,48.0,70.14
401598586,"November 14, 2023",Tiffin Dragons,nd-tiffin-dragons,65,False,65.885,0.0,0.0
401601462,"December 19, 2023",Toccoa Falls Eagles,nd-toccoa-falls-eagles,45,False,83.77,59.0,76.095
401600060,"December 29, 2023",Toccoa Falls Eagles,nd-toccoa-falls-eagles,62,False,78.745,52.0,79.9325
401607047,"December 30, 2023",Toccoa Falls Eagles,nd-toccoa-falls-eagles,76,False,74.56,55.333333333333336,79.53666666666668
401597894,"November 06, 2023",Toccoa Falls Eagles,nd-toccoa-falls-eagles,59,False,76.095,0.0,0.0
401577694,"December 06, 2023",Toledo Rockets,2649,69,False,69.095,74.5,68.095
401575477,"December 23, 2023",Toledo Rockets,2649,81,False,74.49,72.66666666666667,68.42833333333333
401588671,"February 02, 2024",Toledo Rockets,2649,70,False,70.91,78.125,70.571875
401588673,"February 06, 2024",Toledo Rockets,2649,91,False,73.515,77.22222222222223,70.60944444444445
401634070,"February 10, 2024",Toledo Rockets,2649,104,False,92.095,78.6,70.9
401588696,"February 23, 2024",Toledo Rockets,2649,68,False,68.56,80.9090909090909,72.82681818181818
401588614,"January 02, 2024",Toledo Rockets,2649,86,False,69.235,74.75,69.94375
401588628,"January 09, 2024",Toledo Rockets,2649,89,False,74.58500000000001,77.0,69.80199999999999
401588646,"January 19, 2024",Toledo Rockets,2649,62,False,72.025,79.0,70.59916666666668
401588654,"January 23, 2024",Toledo Rockets,2649,89,False,68.955,76.57142857142857,70.80285714285715
401588706,"March 02, 2024",Toledo Rockets,2649,85,False,75.05,79.83333333333333,72.47125
401588711,"March 05, 2024",Toledo Rockets,2649,97,False,74.63,80.23076923076923,72.66961538461538
401577692,"November 14, 2023",Toledo Rockets,2649,78,False,65.88499999999999,0.0,0.0
401583854,"November 22, 2023",Toledo Rockets,2649,71,True,70.305,78.0,65.88499999999999
401587145,"December 01, 2023",Towson Tigers,119,48,True,59.21,62.666666666666664,62.343333333333334
401582135,"December 09, 2023",Towson Tigers,119,89,False,67.955,59.0,61.56
401587146,"December 16, 2023",Towson Tigers,119,93,True,98.33,65.0,62.839
401600703,"February 03, 2024",Towson Tigers,119,56,False,58.21,66.9,66.786
401600728,"February 15, 2024",Towson Tigers,119,61,False,62.42,65.9090909090909,66.00636363636364
401600734,"February 17, 2024",Towson Tigers,119,61,False,66.165,65.5,65.7075
401600755,"February 29, 2024",Towson Tigers,119,84,False,72.955,65.15384615384616,65.74269230769231
401600625,"January 04, 2024",Towson Tigers,119,43,False,65.28,69.66666666666667,68.75416666666666
401600665,"January 13, 2024",Towson Tigers,119,59,False,56.05,65.85714285714286,68.25785714285715
401600673,"January 18, 2024",Towson Tigers,119,82,False,66.77,65.0,66.731875
401600693,"January 27, 2024",Towson Tigers,119,67,False,67.235,66.88888888888889,66.73611111111111
401600763,"March 02, 2024",Towson Tigers,119,64,False,65.05,66.5,66.25785714285715
401630146,"March 10, 2024",Towson Tigers,119,66,True,61.095,66.33333333333333,66.17733333333334
401630149,"March 11, 2024",Towson Tigers,119,56,True,66.16499999999999,66.3125,65.8596875
401587141,"November 06, 2023",Towson Tigers,119,57,False,65.7,0.0,0.0
401587142,"November 09, 2023",Towson Tigers,119,70,False,61.77,57.0,65.7
401581547,"November 17, 2023",Towson Tigers,119,61,True,59.56,63.5,63.735
401597437,"December 31, 2023",Trevecca Nazarene Trojans,nd-trevecca-nazarene-trojans,67,False,77.025,0.0,0.0
401608784,"December 16, 2023",Trinity (FL) Tigers,nd-trinity-fl-tigers,55,False,92.585,46.0,89.095
401574617,"November 10, 2023",Trinity (FL) Tigers,nd-trinity-fl-tigers,46,False,89.095,0.0,0.0
401599989,"December 14, 2023",Trinity Baptist Eagles,nd-trinity-baptist-eagles,54,False,75.84,58.5,84.99000000000001
401584345,"December 16, 2023",Trinity Baptist Eagles,nd-trinity-baptist-eagles,72,False,84.605,57.0,81.94
401600231,"November 06, 2023",Trinity Baptist Eagles,nd-trinity-baptist-eagles,54,False,79.885,0.0,0.0
401574618,"November 15, 2023",Trinity Baptist Eagles,nd-trinity-baptist-eagles,63,False,90.095,54.0,79.885
401594436,"November 06, 2023",Trinity Christian (IL) Trolls,nd-trinity-christian-il-trolls,61,False,87.56,0.0,0.0
401577536,"December 09, 2023",Troy Trojans,2653,70,False,66.7,75.33333333333333,79.04166666666667
401591573,"December 19, 2023",Troy Trojans,2653,53,False,70.49000000000001,74.0,75.95625
401581628,"December 30, 2023",Troy Trojans,2653,72,False,68.375,69.8,74.863
401581649,"February 01, 2024",Troy Trojans,2653,84,False,72.375,69.375,72.435625
401581660,"February 03, 2024",Troy Trojans,2653,78,False,70.63,71.0,72.42888888888889
401581625,"February 22, 2024",Troy Trojans,2653,71,False,72.375,71.7,72.249
401581695,"February 24, 2024",Troy Trojans,2653,84,False,75.305,71.63636363636364,72.26045454545455
401581686,"February 28, 2024",Troy Trojans,2653,87,False,78.47,72.66666666666667,72.51416666666667
401581707,"January 18, 2024",Troy Trojans,2653,71,False,71.84,70.16666666666667,73.78166666666667
401581714,"January 20, 2024",Troy Trojans,2653,63,False,64.955,70.28571428571429,73.50428571428571
401581718,"March 01, 2024",Troy Trojans,2653,79,False,78.12,73.76923076923077,72.9723076923077
401574578,"November 08, 2023",Troy Trojans,2653,70,False,76.375,0.0,0.0
401591566,"November 10, 2023",Troy Trojans,2653,80,False,90.865,70.0,76.375
401591570,"November 27, 2023",Troy Trojans,2653,76,False,69.885,75.0,83.62
401590925,"January 03, 2024",Truett-McConnell Bears,nd-truett-mcconnell-bears,70,False,84.445,0.0,0.0
401587212,"December 28, 2023",Truman State Bulldogs,nd-truman-state-bulldogs,47,False,67.63,0.0,0.0
401586893,"December 03, 2023",Tulane Green Wave,2655,89,False,76.35,0.0,0.0
401597985,"December 09, 2023",Tulane Green Wave,2655,76,True,79.63,89.0,76.35
401602111,"February 01, 2024",Tulane Green Wave,2655,76,False,73.56,78.66666666666667,77.1575
401602127,"February 11, 2024",Tulane Green Wave,2655,78,False,78.655,78.28571428571429,76.64357142857143
401602140,"February 18, 2024",Tulane Green Wave,2655,67,False,66.7,78.25,76.895
401602063,"January 06, 2024",Tulane Green Wave,2655,56,False,64.7,82.5,77.99
401602078,"January 14, 2024",Tulane Green Wave,2655,94,False,88.515,73.66666666666667,73.56
401602084,"January 17, 2024",Tulane Green Wave,2655,69,False,77.7,78.75,77.29875
401602097,"January 24, 2024",Tulane Green Wave,2655,88,False,76.05,76.8,77.37899999999999
401602163,"March 02, 2024",Tulane Green Wave,2655,73,False,73.98,77.0,75.76222222222222
401602169,"March 05, 2024",Tulane Green Wave,2655,72,False,74.42,76.6,75.584
401625464,"March 14, 2024",Tulane Green Wave,2655,71,True,70.235,76.18181818181819,75.47818181818182
401594604,"December 02, 2023",Tulsa Golden Hurricane,202,70,False,69.655,82.0,78.165
401603542,"December 10, 2023",Tulsa Golden Hurricane,202,57,True,78.7,76.0,73.91
401602113,"February 03, 2024",Tulsa Golden Hurricane,202,70,False,81.12,71.0,74.65714285714286
401602132,"February 14, 2024",Tulsa Golden Hurricane,202,50,False,64.42,70.875,75.465
401602148,"February 21, 2024",Tulsa Golden Hurricane,202,63,False,78.235,68.55555555555556,74.23777777777778
401602160,"February 28, 2024",Tulsa Golden Hurricane,202,73,False,78.515,68.0,74.6375
401602065,"January 07, 2024",Tulsa Golden Hurricane,202,57,False,66.815,69.66666666666667,75.50666666666667
401602069,"January 10, 2024",Tulsa Golden Hurricane,202,76,False,70.91,66.5,73.33375000000001
401602088,"January 20, 2024",Tulsa Golden Hurricane,202,70,False,81.445,68.4,72.849
401602100,"January 27, 2024",Tulsa Golden Hurricane,202,85,False,76.91,68.66666666666667,74.28166666666667
401602165,"March 02, 2024",Tulsa Golden Hurricane,202,72,False,61.56,68.45454545454545,74.99
401625462,"March 14, 2024",Tulsa Golden Hurricane,202,79,True,72.12,68.75,73.87083333333334
401600084,"November 25, 2023",Tulsa Golden Hurricane,202,82,False,78.165,0.0,0.0
401604371,"December 15, 2023",Tusculum Pioneers,nd-tusculum-pioneers,43,False,80.165,0.0,0.0
401594614,"December 09, 2023",UAB Blazers,5,68,False,66.885,58.0,60.7
401597874,"December 13, 2023",UAB Blazers,5,93,False,72.26,63.0,63.792500000000004
401602117,"February 04, 2024",UAB Blazers,5,69,False,65.88499999999999,74.57142857142857,68.9692857142857
401602130,"February 11, 2024",UAB Blazers,5,70,False,69.025,73.875,68.58375
401602155,"February 25, 2024",UAB Blazers,5,78,False,70.63,73.44444444444444,68.63277777777778
401602056,"January 02, 2024",UAB Blazers,5,78,False,76.63,73.0,66.61500000000001
401602077,"January 14, 2024",UAB Blazers,5,73,False,72.49,74.25,69.11875
401602094,"January 23, 2024",UAB Blazers,5,70,False,61.98,74.0,69.793
401602109,"January 31, 2024",UAB Blazers,5,82,False,71.84,73.33333333333333,68.49083333333333
401602167,"March 03, 2024",UAB Blazers,5,87,False,78.26,73.9,68.83250000000001
401602173,"March 07, 2024",UAB Blazers,5,100,False,70.84,75.0909090909091,69.68954545454545
401625470,"March 16, 2024",UAB Blazers,5,93,True,71.05,77.16666666666667,69.78541666666666
401587151,"November 21, 2023",UAB Blazers,5,58,False,60.7,0.0,0.0
401582146,"December 16, 2023",UAlbany Great Danes,399,52,False,70.745,77.6,76.333
401577580,"December 22, 2023",UAlbany Great Danes,399,73,False,77.025,73.33333333333333,75.40166666666667
401576642,"December 28, 2023",UAlbany Great Danes,399,86,True,81.58500000000001,73.28571428571429,75.63357142857144
401581208,"February 01, 2024",UAlbany Great Danes,399,59,False,71.35,75.66666666666667,76.06458333333333
401581216,"February 08, 2024",UAlbany Great Danes,399,57,False,69.025,74.38461538461539,75.70192307692308
401581228,"February 17, 2024",UAlbany Great Danes,399,75,False,76.7,73.14285714285714,75.22500000000001
401581236,"February 24, 2024",UAlbany Great Danes,399,95,False,84.14500000000001,73.26666666666667,75.32333333333332
401581746,"January 02, 2024",UAlbany Great Danes,399,71,False,71.98,74.875,76.3775
401581180,"January 06, 2024",UAlbany Great Danes,399,79,False,72.095,74.44444444444444,75.88888888888889
401581200,"January 25, 2024",UAlbany Great Danes,399,73,False,77.235,74.9,75.5095
401581204,"January 27, 2024",UAlbany Great Danes,399,86,False,80.445,74.72727272727273,75.66636363636364
401581248,"March 05, 2024",UAlbany Great Danes,399,79,False,79.56,74.625,75.87468750000001
401625605,"March 09, 2024",UAlbany Great Danes,399,72,False,69.12,74.88235294117646,76.0914705882353
401581082,"November 07, 2023",UAlbany Great Danes,399,71,False,79.58500000000001,0.0,0.0
401582139,"November 11, 2023",UAlbany Great Danes,399,78,False,75.445,71.0,79.58500000000001
401582140,"November 15, 2023",UAlbany Great Danes,399,71,False,73.375,74.5,77.515
401577685,"November 19, 2023",UAlbany Great Danes,399,82,False,81.305,73.33333333333333,76.135
401582142,"November 26, 2023",UAlbany Great Danes,399,86,False,71.955,75.5,77.42750000000001
401590818,"December 06, 2023",UC Davis Aggies,302,68,False,73.54,62.0,68.63
401575412,"December 16, 2023",UC Davis Aggies,302,82,False,69.63,64.0,70.26666666666667
401573521,"February 01, 2024",UC Davis Aggies,302,79,False,72.63,70.71428571428571,70.91
401573529,"February 03, 2024",UC Davis Aggies,302,59,False,63.77,71.75,71.125
401573538,"February 10, 2024",UC Davis Aggies,302,70,False,70.445,70.33333333333333,70.30777777777777
401573555,"February 22, 2024",UC Davis Aggies,302,66,False,68.49,70.3,70.3215
401573559,"February 24, 2024",UC Davis Aggies,302,56,False,63.77,69.9090909090909,70.155
401573483,"January 04, 2024",UC Davis Aggies,302,83,False,70.98,68.5,70.1075
401573486,"January 06, 2024",UC Davis Aggies,302,71,False,76.655,71.4,70.282
401573502,"January 18, 2024",UC Davis Aggies,302,67,False,68.305,71.33333333333333,71.34416666666667
401573574,"March 07, 2024",UC Davis Aggies,302,70,False,62.235,68.75,69.62291666666667
401573580,"March 09, 2024",UC Davis Aggies,302,88,False,70.305,68.84615384615384,69.05461538461539
401597912,"November 12, 2023",UC Davis Aggies,302,65,False,65.88499999999999,0.0,0.0
401597914,"November 30, 2023",UC Davis Aggies,302,59,False,71.375,65.0,65.88499999999999
401597413,"December 02, 2023",UC Irvine Anteaters,300,69,False,66.49,71.0,70.672
401597932,"December 09, 2023",UC Irvine Anteaters,300,62,False,67.025,70.66666666666667,69.97500000000001
401603533,"December 20, 2023",UC Irvine Anteaters,300,65,False,76.98,69.42857142857143,69.55357142857143
401573479,"December 30, 2023",UC Irvine Anteaters,300,75,False,67.77,68.875,70.481875
401573525,"February 01, 2024",UC Irvine Anteaters,300,73,False,65.42,67.5,70.17458333333333
401573531,"February 08, 2024",UC Irvine Anteaters,300,76,False,63.745000000000005,67.92307692307692,69.80884615384615
401573537,"February 10, 2024",UC Irvine Anteaters,300,78,False,73.025,68.5,69.37571428571428
401573558,"February 24, 2024",UC Irvine Anteaters,300,88,False,77.655,69.13333333333334,69.619
401573565,"February 29, 2024",UC Irvine Anteaters,300,89,False,82.98,70.3125,70.12125
401573494,"January 11, 2024",UC Irvine Anteaters,300,60,False,62.955,69.55555555555556,70.18055555555556
401573508,"January 20, 2024",UC Irvine Anteaters,300,52,False,71.56,68.6,69.458
401573513,"January 25, 2024",UC Irvine Anteaters,300,72,False,75.955,67.0909090909091,69.6490909090909
401573577,"March 09, 2024",UC Irvine Anteaters,300,81,False,68.49,71.41176470588235,70.87764705882353
401602182,"November 07, 2023",UC Irvine Anteaters,300,64,False,72.305,0.0,0.0
401603531,"November 14, 2023",UC Irvine Anteaters,300,70,False,71.095,64.0,72.305
401603092,"November 21, 2023",UC Irvine Anteaters,300,76,True,69.095,67.0,71.7
401593832,"November 24, 2023",UC Irvine Anteaters,300,83,True,73.84,70.0,70.83166666666666
401597837,"November 29, 2023",UC Irvine Anteaters,300,62,False,67.025,73.25,71.58375000000001
401597917,"December 21, 2023",UC Merced Bobcats,nd-uc-merced-bobcats,57,False,66.095,69.0,63.98
401602969,"November 07, 2023",UC Merced Bobcats,nd-uc-merced-bobcats,69,False,63.98,0.0,0.0
401580932,"December 06, 2023",UC Riverside Highlanders,27,49,False,67.235,60.6,68.211
401573471,"December 28, 2023",UC Riverside Highlanders,27,66,False,72.375,58.666666666666664,68.04833333333333
401573530,"February 03, 2024",UC Riverside Highlanders,27,70,False,71.98,60.90909090909091,68.41227272727272
401573541,"February 15, 2024",UC Riverside Highlanders,27,81,False,71.77,61.666666666666664,68.70958333333333
401573548,"February 17, 2024",UC Riverside Highlanders,27,67,False,68.095,63.15384615384615,68.945
401573560,"February 24, 2024",UC Riverside Highlanders,27,84,False,67.165,63.42857142857143,68.88428571428571
401573488,"January 06, 2024",UC Riverside Highlanders,27,75,False,79.26,59.714285714285715,68.66642857142857
401573498,"January 13, 2024",UC Riverside Highlanders,27,56,False,61.235,61.625,69.990625
401573503,"January 18, 2024",UC Riverside Highlanders,27,56,False,67.7,61.0,69.01777777777778
401573512,"January 25, 2024",UC Riverside Highlanders,27,65,False,63.675,60.5,68.886
401573576,"March 09, 2024",UC Riverside Highlanders,27,81,False,64.745,64.8,68.76966666666667
401625534,"March 14, 2024",UC Riverside Highlanders,27,67,True,69.445,65.8125,68.518125
401600085,"November 10, 2023",UC Riverside Highlanders,27,53,False,69.745,0.0,0.0
401583838,"November 12, 2023",UC Riverside Highlanders,27,65,False,69.56,53.0,69.745
401583598,"November 17, 2023",UC Riverside Highlanders,27,52,False,71.235,59.0,69.6525
401581173,"November 22, 2023",UC Riverside Highlanders,27,68,False,64.955,56.666666666666664,70.18
401575803,"November 30, 2023",UC Riverside Highlanders,27,65,False,65.56,59.5,68.87375
401576686,"December 09, 2023",UC San Diego Tritons,28,62,False,62.49,64.33333333333333,71.01
401594055,"December 18, 2023",UC San Diego Tritons,28,83,False,68.025,63.75,68.88
401581773,"December 20, 2023",UC San Diego Tritons,28,67,False,69.375,67.6,68.709
401573528,"February 03, 2024",UC San Diego Tritons,28,76,False,63.84,73.0,67.465
401573534,"February 08, 2024",UC San Diego Tritons,28,86,False,72.84,73.25,67.16291666666667
401573552,"February 22, 2024",UC San Diego Tritons,28,77,False,71.165,74.23076923076923,67.59961538461539
401573563,"February 29, 2024",UC San Diego Tritons,28,57,False,69.095,74.42857142857143,67.85428571428572
401573482,"January 04, 2024",UC San Diego Tritons,28,79,False,63.7,67.5,68.82000000000001
401573487,"January 06, 2024",UC San Diego Tritons,28,76,False,61.955,69.14285714285714,68.08857142857143
401573499,"January 13, 2024",UC San Diego Tritons,28,86,False,66.56,70.0,67.321875
401573501,"January 18, 2024",UC San Diego Tritons,28,65,False,67.42,71.77777777777777,67.23722222222221
401573519,"January 27, 2024",UC San Diego Tritons,28,92,False,69.56,71.1,67.25550000000001
401573570,"March 02, 2024",UC San Diego Tritons,28,79,False,72.98,73.26666666666667,67.937
401583738,"November 24, 2023",UC San Diego Tritons,28,70,True,76.58500000000001,0.0,0.0
401594113,"November 26, 2023",UC San Diego Tritons,28,67,False,63.49,70.0,76.58500000000001
401581777,"November 28, 2023",UC San Diego Tritons,28,56,True,72.955,68.5,70.03750000000001
401601137,"December 06, 2023",UC Santa Barbara Gauchos,2540,61,False,78.165,72.5,73.875
401590982,"December 16, 2023",UC Santa Barbara Gauchos,2540,68,True,67.49,68.66666666666667,75.305
401573473,"December 28, 2023",UC Santa Barbara Gauchos,2540,62,False,76.305,68.5,73.35125000000001
401573476,"December 30, 2023",UC Santa Barbara Gauchos,2540,77,False,71.58500000000001,67.2,73.94200000000001
401573527,"February 03, 2024",UC Santa Barbara Gauchos,2540,70,False,62.515,72.11111111111111,72.08
401573543,"February 15, 2024",UC Santa Barbara Gauchos,2540,46,False,65.88499999999999,71.9,71.1235
401573551,"February 22, 2024",UC Santa Barbara Gauchos,2540,69,False,72.235,69.54545454545455,70.64727272727272
401573489,"January 06, 2024",UC Santa Barbara Gauchos,2540,61,False,62.63,68.83333333333333,73.54916666666666
401573505,"January 18, 2024",UC Santa Barbara Gauchos,2540,97,False,75.7,67.71428571428571,71.98928571428571
401573511,"January 25, 2024",UC Santa Barbara Gauchos,2540,78,False,69.095,71.375,72.453125
401573568,"March 02, 2024",UC Santa Barbara Gauchos,2540,70,False,71.165,69.5,70.77958333333333
401573575,"March 07, 2024",UC Santa Barbara Gauchos,2540,76,False,74.77,69.53846153846153,70.80923076923077
401601134,"November 13, 2023",UC Santa Barbara Gauchos,2540,76,False,76.58500000000001,0.0,0.0
401598568,"November 27, 2023",UC Santa Barbara Gauchos,2540,69,False,71.165,76.0,76.58500000000001
401603470,"February 10, 2024",UCF Knights,2116,59,False,64.025,65.28571428571429,70.54714285714286
401603473,"February 13, 2024",UCF Knights,2116,88,False,79.61,64.5,69.731875
401603486,"February 20, 2024",UCF Knights,2116,67,False,73.63,67.11111111111111,70.82944444444445
401603502,"February 28, 2024",UCF Knights,2116,77,False,73.05,67.1,71.1095
401603401,"January 06, 2024",UCF Knights,2116,52,False,69.305,76.33333333333333,75.91000000000001
401603425,"January 17, 2024",UCF Knights,2116,77,False,67.42,70.25,74.25875
401603427,"January 20, 2024",UCF Knights,2116,42,False,64.56,71.6,72.891
401603441,"January 27, 2024",UCF Knights,2116,57,False,64.815,66.66666666666667,71.5025
401603521,"March 09, 2024",UCF Knights,2116,79,False,69.84,68.0,71.28590909090909
401625416,"March 13, 2024",UCF Knights,2116,73,True,69.63,68.91666666666667,71.16541666666667
401575461,"November 10, 2023",UCF Knights,2116,72,False,79.05,0.0,0.0
401590208,"November 19, 2023",UCF Knights,2116,83,True,71.84,72.0,79.05
401614679,"November 20, 2023",UCF Knights,2116,74,True,76.84,77.5,75.445
401575804,"December 09, 2023",UCLA Bruins,26,56,False,62.235,72.5,69.56
401581146,"December 16, 2023",UCLA Bruins,26,60,True,70.63,67.0,67.11833333333334
401607352,"December 28, 2023",UCLA Bruins,26,69,False,61.885,65.25,67.99625
401607357,"December 30, 2023",UCLA Bruins,26,59,False,62.49,66.0,66.774
401607473,"February 07, 2024",UCLA Bruins,26,82,False,71.05,63.7,66.05550000000001
401607416,"February 10, 2024",UCLA Bruins,26,61,False,64.63,65.36363636363636,66.50954545454546
401607455,"February 29, 2024",UCLA Bruins,26,77,False,65.84,65.0,66.35291666666667
401607375,"January 11, 2024",UCLA Bruins,26,44,False,71.56,64.83333333333333,66.06
401607474,"January 17, 2024",UCLA Bruins,26,68,False,61.305,61.857142857142854,66.8457142857143
401607388,"January 20, 2024",UCLA Bruins,26,71,False,67.49000000000001,62.625,66.153125
401607400,"January 27, 2024",UCLA Bruins,26,65,False,63.84,63.55555555555556,66.30166666666668
401607449,"March 02, 2024",UCLA Bruins,26,65,False,63.655,65.92307692307692,66.31346153846154
401625478,"March 14, 2024",UCLA Bruins,26,66,True,64.235,65.85714285714286,66.12357142857142
401575876,"November 20, 2023",UCLA Bruins,26,69,True,68.7,0.0,0.0
401581597,"November 21, 2023",UCLA Bruins,26,76,True,70.42,69.0,68.7
401574563,"December 01, 2023",UConn Huskies,41,65,False,59.7,79.0,67.0025
401591373,"December 15, 2023",UConn Huskies,41,76,True,65.025,74.33333333333333,64.56833333333333
401599441,"December 20, 2023",UConn Huskies,41,60,False,63.63,74.75,64.6825
401599516,"February 03, 2024",UConn Huskies,41,77,False,65.77000000000001,74.125,65.124375
401599524,"February 10, 2024",UConn Huskies,41,89,False,66.84,74.44444444444444,65.19611111111111
401599531,"February 14, 2024",UConn Huskies,41,101,False,68.77,75.9,65.3605
401599538,"February 20, 2024",UConn Huskies,41,66,False,59.095,78.18181818181819,65.67045454545455
401599474,"January 05, 2024",UConn Huskies,41,88,False,69.305,71.8,64.47200000000001
401599483,"January 10, 2024",UConn Huskies,41,80,False,68.49,74.5,65.2775
401599498,"January 20, 2024",UConn Huskies,41,66,False,60.84,75.28571428571429,65.73642857142858
401599561,"March 06, 2024",UConn Huskies,41,74,False,65.42,77.16666666666667,65.1225
401599564,"March 09, 2024",UConn Huskies,41,74,False,66.21,76.92307692307692,65.14538461538461
401591374,"November 19, 2023",UConn Huskies,41,77,True,68.375,0.0,0.0
401601491,"November 20, 2023",UConn Huskies,41,81,True,65.63,77.0,68.375
401577711,"December 08, 2023",UIC Flames,82,55,False,64.42,64.25,68.64125
401601820,"December 30, 2023",UIC Flames,82,50,False,63.955,62.4,67.797
401601884,"February 07, 2024",UIC Flames,82,61,False,62.885,63.27272727272727,68.9509090909091
401601895,"February 14, 2024",UIC Flames,82,73,False,72.56,63.083333333333336,68.44541666666667
401601913,"February 24, 2024",UIC Flames,82,73,False,77.35,63.84615384615385,68.76192307692307
401601823,"January 02, 2024",UIC Flames,82,73,False,67.42,60.333333333333336,67.15666666666667
401601837,"January 10, 2024",UIC Flames,82,59,False,66.60499999999999,62.142857142857146,67.19428571428571
401601855,"January 20, 2024",UIC Flames,82,77,False,69.35,61.75,67.120625
401601863,"January 27, 2024",UIC Flames,82,65,False,78.49000000000001,63.44444444444444,67.36833333333333
401601873,"January 31, 2024",UIC Flames,82,60,False,73.655,63.6,68.48049999999999
401601926,"March 03, 2024",UIC Flames,82,59,False,71.095,64.5,69.37535714285714
401625663,"March 07, 2024",UIC Flames,82,84,True,78.56,64.13333333333334,69.49
401625667,"March 08, 2024",UIC Flames,82,47,True,69.375,65.375,70.056875
401577706,"November 06, 2023",UIC Flames,82,58,False,72.745,0.0,0.0
401577708,"November 14, 2023",UIC Flames,82,72,False,73.375,58.0,72.745
401577710,"November 24, 2023",UIC Flames,82,70,True,63.21,65.0,73.06
401603088,"November 26, 2023",UIC Flames,82,57,True,65.235,66.66666666666667,69.77666666666667
401581866,"December 12, 2023",UL Monroe Warhawks,2433,62,False,66.42,54.0,65.80833333333334
401581790,"December 14, 2023",UL Monroe Warhawks,2433,73,False,74.515,56.0,65.96125
401581867,"December 18, 2023",UL Monroe Warhawks,2433,65,False,78.445,59.4,67.672
401581493,"December 30, 2023",UL Monroe Warhawks,2433,55,False,64.955,60.333333333333336,69.4675
401581621,"February 03, 2024",UL Monroe Warhawks,2433,80,False,72.305,63.9,69.293
401581693,"February 15, 2024",UL Monroe Warhawks,2433,68,False,66.235,65.36363636363636,69.56681818181818
401581694,"February 17, 2024",UL Monroe Warhawks,2433,57,False,73.49,65.58333333333333,69.28916666666667
401581696,"February 27, 2024",UL Monroe Warhawks,2433,55,False,64.305,64.92307692307692,69.6123076923077
401581671,"January 18, 2024",UL Monroe Warhawks,2433,70,False,69.375,59.57142857142857,68.82285714285715
401581691,"January 20, 2024",UL Monroe Warhawks,2433,80,False,71.025,60.875,68.891875
401581681,"January 31, 2024",UL Monroe Warhawks,2433,72,False,70.77000000000001,63.0,69.12888888888888
401581697,"March 01, 2024",UL Monroe Warhawks,2433,69,False,66.56,64.21428571428571,69.23321428571428
401575434,"November 06, 2023",UL Monroe Warhawks,2433,31,False,66.515,0.0,0.0
401574589,"November 11, 2023",UL Monroe Warhawks,2433,74,False,68.49000000000001,31.0,66.515
401581863,"November 26, 2023",UL Monroe Warhawks,2433,57,False,62.42,52.5,67.5025
401582134,"December 06, 2023",UMBC Retrievers,2378,80,False,81.91,78.4,79.23100000000001
401582136,"December 12, 2023",UMBC Retrievers,2378,60,False,70.63,78.66666666666667,79.6775
401582137,"December 20, 2023",UMBC Retrievers,2378,81,False,78.56,76.0,78.385
401581210,"February 01, 2024",UMBC Retrievers,2378,95,False,85.375,76.7,76.928
401581212,"February 03, 2024",UMBC Retrievers,2378,114,False,88.515,78.36363636363636,77.69590909090908
401581225,"February 15, 2024",UMBC Retrievers,2378,89,False,70.095,81.33333333333333,78.59750000000001
401581234,"February 22, 2024",UMBC Retrievers,2378,56,False,71.49,81.92307692307692,77.94346153846153
401581239,"February 24, 2024",UMBC Retrievers,2378,86,False,72.14,80.07142857142857,77.4825
401581243,"February 29, 2024",UMBC Retrievers,2378,79,False,73.77,80.46666666666667,77.12633333333333
401581186,"January 11, 2024",UMBC Retrievers,2378,72,False,66.745,76.625,78.406875
401581190,"January 13, 2024",UMBC Retrievers,2378,82,False,75.28,76.11111111111111,77.11111111111111
401625602,"March 09, 2024",UMBC Retrievers,2378,89,False,89.58500000000001,80.375,76.9165625
401582026,"November 06, 2023",UMBC Retrievers,2378,93,False,82.86500000000001,0.0,0.0
401577621,"November 21, 2023",UMBC Retrievers,2378,68,False,84.795,93.0,82.86500000000001
401582130,"November 25, 2023",UMBC Retrievers,2378,81,False,71.885,80.5,83.83000000000001
401582131,"November 27, 2023",UMBC Retrievers,2378,80,False,85.77,80.66666666666667,79.84833333333334
401582132,"November 30, 2023",UMBC Retrievers,2378,70,False,70.84,80.5,81.32875
401582022,"December 02, 2023",UMass Lowell River Hawks,2349,68,False,73.515,74.6,71.225
401581086,"December 09, 2023",UMass Lowell River Hawks,2349,77,False,79.7,73.5,71.60666666666667
401582025,"December 22, 2023",UMass Lowell River Hawks,2349,71,False,72.49,74.0,72.76285714285714
401581218,"February 08, 2024",UMass Lowell River Hawks,2349,93,False,77.84,77.0909090909091,72.85636363636364
401581223,"February 10, 2024",UMass Lowell River Hawks,2349,64,False,72.84,78.41666666666667,73.27166666666666
401581230,"February 17, 2024",UMass Lowell River Hawks,2349,86,False,77.515,77.3076923076923,73.23846153846154
401581183,"January 06, 2024",UMass Lowell River Hawks,2349,82,False,78.05,73.625,72.72875
401581192,"January 18, 2024",UMass Lowell River Hawks,2349,97,False,74.375,74.55555555555556,73.32
401581197,"January 20, 2024",UMass Lowell River Hawks,2349,80,False,67.165,76.8,73.4255
401581247,"March 02, 2024",UMass Lowell River Hawks,2349,62,False,67.025,77.92857142857143,73.54392857142857
401581250,"March 05, 2024",UMass Lowell River Hawks,2349,65,False,74.56,76.86666666666666,73.10933333333334
401625608,"March 16, 2024",UMass Lowell River Hawks,2349,61,False,65.235,76.125,73.2
401582017,"November 10, 2023",UMass Lowell River Hawks,2349,81,False,73.42,0.0,0.0
401582018,"November 14, 2023",UMass Lowell River Hawks,2349,74,False,74.165,81.0,73.42
401582019,"November 16, 2023",UMass Lowell River Hawks,2349,69,False,71.49000000000001,77.5,73.7925
401582020,"November 20, 2023",UMass Lowell River Hawks,2349,69,False,69.77000000000001,74.66666666666667,73.025
401582021,"November 29, 2023",UMass Lowell River Hawks,2349,80,False,67.28,73.25,72.21125
401593915,"December 05, 2023",UNC Asheville Bulldogs,2427,76,False,80.05,75.5,71.805
401583808,"December 09, 2023",UNC Asheville Bulldogs,2427,63,False,65.49000000000001,75.66666666666667,74.55333333333334
401583797,"December 13, 2023",UNC Asheville Bulldogs,2427,62,True,70.025,72.5,72.28750000000001
401581834,"December 21, 2023",UNC Asheville Bulldogs,2427,76,True,72.77,70.4,71.83500000000001
401597876,"December 29, 2023",UNC Asheville Bulldogs,2427,85,False,69.98,71.33333333333333,71.99083333333334
401601260,"February 10, 2024",UNC Asheville Bulldogs,2427,77,False,72.515,75.16666666666667,71.88250000000001
401601271,"February 21, 2024",UNC Asheville Bulldogs,2427,75,False,68.165,75.3076923076923,71.93115384615385
401601219,"January 06, 2024",UNC Asheville Bulldogs,2427,84,False,68.7,73.28571428571429,71.70357142857144
401601222,"January 10, 2024",UNC Asheville Bulldogs,2427,79,False,78.58500000000001,74.625,71.328125
401601232,"January 18, 2024",UNC Asheville Bulldogs,2427,82,False,73.515,75.11111111111111,72.13444444444445
401601241,"January 27, 2024",UNC Asheville Bulldogs,2427,71,False,67.56,75.8,72.27250000000001
401601246,"January 31, 2024",UNC Asheville Bulldogs,2427,73,False,72.305,75.36363636363636,71.84409090909092
401601284,"March 02, 2024",UNC Asheville Bulldogs,2427,71,False,61.025,75.28571428571429,71.66214285714287
401577627,"November 07, 2023",UNC Asheville Bulldogs,2427,74,False,73.025,0.0,0.0
401593935,"November 26, 2023",UNC Asheville Bulldogs,2427,77,True,70.58500000000001,74.0,73.025
401581851,"December 16, 2023",UNC Greensboro Spartans,2430,65,False,68.235,74.0,70.5025
401594573,"December 19, 2023",UNC Greensboro Spartans,2430,63,False,64.35,71.0,69.74666666666667
401583732,"December 29, 2023",UNC Greensboro Spartans,2430,37,False,63.095,69.0,68.3975
401587938,"February 04, 2024",UNC Greensboro Spartans,2430,89,False,67.445,69.22222222222223,69.12888888888888
401587951,"February 14, 2024",UNC Greensboro Spartans,2430,76,False,63.28,71.2,68.9605
401587958,"February 17, 2024",UNC Greensboro Spartans,2430,58,False,63.49,71.63636363636364,68.4440909090909
401587967,"February 24, 2024",UNC Greensboro Spartans,2430,72,False,70.305,70.5,68.03125
401587902,"January 11, 2024",UNC Greensboro Spartans,2430,70,False,71.91,62.6,67.337
401587905,"January 13, 2024",UNC Greensboro Spartans,2430,70,False,64.025,63.833333333333336,68.09916666666666
401587919,"January 24, 2024",UNC Greensboro Spartans,2430,85,False,72.7,64.71428571428571,67.51714285714286
401587929,"January 31, 2024",UNC Greensboro Spartans,2430,85,False,76.84,67.25,68.16499999999999
401587978,"March 02, 2024",UNC Greensboro Spartans,2430,65,False,62.025,70.61538461538461,68.20615384615385
401594552,"November 14, 2023",UNC Greensboro Spartans,2430,70,False,65.63,0.0,0.0
401594526,"November 17, 2023",UNC Greensboro Spartans,2430,78,False,75.375,70.0,65.63
401588945,"December 02, 2023",UNC Wilmington Seahawks,350,80,False,78.7,69.0,67.45
401594621,"December 16, 2023",UNC Wilmington Seahawks,350,82,False,65.77,71.2,69.7
401581853,"December 21, 2023",UNC Wilmington Seahawks,350,78,False,71.49,73.0,69.045
401594529,"December 30, 2023",UNC Wilmington Seahawks,350,90,False,79.005,73.71428571428571,69.39428571428572
401600699,"February 01, 2024",UNC Wilmington Seahawks,350,80,False,70.77,74.61538461538461,69.20461538461538
401600719,"February 10, 2024",UNC Wilmington Seahawks,350,95,False,68.63,75.0,69.31642857142857
401600742,"February 22, 2024",UNC Wilmington Seahawks,350,81,False,65.42,76.33333333333333,69.27066666666666
401600749,"February 26, 2024",UNC Wilmington Seahawks,350,100,False,83.375,76.625,69.03
401600623,"January 04, 2024",UNC Wilmington Seahawks,350,63,False,71.515,75.75,70.595625
401600651,"January 06, 2024",UNC Wilmington Seahawks,350,64,False,58.42,74.33333333333333,70.69777777777777
401600671,"January 18, 2024",UNC Wilmington Seahawks,350,82,False,67.05,73.3,69.47
401600686,"January 25, 2024",UNC Wilmington Seahawks,350,77,False,60.955,74.0909090909091,69.25
401600692,"January 27, 2024",UNC Wilmington Seahawks,350,78,False,76.955,74.33333333333333,68.55875
401601463,"November 11, 2023",UNC Wilmington Seahawks,350,83,False,72.84,0.0,0.0
401581826,"November 21, 2023",UNC Wilmington Seahawks,350,56,True,67.815,83.0,72.84
401593870,"November 25, 2023",UNC Wilmington Seahawks,350,71,False,64.025,69.5,70.3275
401583614,"November 30, 2023",UNC Wilmington Seahawks,350,66,False,65.12,70.0,68.22666666666667
401577535,"December 06, 2023",UNLV Rebels,2439,0,False,,73.5,66.1525
401597310,"February 10, 2024",UNLV Rebels,2439,80,False,73.375,61.142857142857146,65.61
401597311,"February 14, 2024",UNLV Rebels,2439,67,False,59.63,63.5,66.7192857142857
401594455,"February 21, 2024",UNLV Rebels,2439,72,False,54.605,63.888888888888886,65.833125
401597314,"February 27, 2024",UNLV Rebels,2439,75,False,71.98,64.7,64.58555555555556
401597302,"January 06, 2024",UNLV Rebels,2439,61,False,67.42,49.0,66.1525
401597305,"January 16, 2024",UNLV Rebels,2439,68,False,63.63,52.0,66.575
401597306,"January 19, 2024",UNLV Rebels,2439,75,False,65.955,55.2,65.83875
401597307,"January 27, 2024",UNLV Rebels,2439,77,False,64.35,58.5,65.862
401597317,"March 09, 2024",UNLV Rebels,2439,65,False,63.49,65.63636363636364,65.325
401576682,"November 17, 2023",UNLV Rebels,2439,82,False,66.955,0.0,0.0
401603139,"November 21, 2023",UNLV Rebels,2439,65,True,65.35,82.0,66.955
401608795,"December 06, 2023",UNT Dallas Trailblazers,nd-unt-dallas-trailblazers,37,False,67.56,59.5,73.95750000000001
401606609,"November 06, 2023",UNT Dallas Trailblazers,nd-unt-dallas-trailblazers,67,False,72.4,0.0,0.0
401608791,"November 11, 2023",UNT Dallas Trailblazers,nd-unt-dallas-trailblazers,52,False,75.515,67.0,72.4
401583798,"December 17, 2023",USC Trojans,30,75,False,76.12,0.0,0.0
401600116,"December 19, 2023",USC Trojans,30,79,False,72.98,75.0,76.12
401607351,"December 28, 2023",USC Trojans,30,74,False,71.025,77.0,74.55000000000001
401607358,"December 30, 2023",USC Trojans,30,70,False,69.28,76.0,73.375
401607411,"February 07, 2024",USC Trojans,30,77,False,77.84,70.0,72.53714285714285
401607418,"February 10, 2024",USC Trojans,30,68,False,74.235,70.875,73.2
401607435,"February 24, 2024",USC Trojans,30,62,False,66.7,70.55555555555556,73.315
401607451,"February 29, 2024",USC Trojans,30,72,False,68.84,69.7,72.65350000000001
401607380,"January 13, 2024",USC Trojans,30,58,False,67.885,74.5,72.35125000000001
401607383,"January 17, 2024",USC Trojans,30,67,False,76.91,71.2,71.458
401607389,"January 20, 2024",USC Trojans,30,67,False,73.56,70.5,72.36666666666667
401607454,"March 02, 2024",USC Trojans,30,82,False,69.49,69.9090909090909,72.30681818181819
401625473,"March 13, 2024",USC Trojans,30,80,True,71.235,70.91666666666667,72.07208333333334
401625477,"March 14, 2024",USC Trojans,30,49,True,68.21000000000001,71.61538461538461,72.00769230769231
401574047,"December 02, 2023",UT Arlington Mavericks,250,69,False,72.26,68.0,77.86250000000001
401597888,"December 21, 2023",UT Arlington Mavericks,250,66,False,74.955,68.33333333333333,75.995
401608796,"December 23, 2023",UT Arlington Mavericks,250,52,False,62.025,67.75,75.735
401574093,"February 01, 2024",UT Arlington Mavericks,250,76,False,77.095,66.77777777777777,73.6561111111111
401574099,"February 03, 2024",UT Arlington Mavericks,250,87,False,75.7,67.7,74.0
401574102,"February 08, 2024",UT Arlington Mavericks,250,63,False,67.375,69.45454545454545,74.15454545454546
401574120,"February 17, 2024",UT Arlington Mavericks,250,89,False,77.7,68.91666666666667,73.58958333333334
401574131,"February 29, 2024",UT Arlington Mavericks,250,82,False,68.84,70.46153846153847,73.90576923076924
401583733,"January 01, 2024",UT Arlington Mavericks,250,62,False,65.7,64.6,72.99300000000001
401574055,"January 04, 2024",UT Arlington Mavericks,250,76,False,72.56,64.16666666666667,71.7775
401574061,"January 06, 2024",UT Arlington Mavericks,250,73,False,78.305,65.85714285714286,71.88928571428572
401574080,"January 20, 2024",UT Arlington Mavericks,250,67,False,81.375,66.75,72.69125
401574138,"March 02, 2024",UT Arlington Mavericks,250,78,False,70.095,71.28571428571429,73.54392857142857
401625511,"March 15, 2024",UT Arlington Mavericks,250,87,True,67.77,71.73333333333333,73.31400000000001
401625513,"March 16, 2024",UT Arlington Mavericks,250,74,True,84.75,72.6875,72.9675
401606631,"November 16, 2023",UT Arlington Mavericks,250,80,False,74.7,0.0,0.0
401600257,"November 19, 2023",UT Arlington Mavericks,250,56,False,81.025,80.0,74.7
401579009,"December 02, 2023",UT Martin Skyhawks,2630,80,False,74.095,76.2,77.9
401583593,"December 12, 2023",UT Martin Skyhawks,2630,67,False,71.49,76.83333333333333,77.26583333333333
401587220,"December 18, 2023",UT Martin Skyhawks,2630,91,False,84.025,75.42857142857143,76.4407142857143
401587250,"December 28, 2023",UT Martin Skyhawks,2630,91,False,78.375,77.375,77.38875
401587256,"December 30, 2023",UT Martin Skyhawks,2630,81,False,76.63,78.88888888888889,77.49833333333333
401587294,"February 01, 2024",UT Martin Skyhawks,2630,76,False,71.42,77.9090909090909,76.24318181818181
401587302,"February 03, 2024",UT Martin Skyhawks,2630,90,False,76.35,77.75,75.84125
401587304,"February 06, 2024",UT Martin Skyhawks,2630,57,False,68.815,78.6923076923077,75.88038461538461
401587314,"February 10, 2024",UT Martin Skyhawks,2630,62,False,68.025,77.14285714285714,75.37571428571428
401587328,"February 22, 2024",UT Martin Skyhawks,2630,106,False,78.165,76.13333333333334,74.88566666666667
401587334,"February 24, 2024",UT Martin Skyhawks,2630,82,False,78.095,78.0,75.090625
401587278,"January 18, 2024",UT Martin Skyhawks,2630,66,False,64.56,79.1,77.4115
401597983,"November 11, 2023",UT Martin Skyhawks,2630,63,False,75.91,0.0,0.0
401604762,"November 17, 2023",UT Martin Skyhawks,2630,80,False,78.885,63.0,75.91
401598017,"November 19, 2023",UT Martin Skyhawks,2630,66,True,75.955,71.5,77.39750000000001
401600243,"November 25, 2023",UT Martin Skyhawks,2630,94,False,78.445,69.66666666666667,76.91666666666667
401593833,"November 30, 2023",UT Martin Skyhawks,2630,78,False,80.305,75.75,77.29875
401574050,"December 02, 2023",UT Rio Grande Valley Vaqueros,292,75,False,73.91,64.25,78.29875
401604783,"December 06, 2023",UT Rio Grande Valley Vaqueros,292,76,False,73.58500000000001,66.4,77.421
401600245,"December 18, 2023",UT Rio Grande Valley Vaqueros,292,68,False,76.655,68.0,76.78166666666667
401574094,"February 01, 2024",UT Rio Grande Valley Vaqueros,292,64,False,72.955,70.88888888888889,78.41111111111111
401574098,"February 03, 2024",UT Rio Grande Valley Vaqueros,292,59,False,79.7,70.2,77.8655
401574105,"February 08, 2024",UT Rio Grande Valley Vaqueros,292,84,False,83.19,69.18181818181819,78.03227272727273
401574124,"February 22, 2024",UT Rio Grande Valley Vaqueros,292,59,False,68.815,70.41666666666667,78.46208333333334
401574126,"February 24, 2024",UT Rio Grande Valley Vaqueros,292,56,False,71.56,69.53846153846153,77.72
401574133,"February 29, 2024",UT Rio Grande Valley Vaqueros,292,43,False,59.605,68.57142857142857,77.28
401574060,"January 06, 2024",UT Rio Grande Valley Vaqueros,292,89,False,88.98,68.0,76.76357142857144
401574076,"January 18, 2024",UT Rio Grande Valley Vaqueros,292,73,False,79.375,70.625,78.290625
401574136,"March 02, 2024",UT Rio Grande Valley Vaqueros,292,52,False,65.235,66.86666666666666,76.10166666666667
401600093,"November 10, 2023",UT Rio Grande Valley Vaqueros,292,79,True,83.375,0.0,0.0
401578011,"November 14, 2023",UT Rio Grande Valley Vaqueros,292,55,False,76.885,79.0,83.375
401584352,"November 17, 2023",UT Rio Grande Valley Vaqueros,292,66,False,76.235,67.0,80.13
401604297,"November 24, 2023",UT Rio Grande Valley Vaqueros,292,57,True,76.7,66.66666666666667,78.83166666666666
401608794,"November 11, 2023",UT Tyler Patriots,nd-ut-tyler-patriots,64,False,75.025,0.0,0.0
401600242,"December 09, 2023",UTEP Miners,2638,49,False,70.375,60.333333333333336,70.19666666666666
401600133,"December 17, 2023",UTEP Miners,2638,82,False,80.26,57.5,70.24125
401573623,"February 15, 2024",UTEP Miners,2638,80,False,83.375,60.333333333333336,70.36444444444444
401573627,"February 17, 2024",UTEP Miners,2638,90,False,85.12,62.3,71.6655
401573357,"February 29, 2024",UTEP Miners,2638,72,False,71.12,64.81818181818181,72.88863636363637
401573581,"January 04, 2024",UTEP Miners,2638,53,False,61.235,62.4,72.245
401573589,"January 13, 2024",UTEP Miners,2638,68,False,72.815,60.833333333333336,70.41
401573601,"January 25, 2024",UTEP Miners,2638,54,False,68.655,61.857142857142854,70.75357142857142
401573604,"January 27, 2024",UTEP Miners,2638,56,False,69.35,60.875,70.49125
401573640,"March 02, 2024",UTEP Miners,2638,67,False,61.49,65.41666666666667,72.74125
401625487,"March 14, 2024",UTEP Miners,2638,66,True,63.35,65.53846153846153,71.87576923076924
401625489,"March 15, 2024",UTEP Miners,2638,65,True,68.98,65.57142857142857,71.26678571428572
401625491,"March 16, 2024",UTEP Miners,2638,71,True,77.445,65.53333333333333,71.11433333333333
401603137,"November 20, 2023",UTEP Miners,2638,75,True,69.795,0.0,0.0
401604310,"November 22, 2023",UTEP Miners,2638,59,True,70.63,75.0,69.795
401590948,"November 25, 2023",UTEP Miners,2638,47,False,70.16499999999999,67.0,70.2125
401592098,"December 13, 2023",UTSA Roadrunners,2636,84,False,77.05,77.25,76.4975
401592099,"December 17, 2023",UTSA Roadrunners,2636,65,False,65.35,78.6,76.60799999999999
401602122,"February 07, 2024",UTSA Roadrunners,2636,64,False,74.375,79.8,75.3585
401602133,"February 15, 2024",UTSA Roadrunners,2636,70,False,68.7,78.36363636363636,75.2690909090909
401602143,"February 18, 2024",UTSA Roadrunners,2636,77,False,70.375,77.66666666666667,74.72166666666666
401602150,"February 24, 2024",UTSA Roadrunners,2636,64,False,65.025,77.61538461538461,74.38730769230769
401602064,"January 06, 2024",UTSA Roadrunners,2636,89,False,77.63,76.33333333333333,74.73166666666667
401602070,"January 10, 2024",UTSA Roadrunners,2636,101,False,87.235,78.14285714285714,75.14571428571428
401602083,"January 17, 2024",UTSA Roadrunners,2636,78,False,76.305,81.0,76.656875
401602101,"January 27, 2024",UTSA Roadrunners,2636,72,False,64.025,80.66666666666667,76.61777777777777
401602164,"March 02, 2024",UTSA Roadrunners,2636,77,False,70.885,76.64285714285714,73.71857142857142
401625461,"March 13, 2024",UTSA Roadrunners,2636,61,True,67.84,76.66666666666667,73.52966666666666
401592092,"November 10, 2023",UTSA Roadrunners,2636,76,False,77.56,0.0,0.0
401581784,"November 14, 2023",UTSA Roadrunners,2636,82,False,79.05,76.0,77.56
401592093,"November 17, 2023",UTSA Roadrunners,2636,62,False,71.005,79.0,78.305
401592094,"November 20, 2023",UTSA Roadrunners,2636,89,False,78.375,73.33333333333333,75.87166666666667
401581802,"November 11, 2023",University Of Saint Mary,nd-university-of-saint-mary,42,False,74.63,0.0,0.0
401587238,"December 02, 2023",University of Health Sciences & Pharmacy Eutectics,nd-university-of-health-sciences--pharmacy-eutectics,50,False,76.88499999999999,46.0,81.235
401601498,"November 09, 2023",University of Health Sciences & Pharmacy Eutectics,nd-university-of-health-sciences--pharmacy-eutectics,46,False,81.235,0.0,0.0
401597933,"December 19, 2023",University of Saint Katherine Saint Katherine,nd-university-of-saint-katherine-saint-katherine,57,False,75.815,44.0,68.305
401600063,"November 16, 2023",University of Saint Katherine Saint Katherine,nd-university-of-saint-katherine-saint-katherine,44,False,68.305,0.0,0.0
401604278,"November 28, 2023",University of The Southwest Mustangs,nd-university-of-the-southwest-mustangs,49,False,70.955,0.0,0.0
401598007,"December 21, 2023",University of Wisconsin River Falls Falcons,nd-university-of-wisconsin-river-falls-falcons,51,False,68.815,0.0,0.0
401579117,"December 13, 2023",Utah State Aggies,328,84,False,80.375,70.66666666666667,71.38166666666666
401597942,"February 03, 2024",Utah State Aggies,328,67,False,69.955,80.875,73.996875
401600801,"February 14, 2024",Utah State Aggies,328,84,False,68.56,79.33333333333333,73.54777777777777
401600802,"February 17, 2024",Utah State Aggies,328,55,False,69.165,79.8,73.049
401600803,"February 27, 2024",Utah State Aggies,328,77,False,72.42,77.54545454545455,72.69590909090908
401594443,"January 02, 2024",Utah State Aggies,328,88,False,67.725,74.0,73.63
401597304,"January 13, 2024",Utah State Aggies,328,87,False,70.05,76.8,72.449
401600795,"January 16, 2024",Utah State Aggies,328,86,False,79.095,78.5,72.04916666666666
401600797,"January 27, 2024",Utah State Aggies,328,90,False,80.58500000000001,79.57142857142857,73.05571428571429
401600804,"March 06, 2024",Utah State Aggies,328,90,False,64.815,77.5,72.67291666666667
401587205,"November 11, 2023",Utah State Aggies,328,66,False,76.49,0.0,0.0
401581538,"November 20, 2023",Utah State Aggies,328,65,True,69.7,66.0,76.49
401597412,"November 28, 2023",Utah State Aggies,328,81,False,67.955,65.5,73.095
401574051,"December 06, 2023",Utah Tech Trailblazers,3101,72,False,71.35,70.83333333333333,75.32416666666667
401591576,"December 11, 2023",Utah Tech Trailblazers,3101,75,False,74.515,71.0,74.75642857142857
401591578,"December 21, 2023",Utah Tech Trailblazers,3101,71,False,74.375,71.5,74.72625
401574113,"February 15, 2024",Utah Tech Trailblazers,3101,61,False,65.7,68.57142857142857,75.00607142857143
401574130,"February 24, 2024",Utah Tech Trailblazers,3101,78,False,72.98,68.06666666666666,74.38566666666667
401574052,"January 04, 2024",Utah Tech Trailblazers,3101,53,False,70.63,71.44444444444444,74.68722222222222
401574074,"January 18, 2024",Utah Tech Trailblazers,3101,65,False,82.725,69.6,74.28150000000001
401574079,"January 20, 2024",Utah Tech Trailblazers,3101,71,False,78.4,69.18181818181819,75.0490909090909
401574085,"January 25, 2024",Utah Tech Trailblazers,3101,60,False,71.375,69.33333333333333,75.32833333333333
401574090,"January 27, 2024",Utah Tech Trailblazers,3101,68,False,74.77,68.61538461538461,75.02423076923077
401574145,"March 07, 2024",Utah Tech Trailblazers,3101,79,False,77.77,68.6875,74.2978125
401574190,"March 09, 2024",Utah Tech Trailblazers,3101,71,False,76.47,69.29411764705883,74.50205882352941
401579108,"November 08, 2023",Utah Tech Trailblazers,3101,69,False,80.84,0.0,0.0
401591575,"November 11, 2023",Utah Tech Trailblazers,3101,81,False,77.025,69.0,80.84
401583778,"November 17, 2023",Utah Tech Trailblazers,3101,68,False,70.095,75.0,78.9325
401584390,"November 18, 2023",Utah Tech Trailblazers,3101,81,True,77.91,72.66666666666667,75.98666666666666
401580929,"November 24, 2023",Utah Tech Trailblazers,3101,53,False,68.77,74.75,76.4675
401587244,"November 27, 2023",Utah Tech Trailblazers,3101,73,False,77.305,70.4,74.928
401607423,"February 15, 2024",Utah Utes,254,64,False,71.63,71.57142857142857,71.43357142857143
401607428,"February 18, 2024",Utah Utes,254,70,False,64.025,70.625,71.458125
401607456,"February 24, 2024",Utah Utes,254,65,False,67.095,70.55555555555556,70.63222222222223
401607367,"January 04, 2024",Utah Utes,254,70,False,74.56,77.5,69.805
401607370,"January 06, 2024",Utah Utes,254,73,False,76.815,75.0,71.39
401607381,"January 14, 2024",Utah Utes,254,73,False,68.42,74.5,72.74625
401607453,"January 24, 2024",Utah Utes,254,57,False,63.745,74.2,71.881
401607401,"January 27, 2024",Utah Utes,254,73,False,76.885,71.33333333333333,70.525
401607443,"March 07, 2024",Utah Utes,254,85,False,77.885,70.0,70.27850000000001
401607446,"March 09, 2024",Utah Utes,254,65,False,69.42,71.36363636363636,70.97000000000001
401625480,"March 14, 2024",Utah Utes,254,58,True,65.42,70.83333333333333,70.84083333333334
401581344,"November 16, 2023",Utah Utes,254,77,True,68.025,0.0,0.0
401598040,"November 27, 2023",Utah Utes,254,78,False,71.58500000000001,77.0,68.025
401574048,"December 02, 2023",Utah Valley Wolverines,3084,53,False,70.84,62.0,75.305
401584454,"December 09, 2023",Utah Valley Wolverines,3084,71,False,67.235,59.0,73.81666666666668
401584455,"December 16, 2023",Utah Valley Wolverines,3084,62,False,71.56,62.0,72.17125
401584456,"December 29, 2023",Utah Valley Wolverines,3084,63,False,71.19,62.0,72.049
401574092,"February 01, 2024",Utah Valley Wolverines,3084,72,False,70.98,63.6,72.8935
401574112,"February 15, 2024",Utah Valley Wolverines,3084,69,False,65.63,64.36363636363636,72.71954545454545
401574118,"February 17, 2024",Utah Valley Wolverines,3084,78,False,70.025,64.75,72.12875000000001
401574065,"January 11, 2024",Utah Valley Wolverines,3084,69,False,78.86500000000001,62.166666666666664,71.90583333333333
401574070,"January 13, 2024",Utah Valley Wolverines,3084,68,False,74.84,63.142857142857146,72.9
401574073,"January 18, 2024",Utah Valley Wolverines,3084,65,False,76.91,63.75,73.1425
401574086,"January 26, 2024",Utah Valley Wolverines,3084,61,False,66.88499999999999,63.888888888888886,73.56111111111112
401574143,"March 07, 2024",Utah Valley Wolverines,3084,63,False,68.77,65.76923076923077,71.96692307692308
401574148,"March 09, 2024",Utah Valley Wolverines,3084,74,False,64.91,65.57142857142857,71.73857142857143
401584450,"November 09, 2023",Utah Valley Wolverines,3084,79,False,82.58500000000001,0.0,0.0
401584451,"November 15, 2023",Utah Valley Wolverines,3084,45,False,68.025,79.0,82.58500000000001
401596881,"February 06, 2024",VCU Rams,2670,75,False,67.56,62.2,63.914
401596901,"February 16, 2024",VCU Rams,2670,95,False,73.58500000000001,64.33333333333333,64.52166666666666
401596908,"February 20, 2024",VCU Rams,2670,52,False,66.42,68.71428571428571,65.81642857142857
401596828,"January 09, 2024",VCU Rams,2670,54,False,60.025,61.0,65.025
401596834,"January 13, 2024",VCU Rams,2670,71,False,69.98,57.5,62.525000000000006
401596863,"January 27, 2024",VCU Rams,2670,63,False,60.235,62.0,65.01
401596868,"January 30, 2024",VCU Rams,2670,62,False,64.305,62.25,63.81625
401596933,"March 02, 2024",VCU Rams,2670,76,False,69.63,66.625,65.891875
401596943,"March 08, 2024",VCU Rams,2670,86,False,78.375,67.66666666666667,66.30722222222222
401625550,"March 14, 2024",VCU Rams,2670,73,True,62.05,69.5,67.514
401581568,"November 24, 2023",VCU Rams,2670,61,True,65.025,0.0,0.0
401575398,"December 12, 2023",VMI Keydets,2678,56,False,64.165,65.0,74.82416666666667
401575399,"December 17, 2023",VMI Keydets,2678,49,False,72.88499999999999,63.714285714285715,73.30142857142857
401587935,"February 03, 2024",VMI Keydets,2678,69,False,75.305,67.83333333333333,77.355
401587953,"February 14, 2024",VMI Keydets,2678,62,False,74.56,67.92307692307692,77.1973076923077
401587956,"February 17, 2024",VMI Keydets,2678,51,False,71.815,67.5,77.00892857142857
401587962,"February 21, 2024",VMI Keydets,2678,69,False,75.42,66.4,76.66266666666667
401587970,"February 28, 2024",VMI Keydets,2678,58,False,70.42,66.5625,76.58500000000001
401587891,"January 03, 2024",VMI Keydets,2678,85,False,84.165,61.875,73.249375
401587903,"January 11, 2024",VMI Keydets,2678,61,False,77.095,64.44444444444444,74.46222222222222
401587908,"January 13, 2024",VMI Keydets,2678,96,False,95.375,64.1,74.7255
401587926,"January 27, 2024",VMI Keydets,2678,77,False,85.63,67.0,76.60272727272728
401625581,"March 08, 2024",VMI Keydets,2678,66,True,84.12,66.05882352941177,76.22235294117647
401575389,"November 06, 2023",VMI Keydets,2678,75,False,77.12,0.0,0.0
401575391,"November 13, 2023",VMI Keydets,2678,64,False,73.095,75.0,77.12
401575392,"November 17, 2023",VMI Keydets,2678,81,True,81.84,69.5,75.1075
401601486,"November 18, 2023",VMI Keydets,2678,69,True,76.445,73.33333333333333,77.35166666666667
401575393,"November 22, 2023",VMI Keydets,2678,54,False,65.49000000000001,72.25,77.125
401575395,"November 29, 2023",VMI Keydets,2678,47,False,74.955,68.6,74.798
401597399,"November 16, 2023",Valley City,nd-valley-city,63,False,68.885,0.0,0.0
401601816,"December 02, 2023",Valparaiso Beacons,2674,68,False,72.56,64.0,80.025
401594439,"December 06, 2023",Valparaiso Beacons,2674,67,False,69.095,66.0,76.2925
401584332,"December 09, 2023",Valparaiso Beacons,2674,50,False,65.28,66.33333333333333,73.89333333333333
401588318,"December 29, 2023",Valparaiso Beacons,2674,78,False,70.77,62.25,71.74000000000001
401601885,"February 07, 2024",Valparaiso Beacons,2674,61,False,78.815,66.4,69.9995
401601899,"February 17, 2024",Valparaiso Beacons,2674,74,False,71.885,65.9090909090909,70.80090909090909
401601914,"February 24, 2024",Valparaiso Beacons,2674,68,False,62.885,66.58333333333333,70.89125
401601917,"February 27, 2024",Valparaiso Beacons,2674,54,False,74.955,66.6923076923077,70.27538461538462
401601829,"January 06, 2024",Valparaiso Beacons,2674,64,False,69.56,65.4,71.546
401601844,"January 14, 2024",Valparaiso Beacons,2674,59,False,63.955,65.16666666666667,71.215
401601847,"January 17, 2024",Valparaiso Beacons,2674,75,False,68.885,64.28571428571429,70.17785714285715
401601861,"January 24, 2024",Valparaiso Beacons,2674,69,False,66.91,65.625,70.01625
401601872,"January 31, 2024",Valparaiso Beacons,2674,70,False,72.955,66.0,69.6711111111111
401625660,"March 07, 2024",Valparaiso Beacons,2674,61,True,78.095,65.78571428571429,70.60964285714286
401584512,"November 17, 2023",Valparaiso Beacons,2674,64,False,80.025,0.0,0.0
401577968,"December 16, 2023",Vanderbilt Commodores,238,54,True,63.095,67.0,68.095
401583605,"December 23, 2023",Vanderbilt Commodores,238,75,False,74.77,60.5,65.595
401597180,"February 10, 2024",Vanderbilt Commodores,238,60,False,54.35,61.42857142857143,69.27142857142857
401597188,"February 17, 2024",Vanderbilt Commodores,238,53,False,74.7,61.25,67.40625
401597201,"February 24, 2024",Vanderbilt Commodores,238,64,False,72.515,60.333333333333336,68.21666666666667
401597207,"February 27, 2024",Vanderbilt Commodores,238,85,False,75.58500000000001,60.7,68.6465
401597117,"January 09, 2024",Vanderbilt Commodores,238,69,False,77.305,65.33333333333333,68.65333333333332
401597125,"January 13, 2024",Vanderbilt Commodores,238,56,False,63.025000000000006,66.25,70.81625
401597140,"January 20, 2024",Vanderbilt Commodores,238,55,False,66.63,64.2,69.25800000000001
401597161,"January 31, 2024",Vanderbilt Commodores,238,54,False,71.98,62.666666666666664,68.82000000000001
401597224,"March 06, 2024",Vanderbilt Commodores,238,77,False,74.815,62.90909090909091,69.27727272727273
401625447,"March 13, 2024",Vanderbilt Commodores,238,85,True,79.235,64.08333333333333,69.73875
401582154,"November 24, 2023",Vanderbilt Commodores,238,67,True,68.095,0.0,0.0
401602689,"November 07, 2023",Vanguard Lions,nd-vanguard-lions,55,False,79.815,0.0,0.0
401594627,"November 25, 2023",Vanguard Lions,nd-vanguard-lions,59,False,77.745,55.0,79.815
401587184,"November 06, 2023",Vassar Brewers,nd-vassar-brewers,53,False,76.21,0.0,0.0
401594131,"December 06, 2023",Vermont Catamounts,261,73,False,63.745,69.66666666666667,66.09500000000001
401584333,"December 16, 2023",Vermont Catamounts,261,51,False,66.305,70.5,65.50750000000001
401577697,"December 20, 2023",Vermont Catamounts,261,86,False,69.56,66.6,65.667
401588611,"December 22, 2023",Vermont Catamounts,261,69,False,65.165,69.83333333333333,66.31583333333333
401581219,"February 08, 2024",Vermont Catamounts,261,61,False,64.7,70.9090909090909,66.92363636363636
401581222,"February 10, 2024",Vermont Catamounts,261,72,False,68.49,70.08333333333333,66.73833333333333
401581231,"February 17, 2024",Vermont Catamounts,261,68,False,64.235,70.23076923076923,66.87307692307692
401581232,"February 22, 2024",Vermont Catamounts,261,94,False,74.98,70.07142857142857,66.68464285714286
401577666,"January 02, 2024",Vermont Catamounts,261,71,False,62.165,69.71428571428571,66.15142857142857
401581193,"January 18, 2024",Vermont Catamounts,261,82,False,66.63,69.875,65.653125
401581203,"January 25, 2024",Vermont Catamounts,261,72,False,74.815,71.22222222222223,65.76166666666667
401581206,"January 27, 2024",Vermont Catamounts,261,67,False,69.49,71.3,66.667
401581251,"March 05, 2024",Vermont Catamounts,261,68,False,73.885,71.66666666666667,67.23766666666667
401582110,"November 17, 2023",Vermont Catamounts,261,78,True,66.165,0.0,0.0
401582114,"November 19, 2023",Vermont Catamounts,261,61,True,64.745,78.0,66.165
401587207,"November 25, 2023",Vermont Catamounts,261,70,False,67.375,69.5,65.45500000000001
401597847,"November 22, 2023",Vermont State - Johnson Badgers,nd-vermont-state---johnson-badgers,57,False,70.35,0.0,0.0
401597964,"November 26, 2023",Vermont State - Johnson Badgers,nd-vermont-state---johnson-badgers,49,False,73.28,57.0,70.35
401598635,"December 06, 2023",Vermont State - Lyndon Hornets,nd-vermont-state---lyndon-hornets,37,False,78.14,0.0,0.0
401574568,"December 05, 2023",Villanova Wildcats,222,71,False,74.21000000000001,77.5,72.015
401599440,"December 20, 2023",Villanova Wildcats,222,68,False,75.235,75.33333333333333,72.74666666666667
401599444,"December 23, 2023",Villanova Wildcats,222,84,False,70.49000000000001,73.5,73.36875
401599522,"February 07, 2024",Villanova Wildcats,222,53,False,60.35,72.875,72.345
401599533,"February 16, 2024",Villanova Wildcats,222,70,False,64.675,70.66666666666667,71.01222222222222
401599545,"February 24, 2024",Villanova Wildcats,222,54,False,64.955,70.6,70.3785
401599489,"January 15, 2024",Villanova Wildcats,222,74,False,66.49000000000001,75.6,72.793
401599503,"January 24, 2024",Villanova Wildcats,222,50,False,63.49,75.33333333333333,71.7425
401599504,"January 27, 2024",Villanova Wildcats,222,81,False,84.815,71.71428571428571,70.56357142857144
401599556,"March 02, 2024",Villanova Wildcats,222,71,False,62.35,69.0909090909091,69.88545454545455
401599562,"March 06, 2024",Villanova Wildcats,222,56,False,62.885,69.25,69.25750000000001
401625562,"March 14, 2024",Villanova Wildcats,222,65,True,69.025,68.23076923076923,68.7673076923077
401584358,"November 13, 2023",Villanova Wildcats,222,72,False,66.77,0.0,0.0
401581520,"November 23, 2023",Villanova Wildcats,222,83,True,77.26,72.0,66.77
401575432,"December 19, 2023",Virginia Cavaliers,258,54,False,71.095,73.0,68.025
401604096,"December 30, 2023",Virginia Cavaliers,258,54,False,65.63,63.5,69.56
401604162,"February 03, 2024",Virginia Cavaliers,258,66,False,56.955,61.714285714285715,66.20428571428572
401604178,"February 10, 2024",Virginia Cavaliers,258,80,False,64.655,62.25,65.048125
401604197,"February 19, 2024",Virginia Cavaliers,258,41,False,64.095,64.22222222222223,65.00444444444445
401604216,"February 28, 2024",Virginia Cavaliers,258,72,False,65.63,61.9,64.9135
401604111,"January 06, 2024",Virginia Cavaliers,258,60,False,64.42,60.333333333333336,68.25
401604126,"January 13, 2024",Virginia Cavaliers,258,47,False,65.025,60.25,67.2925
401604138,"January 20, 2024",Virginia Cavaliers,258,75,False,63.885,57.6,66.839
401604151,"January 27, 2024",Virginia Cavaliers,258,69,False,65.35,60.5,66.34666666666666
401604218,"March 02, 2024",Virginia Cavaliers,258,48,False,64.35,62.81818181818182,64.97863636363637
401575426,"November 10, 2023",Virginia Cavaliers,258,73,True,68.025,0.0,0.0
401604098,"December 30, 2023",Virginia Tech Hokies,259,63,False,75.235,67.0,67.17750000000001
401604163,"February 03, 2024",Virginia Tech Hokies,259,74,False,69.49,68.66666666666667,71.06833333333334
401604181,"February 10, 2024",Virginia Tech Hokies,259,66,False,64.095,69.42857142857143,70.84285714285714
401604190,"February 17, 2024",Virginia Tech Hokies,259,81,False,75.7,69.0,69.999375
401604208,"February 24, 2024",Virginia Tech Hokies,259,64,False,67.63,70.33333333333333,70.63277777777779
401604215,"February 27, 2024",Virginia Tech Hokies,259,71,False,67.42,69.7,70.33250000000001
401604107,"January 06, 2024",Virginia Tech Hokies,259,74,False,70.7,65.66666666666667,69.86333333333334
401604133,"January 17, 2024",Virginia Tech Hokies,259,57,False,67.14,67.75,70.0725
401604139,"January 20, 2024",Virginia Tech Hokies,259,84,False,78.98,65.6,69.486
401604229,"March 05, 2024",Virginia Tech Hokies,259,80,False,67.165,69.81818181818181,70.06772727272727
401581590,"November 10, 2023",Virginia Tech Hokies,259,77,True,62.77,0.0,0.0
401574556,"November 29, 2023",Virginia Tech Hokies,259,57,False,71.58500000000001,77.0,62.77
401581854,"November 06, 2023",Virginia Wesleyan Blue Marlins,nd-virginia-wesleyan-blue-marlins,57,False,74.56,0.0,0.0
401616901,"December 03, 2023",Virginia-Lynchburg Dragons,nd-virginia-lynchburg-dragons,66,False,81.655,56.5,84.0375
401604424,"December 07, 2023",Virginia-Lynchburg Dragons,nd-virginia-lynchburg-dragons,73,False,75.815,59.666666666666664,83.24333333333334
401606718,"December 09, 2023",Virginia-Lynchburg Dragons,nd-virginia-lynchburg-dragons,50,False,83.28,63.0,81.38625
401594153,"December 10, 2023",Virginia-Lynchburg Dragons,nd-virginia-lynchburg-dragons,50,False,75.025,60.4,81.765
401594574,"December 21, 2023",Virginia-Lynchburg Dragons,nd-virginia-lynchburg-dragons,57,False,87.955,58.666666666666664,80.64166666666667
401594407,"January 15, 2024",Virginia-Lynchburg Dragons,nd-virginia-lynchburg-dragons,73,False,79.955,58.42857142857143,81.68642857142858
401590878,"November 09, 2023",Virginia-Lynchburg Dragons,nd-virginia-lynchburg-dragons,54,False,87.84,0.0,0.0
401601465,"November 18, 2023",Virginia-Lynchburg Dragons,nd-virginia-lynchburg-dragons,59,False,80.235,54.0,87.84
401611539,"November 06, 2023",Voorhees Tigers,nd-voorhees-tigers,57,False,71.77,0.0,0.0
401600051,"November 25, 2023",Voorhees Tigers,nd-voorhees-tigers,44,False,75.305,57.0,71.77
401608975,"November 07, 2023",WVU Tech Golden Bears,nd-wvu-tech-golden-bears,72,False,79.955,0.0,0.0
401589465,"December 02, 2023",Wagner Seahawks,2681,60,False,65.35,55.0,65.955
401589466,"December 06, 2023",Wagner Seahawks,2681,62,False,67.42,56.0,65.834
401576163,"December 17, 2023",Wagner Seahawks,2681,51,False,63.63,57.0,66.09833333333334
401589469,"December 30, 2023",Wagner Seahawks,2681,68,False,62.14,56.142857142857146,65.74571428571429
401589457,"February 03, 2024",Wagner Seahawks,2681,61,False,62.025,60.666666666666664,65.16041666666666
401589476,"February 08, 2024",Wagner Seahawks,2681,66,False,66.165,60.69230769230769,64.91923076923078
401589397,"February 15, 2024",Wagner Seahawks,2681,65,False,68.235,61.07142857142857,65.00821428571429
401589480,"February 29, 2024",Wagner Seahawks,2681,56,False,70.095,61.333333333333336,65.22333333333333
401589470,"January 04, 2024",Wagner Seahawks,2681,67,False,66.42,57.625,65.295
401589471,"January 19, 2024",Wagner Seahawks,2681,71,False,65.025,58.666666666666664,65.42
401589472,"January 21, 2024",Wagner Seahawks,2681,61,False,63.42,59.9,65.38050000000001
401589474,"January 27, 2024",Wagner Seahawks,2681,68,False,64.7,60.0,65.20227272727273
401625629,"March 06, 2024",Wagner Seahawks,2681,60,False,60.815,61.0,65.5278125
401625632,"March 09, 2024",Wagner Seahawks,2681,66,False,61.84,60.94117647058823,65.25058823529412
401625634,"March 12, 2024",Wagner Seahawks,2681,54,False,59.605,61.22222222222222,65.0611111111111
401586889,"November 06, 2023",Wagner Seahawks,2681,64,False,68.165,0.0,0.0
401586899,"November 14, 2023",Wagner Seahawks,2681,53,False,62.815,64.0,68.165
401587128,"November 18, 2023",Wagner Seahawks,2681,51,False,61.815,58.5,65.49000000000001
401581160,"November 28, 2023",Wagner Seahawks,2681,52,False,71.025,56.0,64.265
401604173,"February 06, 2024",Wake Forest Demon Deacons,154,80,False,76.165,75.83333333333333,73.48333333333333
401604183,"February 12, 2024",Wake Forest Demon Deacons,154,69,False,69.955,76.42857142857143,73.86642857142859
401604191,"February 17, 2024",Wake Forest Demon Deacons,154,47,False,57.885,75.5,73.3775
401604214,"February 27, 2024",Wake Forest Demon Deacons,154,65,False,66.35,72.33333333333333,71.6561111111111
401604099,"January 02, 2024",Wake Forest Demon Deacons,154,84,False,68.955,77.0,72.63
401604113,"January 09, 2024",Wake Forest Demon Deacons,154,82,False,79.05,80.5,70.79249999999999
401604129,"January 16, 2024",Wake Forest Demon Deacons,154,76,False,76.655,81.0,73.545
401604141,"January 22, 2024",Wake Forest Demon Deacons,154,64,False,74.375,79.75,74.32249999999999
401604160,"January 31, 2024",Wake Forest Demon Deacons,154,72,False,69.235,76.6,74.333
401604224,"March 02, 2024",Wake Forest Demon Deacons,154,76,False,69.49,71.6,71.1255
401625408,"March 14, 2024",Wake Forest Demon Deacons,154,69,True,70.305,72.0,70.97681818181819
401581089,"November 10, 2023",Wake Forest Demon Deacons,154,77,False,72.63,0.0,0.0
401597403,"December 12, 2023",Waldorf College Warriors,nd-waldorf-college-warriors,36,False,68.35,71.0,74.885
401600095,"November 28, 2023",Waldorf College Warriors,nd-waldorf-college-warriors,71,False,74.885,0.0,0.0
401593973,"November 22, 2023",Walla Walla Wolves,nd-walla-walla-wolves,46,False,76.42,0.0,0.0
401593989,"November 06, 2023",Warner Pacific Knights,nd-warner-pacific-knights,36,False,70.025,0.0,0.0
401588314,"November 30, 2023",Warren Wilson Owls,nd-warren-wilson-owls,56,False,82.375,0.0,0.0
401598590,"December 17, 2023",Washington College (MD) Shoremen,nd-washington-college-md-shoremen,33,False,65.28,0.0,0.0
401581778,"December 02, 2023",Washington Huskies,264,81,True,68.305,85.5,81.41
401581780,"December 17, 2023",Washington Huskies,264,100,False,85.375,84.0,77.04166666666667
401607354,"December 29, 2023",Washington Huskies,264,69,False,74.84,88.0,79.125
401607361,"December 31, 2023",Washington Huskies,264,90,False,84.375,84.2,78.268
401607414,"February 08, 2024",Washington Huskies,264,80,False,80.84,81.0,76.66166666666668
401607461,"February 10, 2024",Washington Huskies,264,67,False,63.885,80.9,77.07950000000001
401607429,"February 22, 2024",Washington Huskies,264,84,False,84.98,79.63636363636364,75.88000000000001
401607433,"February 24, 2024",Washington Huskies,264,75,False,82.955,80.0,76.63833333333334
401607382,"January 14, 2024",Washington Huskies,264,61,False,72.375,85.16666666666667,79.28583333333334
401607384,"January 18, 2024",Washington Huskies,264,77,False,69.77,81.71428571428571,78.29857142857144
401607450,"January 20, 2024",Washington Huskies,264,80,False,72.095,81.125,77.2325
401607441,"March 07, 2024",Washington Huskies,264,74,False,71.095,79.61538461538461,77.12423076923076
401588732,"November 17, 2023",Washington Huskies,264,74,True,78.58500000000001,0.0,0.0
401601492,"November 19, 2023",Washington Huskies,264,97,True,84.235,74.0,78.58500000000001
401579118,"December 16, 2023",Washington State Cougars,265,61,True,70.7,64.0,71.375
401607353,"December 29, 2023",Washington State Cougars,265,58,False,69.235,62.5,71.0375
401607359,"December 31, 2023",Washington State Cougars,265,67,False,68.28,61.0,70.43666666666667
401607408,"February 03, 2024",Washington State Cougars,265,90,False,72.305,69.42857142857143,71.155
401607415,"February 08, 2024",Washington State Cougars,265,64,False,64.63,72.0,71.29875
401607452,"February 10, 2024",Washington State Cougars,265,62,False,64.77000000000001,71.11111111111111,70.55777777777777
401607431,"February 22, 2024",Washington State Cougars,265,77,False,72.84,70.2,69.979
401607434,"February 24, 2024",Washington State Cougars,265,61,False,64.42,70.81818181818181,70.2390909090909
401607373,"January 10, 2024",Washington State Cougars,265,72,False,69.77,62.5,69.89750000000001
401607387,"January 18, 2024",Washington State Cougars,265,89,False,74.025,64.4,69.872
401607448,"January 20, 2024",Washington State Cougars,265,75,False,74.7,68.5,70.56416666666667
401580928,"November 18, 2023",Washington State Cougars,265,64,True,71.375,0.0,0.0
401597830,"November 06, 2023",Washington and Lee Generals,nd-washington-and-lee-generals,63,False,67.84,0.0,0.0
401584453,"December 05, 2023",Weber State Wildcats,2692,54,False,66.28,59.0,61.80833333333333
401590840,"December 13, 2023",Weber State Wildcats,2692,55,False,64.88499999999999,57.75,62.926249999999996
401601133,"December 16, 2023",Weber State Wildcats,2692,84,False,63.025,57.2,63.318
401573426,"February 01, 2024",Weber State Wildcats,2692,72,False,69.305,65.0,64.711
401573430,"February 03, 2024",Weber State Wildcats,2692,82,False,74.305,65.63636363636364,65.12863636363636
401573444,"February 15, 2024",Weber State Wildcats,2692,70,False,63.885,67.0,65.89333333333333
401573447,"February 17, 2024",Weber State Wildcats,2692,90,False,73.025,67.23076923076923,65.73884615384615
401573458,"February 24, 2024",Weber State Wildcats,2692,62,False,64.955,68.85714285714286,66.25928571428571
401580037,"January 06, 2024",Weber State Wildcats,2692,83,False,67.35,61.666666666666664,63.269166666666656
401573397,"January 11, 2024",Weber State Wildcats,2692,69,False,62.095,64.71428571428571,63.85214285714285
401573402,"January 13, 2024",Weber State Wildcats,2692,66,False,69.28,65.25,63.63249999999999
401573413,"January 22, 2024",Weber State Wildcats,2692,62,False,68.77,65.33333333333333,64.25999999999999
401573469,"March 04, 2024",Weber State Wildcats,2692,64,False,66.28,68.4,66.17233333333334
401598039,"November 12, 2023",Weber State Wildcats,2692,61,False,66.88499999999999,0.0,0.0
401581509,"November 17, 2023",Weber State Wildcats,2692,61,True,65.515,61.0,66.88499999999999
401581511,"November 19, 2023",Weber State Wildcats,2692,55,True,53.025,61.0,66.19999999999999
401598581,"January 23, 2024",Wells College Express,nd-wells-college-express,49,False,71.35,0.0,0.0
401575475,"December 16, 2023",West Virginia Mountaineers,277,79,True,78.42,54.0,61.955
401575478,"December 30, 2023",West Virginia Mountaineers,277,75,True,79.375,66.5,70.1875
401603469,"February 10, 2024",West Virginia Mountaineers,277,58,False,70.28,64.42857142857143,71.15142857142857
401603471,"February 12, 2024",West Virginia Mountaineers,277,65,False,75.63,63.625,71.0425
401603490,"February 24, 2024",West Virginia Mountaineers,277,64,False,69.025,63.77777777777778,71.55222222222223
401603496,"February 26, 2024",West Virginia Mountaineers,277,90,False,77.725,63.8,71.2995
401603399,"January 06, 2024",West Virginia Mountaineers,277,55,False,65.49,69.33333333333333,73.25
401603424,"January 17, 2024",West Virginia Mountaineers,277,63,False,76.05,65.75,71.31
401603437,"January 23, 2024",West Virginia Mountaineers,277,59,False,68.35,65.2,72.258
401603445,"January 27, 2024",West Virginia Mountaineers,277,66,False,68.42,64.16666666666667,71.60666666666667
401603518,"March 09, 2024",West Virginia Mountaineers,277,56,False,67.56,66.18181818181819,71.88363636363637
401625415,"March 12, 2024",West Virginia Mountaineers,277,85,True,68.63,65.33333333333333,71.52333333333333
401603134,"November 22, 2023",West Virginia Mountaineers,277,54,True,61.955,0.0,0.0
401576689,"December 29, 2023",Westcliff Warriors,nd-westcliff-warriors,47,False,68.955,68.0,84.375
401606992,"December 31, 2023",Westcliff Warriors,nd-westcliff-warriors,65,False,80.42,57.5,76.66499999999999
401590947,"November 07, 2023",Westcliff Warriors,nd-westcliff-warriors,68,False,84.375,0.0,0.0
401583806,"December 02, 2023",Western Carolina Catamounts,2717,77,False,77.515,68.66666666666667,67.83166666666666
401583807,"December 05, 2023",Western Carolina Catamounts,2717,71,False,75.305,70.75,70.2525
401583809,"December 16, 2023",Western Carolina Catamounts,2717,70,False,69.025,70.8,71.263
401583810,"December 19, 2023",Western Carolina Catamounts,2717,63,False,72.63,70.66666666666667,70.89
401587937,"February 03, 2024",Western Carolina Catamounts,2717,86,False,73.91,70.27272727272727,69.97045454545454
401587950,"February 14, 2024",Western Carolina Catamounts,2717,62,False,70.98,71.58333333333333,70.29875
401587961,"February 21, 2024",Western Carolina Catamounts,2717,65,False,64.56,70.84615384615384,70.35115384615385
401587968,"February 24, 2024",Western Carolina Catamounts,2717,84,False,79.63,70.42857142857143,69.9375
401587893,"January 03, 2024",Western Carolina Catamounts,2717,80,False,65.305,69.57142857142857,71.13857142857144
401587900,"January 10, 2024",Western Carolina Catamounts,2717,80,False,74.095,70.875,70.409375
401587904,"January 13, 2024",Western Carolina Catamounts,2717,64,False,65.42,71.88888888888889,70.81888888888889
401587918,"January 20, 2024",Western Carolina Catamounts,2717,62,False,66.885,71.1,70.279
401587975,"March 02, 2024",Western Carolina Catamounts,2717,82,False,65.095,71.33333333333333,70.58366666666667
401582012,"November 11, 2023",Western Carolina Catamounts,2717,71,False,67.49,0.0,0.0
401583803,"November 13, 2023",Western Carolina Catamounts,2717,66,False,65.77,71.0,67.49
401583805,"November 28, 2023",Western Carolina Catamounts,2717,69,False,70.235,68.5,66.63
401584452,"November 24, 2023",Western Colorado Mountaineers,nd-western-colorado-mountaineers,52,False,73.815,0.0,0.0
401594194,"December 09, 2023",Western Illinois Leathernecks,2710,68,False,58.885,57.6,71.356
401574419,"December 20, 2023",Western Illinois Leathernecks,2710,65,False,68.91,59.333333333333336,69.2775
401587257,"December 31, 2023",Western Illinois Leathernecks,2710,78,False,65.025,60.142857142857146,69.225
401587295,"February 01, 2024",Western Illinois Leathernecks,2710,79,False,61.84,63.166666666666664,67.6225
401587301,"February 03, 2024",Western Illinois Leathernecks,2710,76,False,64.025,64.38461538461539,67.1776923076923
401587320,"February 15, 2024",Western Illinois Leathernecks,2710,62,False,61.28,65.21428571428571,66.9525
401587325,"February 17, 2024",Western Illinois Leathernecks,2710,68,False,66.235,65.0,66.57433333333333
401587270,"January 11, 2024",Western Illinois Leathernecks,2710,73,False,69.515,62.375,68.7
401587271,"January 13, 2024",Western Illinois Leathernecks,2710,63,False,62.025,63.55555555555556,68.79055555555556
401587287,"January 25, 2024",Western Illinois Leathernecks,2710,73,False,67.445,63.5,68.114
401587291,"January 27, 2024",Western Illinois Leathernecks,2710,50,False,62.885000000000005,64.36363636363636,68.05318181818183
401625577,"March 08, 2024",Western Illinois Leathernecks,2710,57,True,70.63,65.1875,66.553125
401592091,"November 06, 2023",Western Illinois Leathernecks,2710,68,False,79.375,0.0,0.0
401591581,"November 08, 2023",Western Illinois Leathernecks,2710,53,False,78.445,68.0,79.375
401594437,"November 21, 2023",Western Illinois Leathernecks,2710,66,False,69.7,60.5,78.91
401584514,"November 24, 2023",Western Illinois Leathernecks,2710,52,False,71.42,62.333333333333336,75.83999999999999
401584413,"November 27, 2023",Western Illinois Leathernecks,2710,49,False,57.84,59.75,74.735
401598956,"December 09, 2023",Western Kentucky Hilltoppers,98,82,False,79.515,74.66666666666667,77.22
401589375,"December 12, 2023",Western Kentucky Hilltoppers,98,91,False,84.165,76.5,77.79375
401594650,"December 19, 2023",Western Kentucky Hilltoppers,98,73,False,77.7,79.4,79.06800000000001
401573616,"February 07, 2024",Western Kentucky Hilltoppers,98,81,False,73.445,77.88888888888889,78.50111111111111
401573621,"February 10, 2024",Western Kentucky Hilltoppers,98,70,False,74.955,78.2,77.9955
401573638,"February 24, 2024",Western Kentucky Hilltoppers,98,72,False,76.05,77.45454545454545,77.71909090909091
401573587,"January 10, 2024",Western Kentucky Hilltoppers,98,74,False,74.42,78.33333333333333,78.84
401573594,"January 18, 2024",Western Kentucky Hilltoppers,98,70,False,76.63,77.71428571428571,78.20857142857143
401573598,"January 20, 2024",Western Kentucky Hilltoppers,98,87,False,82.42,76.75,78.01125
401573642,"March 02, 2024",Western Kentucky Hilltoppers,98,83,False,77.7,77.0,77.58
401573649,"March 09, 2024",Western Kentucky Hilltoppers,98,79,False,75.58500000000001,77.46153846153847,77.58923076923077
401577583,"November 09, 2023",Western Kentucky Hilltoppers,98,61,False,77.77,0.0,0.0
401594430,"November 14, 2023",Western Kentucky Hilltoppers,98,86,False,75.12,61.0,77.77
401608092,"November 25, 2023",Western Kentucky Hilltoppers,98,77,True,78.77,73.5,76.445
401581766,"December 05, 2023",Western Michigan Broncos,2711,65,False,69.375,57.5,63.6525
401577713,"December 16, 2023",Western Michigan Broncos,2711,68,False,72.28,60.0,65.56
401581768,"December 21, 2023",Western Michigan Broncos,2711,77,False,76.375,62.0,67.24000000000001
401588675,"February 06, 2024",Western Michigan Broncos,2711,61,False,61.095,69.8,70.3625
401634060,"February 10, 2024",Western Michigan Broncos,2711,54,False,67.955,69.0,69.52
401588684,"February 17, 2024",Western Michigan Broncos,2711,42,False,69.63,67.75,69.38958333333333
401588698,"February 27, 2024",Western Michigan Broncos,2711,67,False,65.165,65.76923076923077,69.40807692307692
401588615,"January 02, 2024",Western Michigan Broncos,2711,83,False,75.725,65.0,69.06700000000001
401588625,"January 06, 2024",Western Michigan Broncos,2711,82,False,69.025,68.0,70.17666666666666
401588640,"January 16, 2024",Western Michigan Broncos,2711,66,False,65.675,70.0,70.01214285714286
401588648,"January 20, 2024",Western Michigan Broncos,2711,79,False,78.445,69.5,69.47
401588661,"January 30, 2024",Western Michigan Broncos,2711,63,False,69.42,70.55555555555556,70.46722222222223
401588708,"March 02, 2024",Western Michigan Broncos,2711,78,False,74.98,65.85714285714286,69.105
401625503,"March 14, 2024",Western Michigan Broncos,2711,55,True,73.165,66.66666666666667,69.49666666666667
401581719,"November 14, 2023",Western Michigan Broncos,2711,59,False,61.49,0.0,0.0
401577635,"November 19, 2023",Western Michigan Broncos,2711,56,False,65.815,59.0,61.49
401604333,"December 04, 2023",Western New Mexico Mustangs,nd-western-new-mexico-mustangs,62,False,71.56,43.0,67.025
401604277,"November 14, 2023",Western New Mexico Mustangs,nd-western-new-mexico-mustangs,43,False,67.025,0.0,0.0
401602690,"December 09, 2023",Western Oregon Wolves,nd-western-oregon-wolves,70,False,74.515,0.0,0.0
401600240,"November 15, 2023",Westfield State Owls,nd-westfield-state-owls,61,False,73.91,0.0,0.0
401583782,"December 18, 2023",Westminster (PA) Titans,nd-westminster-pa-titans,45,False,86.7,0.0,0.0
401601136,"November 22, 2023",Westmont Warriors,nd-westmont-warriors,79,False,73.445,0.0,0.0
401600065,"December 05, 2023",Whittier Poets,nd-whittier-poets,58,False,84.84,0.0,0.0
401577587,"December 03, 2023",Wichita State Shockers,2724,72,False,75.375,76.0,76.16499999999999
401577590,"December 21, 2023",Wichita State Shockers,2724,60,True,67.815,74.66666666666667,75.90166666666666
401575459,"December 30, 2023",Wichita State Shockers,2724,67,True,78.165,71.0,73.88
401602114,"February 03, 2024",Wichita State Shockers,2724,63,False,65.42,69.44444444444444,73.02000000000001
401602134,"February 15, 2024",Wichita State Shockers,2724,55,False,66.955,68.8,72.26
401602139,"February 18, 2024",Wichita State Shockers,2724,61,False,65.56,67.54545454545455,71.77772727272728
401602159,"February 28, 2024",Wichita State Shockers,2724,74,False,71.77,67.0,71.25958333333334
401602067,"January 07, 2024",Wichita State Shockers,2724,61,False,74.885,70.2,74.737
401602085,"January 18, 2024",Wichita State Shockers,2724,77,False,71.77,68.66666666666667,74.76166666666667
401602091,"January 21, 2024",Wichita State Shockers,2724,68,False,69.235,69.85714285714286,74.33428571428571
401602110,"January 31, 2024",Wichita State Shockers,2724,68,False,67.605,69.625,73.696875
401602174,"March 08, 2024",Wichita State Shockers,2724,75,False,73.7,67.53846153846153,71.29884615384616
401625463,"March 14, 2024",Wichita State Shockers,2724,71,True,68.885,68.07142857142857,71.47035714285714
401625467,"March 15, 2024",Wichita State Shockers,2724,60,True,62.77,68.26666666666667,71.298
401581144,"November 16, 2023",Wichita State Shockers,2724,86,False,77.7,0.0,0.0
401582111,"November 17, 2023",Wichita State Shockers,2724,66,True,74.63,86.0,77.7
401588730,"December 29, 2023",Wilberforce Bulldogs,nd-wilberforce-bulldogs,69,False,90.725,75.0,98.98
401608976,"November 10, 2023",Wilberforce Bulldogs,nd-wilberforce-bulldogs,75,False,98.98,0.0,0.0
401604285,"December 19, 2023",Wiley Wildcats,nd-wiley-wildcats,49,False,73.515,0.0,0.0
401602709,"November 19, 2023",Wilkes University Colonels,nd-wilkes-university-colonels,53,False,67.28,0.0,0.0
401583840,"November 25, 2023",Willamette Bearcats,nd-willamette-bearcats,84,False,84.025,0.0,0.0
401593792,"December 02, 2023",William & Mary Tribe,2729,69,False,65.885,76.25,72.735
401576688,"December 21, 2023",William & Mary Tribe,2729,59,False,65.235,74.8,71.365
401594154,"December 30, 2023",William & Mary Tribe,2729,65,False,68.05,72.16666666666667,70.34333333333333
401600714,"February 08, 2024",William & Mary Tribe,2729,64,False,64.235,69.72727272727273,69.24136363636363
401600720,"February 10, 2024",William & Mary Tribe,2729,58,False,64.35,69.25,68.82416666666667
401600735,"February 19, 2024",William & Mary Tribe,2729,57,False,70.58500000000001,68.38461538461539,68.48
401600747,"February 24, 2024",William & Mary Tribe,2729,62,False,73.025,67.57142857142857,68.63035714285715
401600756,"February 29, 2024",William & Mary Tribe,2729,71,False,64.84,67.2,68.92333333333333
401600659,"January 11, 2024",William & Mary Tribe,2729,73,False,66.235,71.14285714285714,70.01571428571428
401600679,"January 20, 2024",William & Mary Tribe,2729,69,False,75.33,71.375,69.543125
401600687,"January 25, 2024",William & Mary Tribe,2729,55,False,66.35,71.11111111111111,70.1861111111111
401600694,"January 27, 2024",William & Mary Tribe,2729,72,False,63.63,69.5,69.8025
401630139,"March 08, 2024",William & Mary Tribe,2729,79,True,68.305,67.4375,68.668125
401630142,"March 09, 2024",William & Mary Tribe,2729,56,True,60.745,68.11764705882354,68.64676470588235
401581073,"November 11, 2023",William & Mary Tribe,2729,89,False,80.815,0.0,0.0
401581814,"November 16, 2023",William & Mary Tribe,2729,83,True,72.91,89.0,80.815
401594151,"November 17, 2023",William & Mary Tribe,2729,71,False,68.235,86.0,76.8625
401594152,"November 28, 2023",William & Mary Tribe,2729,62,False,68.98,81.0,73.98666666666666
401597417,"November 06, 2023",William Carey Crusaders,nd-william-carey-crusaders,42,False,71.49,0.0,0.0
401594571,"December 01, 2023",William Peace Pacers,nd-william-peace-pacers,56,False,69.63,0.0,0.0
401604764,"December 20, 2023",William Woods Owls,nd-william-woods-owls,75,False,74.445,0.0,0.0
401600058,"December 02, 2023",Winthrop Eagles,2737,90,False,69.56,66.33333333333333,67.87
401600059,"December 10, 2023",Winthrop Eagles,2737,85,False,66.955,72.25,68.2925
401577611,"December 16, 2023",Winthrop Eagles,2737,59,False,68.165,74.8,68.025
401592852,"December 19, 2023",Winthrop Eagles,2737,62,False,66.42,72.16666666666667,68.04833333333333
401586908,"December 22, 2023",Winthrop Eagles,2737,61,False,77.47,70.71428571428571,67.8157142857143
401601252,"February 03, 2024",Winthrop Eagles,2737,78,False,75.165,72.58333333333333,69.52958333333333
401601258,"February 10, 2024",Winthrop Eagles,2737,74,False,72.47,73.0,69.96307692307693
401601264,"February 15, 2024",Winthrop Eagles,2737,85,False,64.095,73.07142857142857,70.14214285714286
401601279,"February 28, 2024",Winthrop Eagles,2737,96,False,85.26,73.86666666666666,69.739
401601220,"January 06, 2024",Winthrop Eagles,2737,82,False,73.795,69.5,69.02250000000001
401601224,"January 10, 2024",Winthrop Eagles,2737,81,False,65.49,70.88888888888889,69.55277777777778
401601234,"January 20, 2024",Winthrop Eagles,2737,74,False,72.33,71.9,69.1465
401601237,"January 24, 2024",Winthrop Eagles,2737,78,False,70.56,72.0909090909091,69.43590909090909
401583759,"November 06, 2023",Winthrop Eagles,2737,56,False,68.42,0.0,0.0
401594213,"November 18, 2023",Winthrop Eagles,2737,74,True,67.955,56.0,68.42
401594531,"November 24, 2023",Winthrop Eagles,2737,69,False,67.235,65.0,68.1875
401600300,"December 05, 2023",Wisconsin Badgers,275,70,False,58.49,64.33333333333333,61.373333333333335
401584414,"December 09, 2023",Wisconsin Badgers,275,73,False,76.91,65.75,60.6525
401600363,"February 01, 2024",Wisconsin Badgers,275,72,False,75.42,68.875,64.3825
401600375,"February 07, 2024",Wisconsin Badgers,275,68,False,69.165,69.22222222222223,65.60888888888888
401600381,"February 10, 2024",Wisconsin Badgers,275,56,False,68.815,69.1,65.9645
401600393,"February 17, 2024",Wisconsin Badgers,275,86,False,75.05,67.9090909090909,66.22363636363637
401600410,"February 27, 2024",Wisconsin Badgers,275,70,False,63.025,69.41666666666667,66.95916666666666
401600323,"January 10, 2024",Wisconsin Badgers,275,71,False,60.885,67.2,63.903999999999996
401600334,"January 16, 2024",Wisconsin Badgers,275,83,False,72.7,67.83333333333333,63.40083333333333
401600348,"January 23, 2024",Wisconsin Badgers,275,61,False,61.955,70.0,64.72928571428572
401600433,"March 10, 2024",Wisconsin Badgers,275,70,False,67.49,69.46153846153847,66.65653846153846
401625685,"March 15, 2024",Wisconsin Badgers,275,70,True,65.095,69.5,66.71607142857142
401625688,"March 16, 2024",Wisconsin Badgers,275,76,True,72.12,69.53333333333333,66.608
401625690,"March 17, 2024",Wisconsin Badgers,275,87,True,70.305,69.9375,66.9525
401574572,"November 14, 2023",Wisconsin Badgers,275,59,False,67.42,0.0,0.0
401575429,"November 20, 2023",Wisconsin Badgers,275,65,True,54.745,59.0,67.42
401603135,"November 22, 2023",Wisconsin Badgers,275,69,True,61.955,62.0,61.082499999999996
401598924,"November 06, 2023",Wisconsin-Stout Blue Devils,nd-wisconsin-stout-blue-devils,73,False,78.77,0.0,0.0
401597997,"November 20, 2023",Wisconsin-Stout Blue Devils,nd-wisconsin-stout-blue-devils,72,False,76.955,73.0,78.77
401587161,"November 25, 2023",Wittenberg Tigers,nd-wittenberg-tigers,64,False,73.63,0.0,0.0
401587152,"December 02, 2023",Wofford Terriers,2747,74,False,73.42,73.0,74.305
401594582,"December 06, 2023",Wofford Terriers,2747,81,False,72.7,73.25,74.08375000000001
401594583,"December 09, 2023",Wofford Terriers,2747,88,False,67.56,74.8,73.807
401594585,"December 20, 2023",Wofford Terriers,2747,70,False,72.14,77.0,72.76583333333333
401587941,"February 07, 2024",Wofford Terriers,2747,50,False,61.56,73.45454545454545,69.32727272727273
401587952,"February 14, 2024",Wofford Terriers,2747,73,False,60.885,71.5,68.67999999999999
401587960,"February 21, 2024",Wofford Terriers,2747,65,False,66.49,71.61538461538461,68.08038461538462
401587964,"February 24, 2024",Wofford Terriers,2747,67,False,62.42,71.14285714285714,67.9667857142857
401587894,"January 06, 2024",Wofford Terriers,2747,66,False,65.955,76.0,72.67642857142857
401587907,"January 13, 2024",Wofford Terriers,2747,72,False,61.675,74.75,71.83625
401587915,"January 20, 2024",Wofford Terriers,2747,59,False,60.095,74.44444444444444,70.70722222222223
401587932,"January 31, 2024",Wofford Terriers,2747,79,False,66.14,72.9,69.646
401587977,"March 02, 2024",Wofford Terriers,2747,74,False,68.63,70.86666666666666,67.59700000000001
401625585,"March 09, 2024",Wofford Terriers,2747,57,True,68.7,71.0625,67.6615625
401575519,"November 14, 2023",Wofford Terriers,2747,61,False,64.305,0.0,0.0
401584331,"November 19, 2023",Wofford Terriers,2747,76,False,74.56,61.0,64.305
401594580,"November 25, 2023",Wofford Terriers,2747,82,True,84.05,68.5,69.4325
401583785,"November 09, 2023",Worcester State Lancers,nd-worcester-state-lancers,72,False,77.91,0.0,0.0
401589373,"December 02, 2023",Wright State Raiders,2750,73,False,67.16499999999999,80.5,74.31
401587648,"December 29, 2023",Wright State Raiders,2750,77,False,72.095,79.0,72.881
401587673,"December 31, 2023",Wright State Raiders,2750,83,False,69.235,78.66666666666667,72.75
401587723,"February 04, 2024",Wright State Raiders,2750,85,False,77.77,85.25,74.35708333333334
401587747,"February 22, 2024",Wright State Raiders,2750,93,False,73.165,85.23076923076923,74.61961538461539
401587753,"February 25, 2024",Wright State Raiders,2750,96,False,76.63,85.78571428571429,74.51571428571428
401587682,"January 06, 2024",Wright State Raiders,2750,106,False,83.445,79.28571428571429,72.24785714285714
401587688,"January 10, 2024",Wright State Raiders,2750,101,False,72.63,82.625,73.6475
401587691,"January 12, 2024",Wright State Raiders,2750,71,False,72.235,84.66666666666667,73.53444444444443
401587708,"January 25, 2024",Wright State Raiders,2750,107,False,85.33,83.3,73.4045
401587714,"January 28, 2024",Wright State Raiders,2750,83,False,72.91,85.45454545454545,74.48863636363636
401589372,"November 10, 2023",Wright State Raiders,2750,77,False,76.885,0.0,0.0
401577614,"November 16, 2023",Wright State Raiders,2750,80,False,75.095,77.0,76.885
401581574,"November 20, 2023",Wright State Raiders,2750,91,True,73.025,78.5,75.99000000000001
401581579,"November 22, 2023",Wright State Raiders,2750,74,True,72.235,82.66666666666667,75.00166666666667
401583842,"December 01, 2023",Wyoming Cowboys,2751,70,False,73.84,70.5,70.1875
401581561,"December 20, 2023",Wyoming Cowboys,2751,78,True,76.305,70.33333333333333,71.405
401581564,"December 21, 2023",Wyoming Cowboys,2751,67,False,69.12,72.25,72.63
401593958,"December 30, 2023",Wyoming Cowboys,2751,68,False,72.025,71.2,71.928
401597309,"February 03, 2024",Wyoming Cowboys,2751,48,False,59.42,69.1,70.04400000000001
401602991,"February 17, 2024",Wyoming Cowboys,2751,80,False,68.025,67.18181818181819,69.07818181818182
401602985,"February 20, 2024",Wyoming Cowboys,2751,58,False,68.7,68.25,68.99041666666666
401602992,"January 06, 2024",Wyoming Cowboys,2751,60,False,72.16499999999999,70.66666666666667,71.94416666666667
401600794,"January 09, 2024",Wyoming Cowboys,2751,59,False,67.305,69.14285714285714,71.97571428571429
401597940,"January 23, 2024",Wyoming Cowboys,2751,65,False,67.955,67.875,71.391875
401594450,"January 30, 2024",Wyoming Cowboys,2751,83,False,61.35,67.55555555555556,71.01
401602995,"March 02, 2024",Wyoming Cowboys,2751,62,False,66.235,67.46153846153847,68.96807692307692
401600816,"March 09, 2024",Wyoming Cowboys,2751,86,False,65.21,67.07142857142857,68.77285714285715
401582116,"November 19, 2023",Wyoming Cowboys,2751,78,True,70.42,0.0,0.0
401583727,"November 26, 2023",Wyoming Cowboys,2751,63,False,69.955,78.0,70.42
401602187,"November 08, 2023",Xavier (LA) Gold Nuggets,nd-xavier-la-gold-nuggets,62,False,70.05,0.0,0.0
401597418,"November 15, 2023",Xavier (LA) Gold Nuggets,nd-xavier-la-gold-nuggets,45,False,76.05,62.0,70.05
401599442,"December 20, 2023",Xavier Musketeers,2752,66,False,75.77,68.5,70.0825
401599514,"February 03, 2024",Xavier Musketeers,2752,93,False,75.375,69.57142857142857,70.28714285714285
401599532,"February 14, 2024",Xavier Musketeers,2752,70,False,69.235,72.5,70.923125
401599546,"February 25, 2024",Xavier Musketeers,2752,64,False,78.49,72.22222222222223,70.73555555555555
401599473,"January 03, 2024",Xavier Musketeers,2752,65,False,66.35,67.66666666666667,71.97833333333334
401599487,"January 13, 2024",Xavier Musketeers,2752,85,False,67.42,67.0,70.57124999999999
401599499,"January 23, 2024",Xavier Musketeers,2752,78,False,69.49,70.6,69.941
401599508,"January 28, 2024",Xavier Musketeers,2752,56,False,72.815,71.83333333333333,69.86583333333333
401599555,"March 02, 2024",Xavier Musketeers,2752,98,False,75.61,71.4,71.511
401599560,"March 06, 2024",Xavier Musketeers,2752,66,False,76.42,73.81818181818181,71.88363636363637
401625556,"March 13, 2024",Xavier Musketeers,2752,76,True,78.35,73.16666666666667,72.26166666666667
401625559,"March 14, 2024",Xavier Musketeers,2752,60,True,69.63,73.38461538461539,72.73
401574570,"November 13, 2023",Xavier Musketeers,2752,71,False,72.21,0.0,0.0
401601493,"November 19, 2023",Xavier Musketeers,2752,66,True,67.955,71.0,72.21
401587188,"December 02, 2023",Yale Bulldogs,43,65,False,62.955,72.4,70.723
401577688,"December 11, 2023",Yale Bulldogs,43,73,False,70.095,71.16666666666667,69.42833333333333
401575458,"December 22, 2023",Yale Bulldogs,43,60,False,64.28,71.42857142857143,69.52357142857143
401579121,"December 30, 2023",Yale Bulldogs,43,66,False,69.095,70.0,68.86812499999999
401587195,"February 16, 2024",Yale Bulldogs,43,76,False,62.63,72.76923076923077,68.46884615384616
401587179,"February 17, 2024",Yale Bulldogs,43,62,False,60.63,73.0,68.05178571428571
401587196,"February 23, 2024",Yale Bulldogs,43,62,False,69.91,72.26666666666667,67.557
401587197,"February 24, 2024",Yale Bulldogs,43,84,False,65.375,71.625,67.7040625
401587190,"January 03, 2024",Yale Bulldogs,43,86,False,71.98,69.55555555555556,68.89333333333333
401577667,"January 09, 2024",Yale Bulldogs,43,80,False,70.025,71.2,69.202
401587192,"January 20, 2024",Yale Bulldogs,43,76,False,66.095,72.0,69.27681818181817
401581749,"January 27, 2024",Yale Bulldogs,43,78,False,61.955,72.33333333333333,69.01166666666667
401587185,"November 10, 2023",Yale Bulldogs,43,71,False,70.49,0.0,0.0
401587186,"November 12, 2023",Yale Bulldogs,43,83,False,72.05,71.0,70.49
401581513,"November 18, 2023",Yale Bulldogs,43,65,True,73.56,77.0,71.27
401581512,"November 19, 2023",Yale Bulldogs,43,71,True,76.305,73.0,72.03333333333333
401586901,"November 26, 2023",Yale Bulldogs,43,72,False,61.21,72.5,73.10125
401581874,"November 27, 2023",York College Nebraska Panthers,nd-york-college-nebraska-panthers,68,False,77.49,0.0,0.0
401587644,"December 02, 2023",Youngstown State Penguins,2754,71,False,71.955,64.33333333333333,73.25
401583780,"December 06, 2023",Youngstown State Penguins,2754,78,False,72.165,66.0,72.92625
401581767,"December 09, 2023",Youngstown State Penguins,2754,72,False,69.28,68.4,72.774
401587719,"February 01, 2024",Youngstown State Penguins,2754,88,False,72.63,74.0,70.646
401587724,"February 04, 2024",Youngstown State Penguins,2754,78,False,73.84,75.27272727272727,70.82636363636364
401587744,"February 17, 2024",Youngstown State Penguins,2754,73,False,71.7,75.5,71.0775
401587749,"February 23, 2024",Youngstown State Penguins,2754,84,False,78.165,75.3076923076923,71.12538461538462
401587754,"February 25, 2024",Youngstown State Penguins,2754,71,False,62.42,75.92857142857143,71.6282142857143
401587679,"January 04, 2024",Youngstown State Penguins,2754,76,False,68.165,69.0,72.19166666666666
401587697,"January 17, 2024",Youngstown State Penguins,2754,67,False,63.955,70.0,71.61642857142857
401587704,"January 20, 2024",Youngstown State Penguins,2754,105,False,70.49,69.625,70.65875
401587709,"January 25, 2024",Youngstown State Penguins,2754,78,False,70.7,73.55555555555556,70.64
401583776,"November 06, 2023",Youngstown State Penguins,2754,62,False,75.84,0.0,0.0
401577628,"November 10, 2023",Youngstown State Penguins,2754,62,False,77.56,62.0,75.84
401577532,"November 24, 2023",Youngstown State Penguins,2754,69,False,66.35,62.0,76.7
