game_id,game_day,home_team,home_id,home_score,is_neutral,home_poss,points_home,poss_home
401574049,"December 02, 2023",Abilene Christian Wildcats,2000,74,False,91.725,66.5,71.805
401584365,"December 06, 2023",Abilene Christian Wildcats,2000,76,False,77.58500000000001,69.0,78.445
401600132,"December 10, 2023",Abilene Christian Wildcats,2000,120,False,93.12,70.75,78.23
401600133,"December 17, 2023",Abilene Christian Wildcats,2000,88,False,82.68,80.6,81.208
401574095,"February 01, 2024",Abilene Christian Wildcats,2000,73,False,73.235,80.9,80.2245
401574122,"February 22, 2024",Abilene Christian Wildcats,2000,71,False,66.77,80.18181818181819,79.58909090909091
401574128,"February 24, 2024",Abilene Christian Wildcats,2000,79,False,67.84,79.41666666666667,78.52083333333333
401574060,"January 06, 2024",Abilene Christian Wildcats,2000,91,False,87.86500000000001,81.83333333333333,81.45333333333333
401574080,"January 20, 2024",Abilene Christian Wildcats,2000,78,False,82.58500000000001,83.14285714285714,82.36928571428572
401574085,"January 25, 2024",Abilene Christian Wildcats,2000,82,False,70.77,82.5,82.39625000000001
401574089,"January 27, 2024",Abilene Christian Wildcats,2000,67,False,72.305,82.44444444444444,81.10444444444445
401574141,"March 07, 2024",Abilene Christian Wildcats,2000,64,False,64.955,79.38461538461539,77.69923076923077
401574148,"March 09, 2024",Abilene Christian Wildcats,2000,67,False,66.49,78.28571428571429,76.78892857142857
401598016,"November 14, 2023",Abilene Christian Wildcats,2000,74,False,75.515,0.0,0.0
401582123,"November 19, 2023",Abilene Christian Wildcats,2000,59,True,68.095,74.0,75.515
401593975,"December 09, 2023",Air Force Falcons,2005,68,False,69.63,66.6,66.253
401594018,"December 21, 2023",Air Force Falcons,2005,79,False,67.49000000000001,66.83333333333333,66.81583333333333
401594452,"February 06, 2024",Air Force Falcons,2005,64,False,60.77,67.72727272727273,66.05681818181819
401594453,"February 10, 2024",Air Force Falcons,2005,66,False,63.56,67.41666666666667,65.61625
401594455,"February 21, 2024",Air Force Falcons,2005,43,False,58.235,67.3076923076923,65.45807692307693
401594457,"February 27, 2024",Air Force Falcons,2005,48,False,63.44499999999999,65.57142857142857,64.94214285714285
401594443,"January 02, 2024",Air Force Falcons,2005,60,False,65.84,68.57142857142857,66.91214285714285
401594445,"January 13, 2024",Air Force Falcons,2005,67,False,58.28,67.5,66.778125
401594447,"January 20, 2024",Air Force Falcons,2005,66,False,72.49,67.44444444444444,65.8338888888889
401594450,"January 30, 2024",Air Force Falcons,2005,72,False,61.63,67.3,66.4995
401594460,"March 09, 2024",Air Force Falcons,2005,73,False,60.7,64.4,64.84233333333333
401594029,"November 06, 2023",Air Force Falcons,2005,55,False,63.165,0.0,0.0
401581812,"November 16, 2023",Air Force Falcons,2005,76,False,70.305,55.0,63.165
401594151,"November 17, 2023",Air Force Falcons,2005,80,False,68.955,65.5,66.735
401587243,"November 19, 2023",Air Force Falcons,2005,58,False,64.56,70.33333333333333,67.47500000000001
401575393,"November 22, 2023",Air Force Falcons,2005,64,False,64.28,67.25,66.74625
401587208,"December 05, 2023",Akron Zips,2006,67,False,63.42,76.8,69.039
401601457,"December 17, 2023",Akron Zips,2006,88,False,63.095,75.16666666666667,68.1025
401601458,"December 21, 2023",Akron Zips,2006,94,False,80.84,77.0,67.38714285714285
401575424,"December 30, 2023",Akron Zips,2006,61,True,60.955,79.125,69.06875
401588671,"February 02, 2024",Akron Zips,2006,77,False,73.235,76.6923076923077,67.94653846153847
401588676,"February 06, 2024",Akron Zips,2006,68,False,64.42,76.71428571428571,68.32428571428571
401588694,"February 23, 2024",Akron Zips,2006,83,False,68.165,76.13333333333334,68.06400000000001
401588622,"January 05, 2024",Akron Zips,2006,83,False,66.375,77.11111111111111,68.16722222222222
401588634,"January 12, 2024",Akron Zips,2006,76,False,70.42,77.7,67.988
401588640,"January 16, 2024",Akron Zips,2006,77,False,65.49,77.54545454545455,68.2090909090909
401588649,"January 23, 2024",Akron Zips,2006,67,False,67.515,77.5,67.9825
401588709,"March 02, 2024",Akron Zips,2006,80,False,67.58500000000001,76.5625,68.0703125
401588712,"March 05, 2024",Akron Zips,2006,60,False,62.095,76.76470588235294,68.04176470588236
401625502,"March 14, 2024",Akron Zips,2006,75,True,77.42,75.83333333333333,67.71138888888889
401625505,"March 15, 2024",Akron Zips,2006,65,True,71.165,75.78947368421052,68.22236842105262
401625506,"March 16, 2024",Akron Zips,2006,62,True,63.885000000000005,75.25,68.3695
401574580,"November 10, 2023",Akron Zips,2006,72,False,68.35,0.0,0.0
401601456,"November 14, 2023",Akron Zips,2006,114,False,78.955,72.0,68.35
401581536,"November 19, 2023",Akron Zips,2006,77,True,71.375,93.0,73.6525
401581538,"November 20, 2023",Akron Zips,2006,62,True,66.025,87.66666666666667,72.89333333333333
401581542,"November 21, 2023",Akron Zips,2006,59,True,60.49,81.25,71.17625
401597874,"December 13, 2023",Alabama A&M Bulldogs,2010,82,False,71.77,85.0,82.91
401594566,"December 16, 2023",Alabama A&M Bulldogs,2010,72,False,74.235,83.5,77.34
401598907,"February 03, 2024",Alabama A&M Bulldogs,2010,73,False,72.49,75.4,72.961
401574635,"February 05, 2024",Alabama A&M Bulldogs,2010,72,False,71.235,75.0,72.8825
401600108,"February 17, 2024",Alabama A&M Bulldogs,2010,80,False,68.77000000000001,74.57142857142857,72.64714285714285
401600109,"February 19, 2024",Alabama A&M Bulldogs,2010,75,False,77.165,75.25,72.1625
401600103,"January 11, 2024",Alabama A&M Bulldogs,2010,71,False,66.235,79.66666666666667,76.30499999999999
401583822,"January 13, 2024",Alabama A&M Bulldogs,2010,67,False,69.655,77.5,73.7875
401600110,"March 02, 2024",Alabama A&M Bulldogs,2010,58,False,64.84,75.22222222222223,72.71833333333333
401600111,"March 07, 2024",Alabama A&M Bulldogs,2010,73,False,73.305,73.5,71.93050000000001
401600112,"March 09, 2024",Alabama A&M Bulldogs,2010,66,False,64.98,73.45454545454545,72.05545454545455
401594465,"November 29, 2023",Alabama A&M Bulldogs,2010,85,False,82.91,0.0,0.0
401591433,"December 04, 2023",Alabama Crimson Tide,333,89,False,78.84,96.8,74.003
401591435,"December 23, 2023",Alabama Crimson Tide,333,111,False,80.095,95.5,74.80916666666667
401584378,"December 30, 2023",Alabama Crimson Tide,333,101,True,66.21,97.71428571428571,75.56428571428572
401597166,"February 03, 2024",Alabama Crimson Tide,333,99,False,79.35,95.0,73.77958333333333
401597189,"February 17, 2024",Alabama Crimson Tide,333,100,False,74.305,95.3076923076923,74.20807692307693
401597197,"February 21, 2024",Alabama Crimson Tide,333,98,False,82.63,95.64285714285714,74.215
401597119,"January 09, 2024",Alabama Crimson Tide,333,74,False,64.815,98.125,74.395
401597130,"January 16, 2024",Alabama Crimson Tide,333,93,False,70.235,95.44444444444444,73.33055555555556
401597146,"January 24, 2024",Alabama Crimson Tide,333,79,False,76.165,95.2,73.021
401597150,"January 27, 2024",Alabama Crimson Tide,333,109,False,78.98,93.72727272727273,73.30681818181819
401597215,"March 02, 2024",Alabama Crimson Tide,333,74,False,74.375,95.8,74.77600000000001
401597228,"March 09, 2024",Alabama Crimson Tide,333,92,False,88.445,94.4375,74.7509375
401625456,"March 15, 2024",Alabama Crimson Tide,333,88,True,82.305,94.29411764705883,75.5564705882353
401591429,"November 06, 2023",Alabama Crimson Tide,333,105,False,76.33,0.0,0.0
401591430,"November 10, 2023",Alabama Crimson Tide,333,102,False,75.91,105.0,76.33
401591431,"November 14, 2023",Alabama Crimson Tide,333,102,False,71.235,103.5,76.12
401591432,"November 17, 2023",Alabama Crimson Tide,333,98,False,75.515,103.0,74.49166666666666
401574551,"November 28, 2023",Alabama Crimson Tide,333,77,False,71.025,101.75,74.7475
401600115,"December 03, 2023",Alabama State Hornets,2011,80,False,70.165,90.5,80.1775
401600116,"December 19, 2023",Alabama State Hornets,2011,59,False,73.815,87.0,76.83999999999999
401574634,"February 03, 2024",Alabama State Hornets,2011,68,False,79.12,74.25,73.67375
401598908,"February 05, 2024",Alabama State Hornets,2011,62,False,67.235,73.55555555555556,74.27888888888889
401600123,"February 17, 2024",Alabama State Hornets,2011,74,False,77.165,72.4,73.5745
401600124,"February 19, 2024",Alabama State Hornets,2011,61,False,65.305,72.54545454545455,73.90090909090908
401600117,"January 02, 2024",Alabama State Hornets,2011,84,False,78.955,80.0,76.08375
401583821,"January 11, 2024",Alabama State Hornets,2011,63,False,74.84,80.8,76.65799999999999
401600118,"January 13, 2024",Alabama State Hornets,2011,55,False,63.815,77.83333333333333,76.355
401627822,"January 15, 2024",Alabama State Hornets,2011,72,True,67.445,74.57142857142857,74.56357142857142
401600129,"March 07, 2024",Alabama State Hornets,2011,57,False,60.42,71.58333333333333,73.18458333333334
401600130,"March 09, 2024",Alabama State Hornets,2011,87,False,83.98,70.46153846153847,72.2026923076923
401600114,"November 14, 2023",Alabama State Hornets,2011,115,False,82.445,0.0,0.0
401583787,"November 25, 2023",Alabama State Hornets,2011,66,True,77.91,115.0,82.445
401602350,"February 03, 2024",Alcorn State Braves,2016,70,False,66.375,73.66666666666667,68.615
401602351,"February 05, 2024",Alcorn State Braves,2016,67,False,60.56,72.75,68.055
401574638,"February 17, 2024",Alcorn State Braves,2016,69,False,62.095,71.6,66.556
401598910,"February 19, 2024",Alcorn State Braves,2016,79,False,70.05,71.16666666666667,65.8125
401583831,"February 24, 2024",Alcorn State Braves,2016,87,False,72.305,72.28571428571429,66.41785714285714
401602349,"January 20, 2024",Alcorn State Braves,2016,61,False,70.095,70.0,67.7
401598026,"January 22, 2024",Alcorn State Braves,2016,90,False,68.05,65.5,68.89750000000001
401602355,"March 07, 2024",Alcorn State Braves,2016,74,False,59.28,74.125,67.15375
401611837,"March 09, 2024",Alcorn State Braves,2016,104,False,81.33,74.11111111111111,66.27888888888889
401625672,"March 13, 2024",Alcorn State Braves,2016,63,True,71.375,77.1,67.784
401602187,"November 08, 2023",Alcorn State Braves,2016,70,False,67.7,0.0,0.0
401589382,"December 02, 2023",American University Eagles,44,73,False,66.165,84.0,68.47874999999999
401594494,"February 03, 2024",American University Eagles,44,75,False,68.77,77.88888888888889,67.03555555555556
401594517,"February 07, 2024",American University Eagles,44,43,False,57.885,77.6,67.209
401597393,"February 17, 2024",American University Eagles,44,62,False,62.56,74.45454545454545,66.36136363636363
401597394,"February 21, 2024",American University Eagles,44,52,False,59.7,73.41666666666667,66.04458333333334
401597384,"January 03, 2024",American University Eagles,44,75,False,70.42,81.8,68.01599999999999
401597386,"January 13, 2024",American University Eagles,44,79,False,63.77,80.66666666666667,68.41666666666667
401597388,"January 24, 2024",American University Eagles,44,84,False,69.165,80.42857142857143,67.75285714285714
401597389,"January 27, 2024",American University Eagles,44,54,False,59.885,80.875,67.929375
401597397,"March 02, 2024",American University Eagles,44,65,False,62.025000000000006,71.76923076923077,65.55653846153847
401625703,"March 07, 2024",American University Eagles,44,57,False,60.84,71.28571428571429,65.30428571428571
401594394,"November 13, 2023",American University Eagles,44,78,False,64.955,0.0,0.0
401597382,"November 16, 2023",American University Eagles,44,87,False,71.235,78.0,64.955
401594343,"November 22, 2023",American University Eagles,44,68,False,67.095,82.5,68.095
401597383,"November 26, 2023",American University Eagles,44,103,False,70.63,77.66666666666667,67.76166666666667
401581830,"December 03, 2023",App State Mountaineers,2026,69,False,66.165,80.75,68.7
401581831,"December 05, 2023",App State Mountaineers,2026,111,False,84.375,78.4,68.19300000000001
401581833,"December 16, 2023",App State Mountaineers,2026,80,True,73.095,83.83333333333333,70.89
401581834,"December 21, 2023",App State Mountaineers,2026,63,True,69.885,83.28571428571429,71.205
401581493,"December 30, 2023",App State Mountaineers,2026,67,False,66.56,80.75,71.04
401634070,"February 10, 2024",App State Mountaineers,2026,109,False,92.515,80.23076923076923,71.39038461538462
401581505,"February 15, 2024",App State Mountaineers,2026,73,False,72.63,82.28571428571429,72.89928571428571
401581506,"February 17, 2024",App State Mountaineers,2026,85,False,68.095,81.66666666666667,72.88133333333333
401581609,"February 28, 2024",App State Mountaineers,2026,89,False,70.35,81.875,72.5821875
401581498,"January 17, 2024",App State Mountaineers,2026,76,False,69.84,79.22222222222223,70.54222222222222
401581499,"January 20, 2024",App State Mountaineers,2026,88,False,70.955,78.9,70.47200000000001
401581500,"January 25, 2024",App State Mountaineers,2026,84,False,74.305,79.72727272727273,70.51590909090909
401581501,"January 27, 2024",App State Mountaineers,2026,82,False,78.095,80.08333333333333,70.83166666666666
401581610,"March 01, 2024",App State Mountaineers,2026,80,False,70.49,82.29411764705883,72.45088235294118
401625595,"March 09, 2024",App State Mountaineers,2026,85,True,78.445,82.16666666666667,72.34194444444444
401625599,"March 10, 2024",App State Mountaineers,2026,65,True,59.42,82.3157894736842,72.66315789473684
401581824,"November 07, 2023",App State Mountaineers,2026,87,False,76.515,0.0,0.0
401581826,"November 21, 2023",App State Mountaineers,2026,86,True,66.955,87.0,76.515
401581828,"November 26, 2023",App State Mountaineers,2026,78,False,67.42,86.5,71.735
401581829,"November 29, 2023",App State Mountaineers,2026,72,False,63.91,83.66666666666667,70.29666666666667
401597959,"December 03, 2023",Arizona State Sun Devils,9,72,False,74.49,68.6,71.253
401591583,"December 06, 2023",Arizona State Sun Devils,9,76,False,78.005,69.16666666666667,71.7925
401581724,"December 20, 2023",Arizona State Sun Devils,9,46,True,65.815,70.14285714285714,72.67999999999999
401607403,"February 01, 2024",Arizona State Sun Devils,9,62,False,69.955,70.25,70.92458333333333
401607406,"February 03, 2024",Arizona State Sun Devils,9,66,False,67.745,69.61538461538461,70.85
401607420,"February 14, 2024",Arizona State Sun Devils,9,79,False,69.56,69.35714285714286,70.62821428571428
401607429,"February 22, 2024",Arizona State Sun Devils,9,82,False,82.91,70.0,70.557
401607434,"February 24, 2024",Arizona State Sun Devils,9,73,False,63.885000000000005,70.75,71.3290625
401607437,"February 28, 2024",Arizona State Sun Devils,9,67,False,71.375,70.88235294117646,70.89117647058823
401607367,"January 04, 2024",Arizona State Sun Devils,9,82,False,74.42,67.125,71.821875
401607371,"January 06, 2024",Arizona State Sun Devils,9,76,False,68.445,68.77777777777777,72.11055555555555
401607474,"January 17, 2024",Arizona State Sun Devils,9,66,False,58.49,69.5,71.744
401607389,"January 20, 2024",Arizona State Sun Devils,9,82,False,75.165,69.18181818181819,70.5390909090909
401581869,"November 11, 2023",Arizona State Sun Devils,9,63,False,74.745,0.0,0.0
401582019,"November 16, 2023",Arizona State Sun Devils,9,71,False,70.235,63.0,74.745
401582152,"November 23, 2023",Arizona State Sun Devils,9,49,True,68.42,67.0,72.49000000000001
401582154,"November 24, 2023",Arizona State Sun Devils,9,82,True,66.7,61.0,71.13333333333334
401597958,"November 29, 2023",Arizona State Sun Devils,9,78,False,76.165,66.25,70.025
401598634,"December 02, 2023",Arizona Wildcats,12,82,False,74.745,98.8,77.589
401584414,"December 09, 2023",Arizona Wildcats,12,98,False,76.28,96.0,77.115
401591434,"December 20, 2023",Arizona Wildcats,12,87,True,81.795,96.28571428571429,76.99571428571429
401600258,"December 23, 2023",Arizona Wildcats,12,95,True,89.7,95.125,77.595625
401607402,"February 01, 2024",Arizona Wildcats,12,91,False,79.05,92.61538461538461,77.07384615384616
401607410,"February 04, 2024",Arizona Wildcats,12,82,False,71.63,92.5,77.215
401607425,"February 17, 2024",Arizona Wildcats,12,105,False,75.12,91.8,76.84266666666667
401607431,"February 22, 2024",Arizona Wildcats,12,74,False,72.445,92.625,76.735
401607433,"February 24, 2024",Arizona Wildcats,12,91,False,81.235,91.52941176470588,76.48264705882353
401607366,"January 04, 2024",Arizona Wildcats,12,97,False,72.35,95.11111111111111,78.94055555555556
401607370,"January 06, 2024",Arizona Wildcats,12,92,False,77.815,95.3,78.28150000000001
401607383,"January 17, 2024",Arizona Wildcats,12,82,False,74.815,95.0,78.2390909090909
401607388,"January 20, 2024",Arizona Wildcats,12,77,False,66.515,93.91666666666667,77.95375
401607438,"March 02, 2024",Arizona Wildcats,12,103,False,72.165,91.5,76.74666666666667
401625477,"March 14, 2024",Arizona Wildcats,12,70,True,66.63,92.10526315789474,76.50552631578948
401625481,"March 15, 2024",Arizona Wildcats,12,59,True,64.42,91.0,76.01174999999999
401600255,"November 06, 2023",Arizona Wildcats,12,122,False,78.12,0.0,0.0
401600256,"November 13, 2023",Arizona Wildcats,12,97,False,85.26,122.0,78.12
401607319,"November 17, 2023",Arizona Wildcats,12,100,False,79.445,109.5,81.69
401600257,"November 19, 2023",Arizona Wildcats,12,101,False,77.42,106.33333333333333,80.94166666666666
401592391,"November 23, 2023",Arizona Wildcats,12,74,True,67.7,105.0,80.06125
401594527,"December 04, 2023",Arkansas Razorbacks,8,97,False,79.7,82.33333333333333,77.2125
401593938,"December 16, 2023",Arkansas Razorbacks,8,69,True,67.28,84.42857142857143,77.56785714285715
401594528,"December 21, 2023",Arkansas Razorbacks,8,83,False,76.98,82.5,76.281875
401594529,"December 30, 2023",Arkansas Razorbacks,8,106,False,77.19,82.55555555555556,76.35944444444445
401597177,"February 10, 2024",Arkansas Razorbacks,8,78,False,69.91,78.5,74.83500000000001
401597186,"February 14, 2024",Arkansas Razorbacks,8,63,False,72.025,78.46666666666667,74.50666666666666
401597200,"February 24, 2024",Arkansas Razorbacks,8,88,False,68.19,77.5,74.3515625
401597207,"February 27, 2024",Arkansas Razorbacks,8,82,False,75.12,78.11764705882354,73.98911764705883
401597113,"January 06, 2024",Arkansas Razorbacks,8,51,False,71.885,84.9,76.44250000000001
401597131,"January 16, 2024",Arkansas Razorbacks,8,78,False,74.655,81.81818181818181,76.02818181818182
401597137,"January 20, 2024",Arkansas Razorbacks,8,64,False,65.095,81.5,75.91375000000001
401597151,"January 27, 2024",Arkansas Razorbacks,8,57,False,71.63,80.15384615384616,75.08153846153847
401597226,"March 06, 2024",Arkansas Razorbacks,8,94,False,79.655,78.33333333333333,74.05194444444444
401625447,"March 13, 2024",Arkansas Razorbacks,8,90,True,79.91,79.15789473684211,74.34684210526316
401594524,"November 06, 2023",Arkansas Razorbacks,8,93,False,74.795,0.0,0.0
401594525,"November 10, 2023",Arkansas Razorbacks,8,86,False,82.235,93.0,74.795
401581855,"November 13, 2023",Arkansas Razorbacks,8,86,False,70.515,89.5,78.515
401594526,"November 17, 2023",Arkansas Razorbacks,8,72,False,71.305,88.33333333333333,75.84833333333334
401580925,"November 22, 2023",Arkansas Razorbacks,8,77,True,84.84,84.25,74.7125
401574555,"November 29, 2023",Arkansas Razorbacks,8,80,False,79.58500000000001,82.8,76.738
401594614,"December 09, 2023",Arkansas State Red Wolves,2032,87,False,67.56,76.0,72.03333333333333
401581621,"February 03, 2024",Arkansas State Red Wolves,2032,95,False,74.98,83.77777777777777,70.12611111111111
401581622,"February 07, 2024",Arkansas State Red Wolves,2032,73,False,73.165,84.9,70.6115
401634069,"February 10, 2024",Arkansas State Red Wolves,2032,100,False,67.885,83.81818181818181,70.84363636363636
401581625,"February 22, 2024",Arkansas State Red Wolves,2032,79,False,74.025,85.16666666666667,70.59708333333333
401581626,"February 24, 2024",Arkansas State Red Wolves,2032,95,False,74.305,84.6923076923077,70.86076923076924
401581612,"January 04, 2024",Arkansas State Red Wolves,2032,109,False,71.375,78.75,70.91499999999999
401581613,"January 06, 2024",Arkansas State Red Wolves,2032,90,False,72.28,84.8,71.00699999999999
401581614,"January 11, 2024",Arkansas State Red Wolves,2032,85,False,69.56,85.66666666666667,71.21916666666667
401581615,"January 13, 2024",Arkansas State Red Wolves,2032,77,False,67.56,85.57142857142857,70.98214285714286
401581620,"January 31, 2024",Arkansas State Red Wolves,2032,78,False,66.7,84.5,70.554375
401625596,"March 09, 2024",Arkansas State Red Wolves,2032,89,True,72.7,85.42857142857143,71.10678571428572
401594610,"November 14, 2023",Arkansas State Red Wolves,2032,100,False,72.095,0.0,0.0
401604298,"November 24, 2023",Arkansas State Red Wolves,2032,57,True,74.63,100.0,72.095
401594612,"November 28, 2023",Arkansas State Red Wolves,2032,71,False,69.375,78.5,73.3625
401604759,"December 18, 2023",Arkansas-Pine Bluff Golden Lions,2029,125,False,83.05,98.5,82.7175
401602352,"February 10, 2024",Arkansas-Pine Bluff Golden Lions,2029,56,False,71.7,92.0,79.18333333333334
401583829,"February 12, 2024",Arkansas-Pine Bluff Golden Lions,2029,63,False,69.28,88.4,78.435
401598033,"February 24, 2024",Arkansas-Pine Bluff Golden Lions,2029,72,False,75.235,86.0909090909091,77.60272727272728
401603007,"February 26, 2024",Arkansas-Pine Bluff Golden Lions,2029,70,False,71.025,84.91666666666667,77.40541666666667
401600101,"January 06, 2024",Arkansas-Pine Bluff Golden Lions,2029,62,False,71.235,103.8,82.78399999999999
401600126,"January 08, 2024",Arkansas-Pine Bluff Golden Lions,2029,72,False,83.77,96.83333333333333,80.85916666666667
401598904,"January 20, 2024",Arkansas-Pine Bluff Golden Lions,2029,99,False,73.42,93.28571428571429,81.27499999999999
401574631,"January 22, 2024",Arkansas-Pine Bluff Golden Lions,2029,76,False,70.305,94.0,80.293125
401604929,"March 02, 2024",Arkansas-Pine Bluff Golden Lions,2029,78,False,70.7,83.76923076923077,76.91461538461539
401604754,"November 09, 2023",Arkansas-Pine Bluff Golden Lions,2029,116,False,91.375,0.0,0.0
401611838,"November 11, 2023",Arkansas-Pine Bluff Golden Lions,2029,112,False,84.35,116.0,91.375
401604756,"November 18, 2023",Arkansas-Pine Bluff Golden Lions,2029,81,False,77.05,114.0,87.8625
401604757,"November 27, 2023",Arkansas-Pine Bluff Golden Lions,2029,85,False,78.095,103.0,84.25833333333333
401584403,"December 01, 2023",Army Black Knights,349,74,False,64.42,54.666666666666664,65.13333333333333
401584404,"December 05, 2023",Army Black Knights,349,68,False,69.35,59.5,64.955
401584405,"December 17, 2023",Army Black Knights,349,74,False,75.77,61.2,65.83399999999999
401584407,"December 30, 2023",Army Black Knights,349,58,False,61.165,63.333333333333336,67.49
401604270,"February 03, 2024",Army Black Knights,349,56,False,65.56,62.27272727272727,64.99545454545454
401598597,"February 10, 2024",Army Black Knights,349,69,False,69.7,61.75,65.0425
401597974,"February 14, 2024",Army Black Knights,349,65,False,65.955,62.30769230769231,65.40076923076923
401602998,"February 21, 2024",Army Black Knights,349,54,False,64.28,62.5,65.44035714285714
401597396,"February 28, 2024",Army Black Knights,349,51,False,57.28,61.93333333333333,65.363
401600087,"January 06, 2024",Army Black Knights,349,70,False,62.095,62.57142857142857,66.58642857142857
401594510,"January 10, 2024",Army Black Knights,349,65,False,57.77,63.5,66.02499999999999
401598637,"January 17, 2024",Army Black Knights,349,56,False,66.49,63.666666666666664,65.10777777777778
401594492,"January 27, 2024",Army Black Knights,349,56,False,62.49,62.9,65.24600000000001
401625701,"March 05, 2024",Army Black Knights,349,68,False,62.77,61.25,64.8578125
401584384,"November 06, 2023",Army Black Knights,349,55,False,67.63,0.0,0.0
401577684,"November 17, 2023",Army Black Knights,349,58,False,66.35,55.0,67.63
401584402,"November 29, 2023",Army Black Knights,349,51,False,61.42,56.5,66.99
401583797,"December 13, 2023",Auburn Tigers,2,87,True,70.63,81.33333333333333,73.43
401583798,"December 17, 2023",Auburn Tigers,2,91,False,75.91,82.75,72.73
401583799,"December 22, 2023",Auburn Tigers,2,82,False,76.56,84.4,73.366
401583800,"December 30, 2023",Auburn Tigers,2,101,False,71.235,84.0,73.89833333333333
401597172,"February 07, 2024",Auburn Tigers,2,99,False,78.725,84.58333333333333,72.82625
401597185,"February 14, 2024",Auburn Tigers,2,101,False,71.165,85.6923076923077,73.28
401597190,"February 17, 2024",Auburn Tigers,2,59,False,68.84,86.78571428571429,73.12892857142857
401583801,"January 02, 2024",Auburn Tigers,2,88,False,67.63,86.42857142857143,73.51785714285714
401597116,"January 09, 2024",Auburn Tigers,2,66,False,72.165,86.625,72.781875
401597123,"January 13, 2024",Auburn Tigers,2,93,False,77.375,84.33333333333333,72.71333333333332
401597138,"January 20, 2024",Auburn Tigers,2,82,False,66.88499999999999,85.2,73.17949999999999
401597161,"January 31, 2024",Auburn Tigers,2,81,False,75.235,84.9090909090909,72.60727272727273
401597216,"March 02, 2024",Auburn Tigers,2,78,False,67.095,84.93333333333334,72.843
401597229,"March 09, 2024",Auburn Tigers,2,92,False,78.375,84.5,72.48375
401625454,"March 15, 2024",Auburn Tigers,2,86,True,71.095,84.94117647058823,72.83029411764706
401625457,"March 16, 2024",Auburn Tigers,2,73,True,67.445,85.0,72.73388888888888
401625459,"March 17, 2024",Auburn Tigers,2,86,True,78.77,84.36842105263158,72.45552631578947
401583795,"November 10, 2023",Auburn Tigers,2,86,False,73.77,0.0,0.0
401583796,"November 21, 2023",Auburn Tigers,2,84,False,74.26,86.0,73.77
401574556,"November 29, 2023",Auburn Tigers,2,74,False,72.26,85.0,74.015
401597882,"December 05, 2023",Austin Peay Governors,2046,98,False,69.955,69.5,66.3675
401594432,"December 09, 2023",Austin Peay Governors,2046,53,False,58.28,75.2,67.08500000000001
401587202,"December 22, 2023",Austin Peay Governors,2046,71,False,62.235,71.5,65.6175
401574199,"February 03, 2024",Austin Peay Governors,2046,95,False,72.165,75.22222222222223,67.26277777777779
401574200,"February 08, 2024",Austin Peay Governors,2046,85,False,70.58500000000001,77.2,67.753
401574201,"February 10, 2024",Austin Peay Governors,2046,79,False,62.44499999999999,77.9090909090909,68.01045454545455
401574204,"February 24, 2024",Austin Peay Governors,2046,85,False,72.56,78.0,67.54666666666667
401574205,"February 28, 2024",Austin Peay Governors,2046,83,False,66.515,78.53846153846153,67.93230769230769
401574194,"January 18, 2024",Austin Peay Governors,2046,83,False,79.86500000000001,71.42857142857143,65.13428571428571
401574195,"January 20, 2024",Austin Peay Governors,2046,94,False,69.56,72.875,66.97562500000001
401574206,"March 01, 2024",Austin Peay Governors,2046,90,False,73.91,78.85714285714286,67.83107142857143
401625653,"March 05, 2024",Austin Peay Governors,2046,101,False,76.91,79.6,68.23633333333333
401625656,"March 07, 2024",Austin Peay Governors,2046,77,False,63.77,80.9375,68.7784375
401597878,"November 06, 2023",Austin Peay Governors,2046,90,False,76.025,0.0,0.0
401597879,"November 14, 2023",Austin Peay Governors,2046,79,False,66.28,90.0,76.025
401604305,"November 20, 2023",Austin Peay Governors,2046,59,True,61.28,84.5,71.1525
401597881,"November 29, 2023",Austin Peay Governors,2046,50,False,61.885,76.0,67.86166666666666
401593953,"December 01, 2023",BYU Cougars,252,85,True,68.815,95.4,74.16499999999999
401587218,"December 05, 2023",BYU Cougars,252,96,False,72.095,93.66666666666667,73.27333333333333
401593955,"December 13, 2023",BYU Cougars,252,90,False,76.56,94.0,73.105
401593956,"December 16, 2023",BYU Cougars,252,86,False,67.885,93.5,73.536875
401593957,"December 22, 2023",BYU Cougars,252,101,False,68.21,92.66666666666667,72.9088888888889
401593958,"December 30, 2023",BYU Cougars,252,94,False,69.14,93.5,72.439
401603464,"February 10, 2024",BYU Cougars,252,72,False,72.235,88.53333333333333,71.60799999999999
401603473,"February 13, 2024",BYU Cougars,252,90,False,77.91,87.5,71.6471875
401603487,"February 20, 2024",BYU Cougars,252,78,False,64.235,87.6470588235294,72.01558823529412
401603398,"January 06, 2024",BYU Cougars,252,60,False,75.84,93.54545454545455,72.13909090909091
401603419,"January 16, 2024",BYU Cougars,252,87,False,71.375,90.75,72.4475
401603434,"January 23, 2024",BYU Cougars,252,68,False,67.35,90.46153846153847,72.365
401603440,"January 27, 2024",BYU Cougars,252,84,False,66.025,88.85714285714286,72.00678571428571
401603504,"March 02, 2024",BYU Cougars,252,87,False,73.235,87.11111111111111,71.58333333333333
401603517,"March 09, 2024",BYU Cougars,252,85,False,71.025,87.10526315789474,71.67026315789474
401625416,"March 13, 2024",BYU Cougars,252,87,True,71.515,87.0,71.638
401593949,"November 06, 2023",BYU Cougars,252,110,False,81.63,0.0,0.0
401593950,"November 10, 2023",BYU Cougars,252,74,False,71.56,110.0,81.63
401593951,"November 15, 2023",BYU Cougars,252,105,False,71.7,92.0,76.595
401593952,"November 18, 2023",BYU Cougars,252,93,False,68.165,96.33333333333333,74.96333333333332
401582153,"November 24, 2023",BYU Cougars,252,95,True,77.77,95.5,73.26375
401588601,"December 02, 2023",Ball State Cardinals,2050,67,False,66.35,86.6,70.383
401588604,"December 10, 2023",Ball State Cardinals,2050,83,False,65.91,83.33333333333333,69.71083333333333
401588605,"December 16, 2023",Ball State Cardinals,2050,72,True,71.42,83.28571428571429,69.16785714285713
401588677,"February 06, 2024",Ball State Cardinals,2050,79,False,74.165,79.15384615384616,69.91615384615385
401588692,"February 24, 2024",Ball State Cardinals,2050,56,False,66.56,79.14285714285714,70.21964285714286
401588621,"January 06, 2024",Ball State Cardinals,2050,65,False,65.58500000000001,81.875,69.449375
401588630,"January 09, 2024",Ball State Cardinals,2050,76,False,66.305,80.0,69.02
401588647,"January 20, 2024",Ball State Cardinals,2050,80,False,80.7,79.6,68.7485
401588655,"January 27, 2024",Ball State Cardinals,2050,81,False,71.955,79.63636363636364,69.835
401588664,"January 30, 2024",Ball State Cardinals,2050,72,False,68.77000000000001,79.75,70.01166666666667
401588708,"March 02, 2024",Ball State Cardinals,2050,76,False,72.815,77.6,69.97566666666667
401588713,"March 05, 2024",Ball State Cardinals,2050,76,False,74.445,77.5,70.153125
401588586,"November 07, 2023",Ball State Cardinals,2050,101,False,70.42,0.0,0.0
401574582,"November 11, 2023",Ball State Cardinals,2050,73,False,69.88499999999999,101.0,70.42
401588589,"November 14, 2023",Ball State Cardinals,2050,92,False,75.095,87.0,70.1525
401588593,"November 21, 2023",Ball State Cardinals,2050,75,False,65.745,88.66666666666667,71.8
401588594,"November 24, 2023",Ball State Cardinals,2050,92,False,70.77,85.25,70.28625
401602358,"December 02, 2023",Baylor Bears,239,91,False,68.42,93.6,73.30499999999999
401574569,"December 05, 2023",Baylor Bears,239,78,False,60.885,93.16666666666667,72.49083333333333
401604912,"December 22, 2023",Baylor Bears,239,107,False,68.28,91.0,70.83285714285714
401603452,"February 03, 2024",Baylor Bears,239,70,False,68.12,90.58333333333333,72.165
401603460,"February 06, 2024",Baylor Bears,239,79,False,68.12,89.0,71.85384615384615
401603475,"February 13, 2024",Baylor Bears,239,79,False,59.56,88.28571428571429,71.58714285714287
401603489,"February 24, 2024",Baylor Bears,239,76,False,71.235,87.66666666666667,70.78533333333333
401598580,"January 02, 2024",Baylor Bears,239,98,False,74.63,93.0,70.51375
401603405,"January 09, 2024",Baylor Bears,239,81,False,68.49000000000001,93.55555555555556,70.97111111111111
401603412,"January 13, 2024",Baylor Bears,239,62,False,65.42,92.3,70.723
401603439,"January 27, 2024",Baylor Bears,239,102,False,93.33,89.54545454545455,70.24090909090908
401603503,"March 02, 2024",Baylor Bears,239,82,False,63.28,86.9375,70.8134375
401603510,"March 04, 2024",Baylor Bears,239,93,False,73.47,86.6470588235294,70.37029411764706
401625443,"March 14, 2024",Baylor Bears,239,68,True,67.77,87.0,70.5425
401583794,"November 07, 2023",Baylor Bears,239,88,True,79.19,0.0,0.0
401610179,"November 09, 2023",Baylor Bears,239,96,False,73.56,88.0,79.19
401602630,"November 12, 2023",Baylor Bears,239,77,False,74.12,92.0,76.375
401581803,"November 14, 2023",Baylor Bears,239,99,False,65.35,87.0,75.62333333333333
401584438,"November 28, 2023",Baylor Bears,239,108,False,74.305,90.0,73.055
401598961,"December 04, 2023",Bellarmine Knights,91,88,False,71.42,64.0,64.0125
401598962,"December 07, 2023",Bellarmine Knights,91,98,False,69.77,72.0,66.48166666666667
401587219,"December 16, 2023",Bellarmine Knights,91,61,False,64.28,78.5,67.30375000000001
401575339,"February 07, 2024",Bellarmine Knights,91,77,False,63.21,71.66666666666667,65.8438888888889
401574447,"February 17, 2024",Bellarmine Knights,91,65,False,68.42,72.2,65.5805
401574434,"February 22, 2024",Bellarmine Knights,91,68,False,70.025,71.54545454545455,65.83863636363637
401575341,"February 24, 2024",Bellarmine Knights,91,82,False,68.375,71.25,66.1875
401574191,"January 04, 2024",Bellarmine Knights,91,68,False,65.88499999999999,75.0,66.699
401575336,"January 06, 2024",Bellarmine Knights,91,70,False,63.955,73.83333333333333,66.56333333333333
401574527,"January 25, 2024",Bellarmine Knights,91,63,False,66.095,73.28571428571429,66.19071428571428
401575338,"January 27, 2024",Bellarmine Knights,91,69,False,63.165,72.0,66.17875
401597953,"November 20, 2023",Bellarmine Knights,91,51,False,56.745,0.0,0.0
401598959,"November 21, 2023",Bellarmine Knights,91,77,False,71.28,51.0,56.745
401601816,"December 02, 2023",Belmont Bruins,2057,77,False,72.07,86.25,76.54875
401575765,"December 06, 2023",Belmont Bruins,2057,72,False,73.42,84.4,75.65299999999999
401575768,"December 20, 2023",Belmont Bruins,2057,74,False,72.7,82.33333333333333,75.28083333333333
401601881,"February 07, 2024",Belmont Bruins,2057,69,False,68.56,78.33333333333333,73.59875
401601896,"February 14, 2024",Belmont Bruins,2057,82,False,70.77,77.61538461538461,73.21115384615385
401601912,"February 24, 2024",Belmont Bruins,2057,93,False,76.49,77.92857142857143,73.03678571428571
401601831,"January 07, 2024",Belmont Bruins,2057,87,False,69.84,81.14285714285714,74.91214285714285
401601834,"January 10, 2024",Belmont Bruins,2057,67,False,74.235,81.875,74.278125
401601846,"January 17, 2024",Belmont Bruins,2057,72,False,70.21,80.22222222222223,74.27333333333334
401601863,"January 27, 2024",Belmont Bruins,2057,74,False,76.84,79.4,73.86699999999999
401601871,"January 31, 2024",Belmont Bruins,2057,72,False,67.675,78.9090909090909,74.13727272727273
401601923,"March 03, 2024",Belmont Bruins,2057,83,False,72.35,78.93333333333334,73.267
401625660,"March 07, 2024",Belmont Bruins,2057,86,True,78.095,79.1875,73.2096875
401575758,"November 06, 2023",Belmont Bruins,2057,89,False,78.77,0.0,0.0
401575760,"November 14, 2023",Belmont Bruins,2057,93,False,78.235,89.0,78.77
401575762,"November 24, 2023",Belmont Bruins,2057,84,True,73.35,91.0,78.5025
401575764,"November 26, 2023",Belmont Bruins,2057,79,True,75.84,88.66666666666667,76.785
401622999,"December 27, 2023",Bethesda University Flames,nd-bethesda-university-flames,74,True,83.745,0.0,0.0
401574621,"December 01, 2023",Bethune-Cookman Wildcats,2065,96,False,85.795,90.0,78.96124999999999
401574636,"February 10, 2024",Bethune-Cookman Wildcats,2065,84,False,70.305,85.5,77.37
401574637,"February 12, 2024",Bethune-Cookman Wildcats,2065,83,False,72.58500000000001,85.36363636363636,76.72772727272728
401574640,"February 24, 2024",Bethune-Cookman Wildcats,2065,63,False,67.375,85.16666666666667,76.38250000000001
401574641,"February 26, 2024",Bethune-Cookman Wildcats,2065,90,False,78.84,83.46153846153847,75.6896153846154
401574627,"January 06, 2024",Bethune-Cookman Wildcats,2065,98,False,80.77,91.2,80.328
401574628,"January 13, 2024",Bethune-Cookman Wildcats,2065,69,False,69.515,92.33333333333333,80.40166666666666
401574629,"January 15, 2024",Bethune-Cookman Wildcats,2065,83,False,76.98,89.0,78.84642857142856
401574632,"January 27, 2024",Bethune-Cookman Wildcats,2065,82,False,78.025,88.25,78.613125
401574633,"January 29, 2024",Bethune-Cookman Wildcats,2065,67,False,66.77000000000001,87.55555555555556,78.54777777777777
401574617,"November 10, 2023",Bethune-Cookman Wildcats,2065,113,False,88.91,0.0,0.0
401574618,"November 15, 2023",Bethune-Cookman Wildcats,2065,104,False,88.35,113.0,88.91
401574619,"November 20, 2023",Bethune-Cookman Wildcats,2065,79,False,68.16499999999999,108.5,88.63
401603105,"November 25, 2023",Bethune-Cookman Wildcats,2065,64,True,70.42,98.66666666666667,81.80833333333332
401574599,"December 09, 2023",Binghamton Bearcats,2066,91,False,67.63,87.0,73.34333333333333
401574600,"December 19, 2023",Binghamton Bearcats,2066,74,False,72.445,88.0,71.91499999999999
401574602,"December 30, 2023",Binghamton Bearcats,2066,108,False,75.14,85.2,72.021
401581209,"February 01, 2024",Binghamton Bearcats,2066,75,False,63.63,82.0,71.13
401581216,"February 08, 2024",Binghamton Bearcats,2066,69,False,68.955,81.22222222222223,70.29666666666667
401581220,"February 10, 2024",Binghamton Bearcats,2066,69,False,76.375,80.0,70.1625
401581225,"February 15, 2024",Binghamton Bearcats,2066,78,False,70.165,79.0,70.72727272727273
401581241,"February 29, 2024",Binghamton Bearcats,2066,76,False,74.56,78.91666666666667,70.68041666666666
401581193,"January 18, 2024",Binghamton Bearcats,2066,62,False,66.56,89.0,72.54083333333334
401581197,"January 20, 2024",Binghamton Bearcats,2066,60,False,67.235,85.14285714285714,71.68642857142858
401581245,"March 02, 2024",Binghamton Bearcats,2066,87,False,79.84,78.6923076923077,70.97884615384615
401574592,"November 12, 2023",Binghamton Bearcats,2066,104,False,77.28,0.0,0.0
401574594,"November 18, 2023",Binghamton Bearcats,2066,82,False,69.445,104.0,77.28
401574596,"November 25, 2023",Binghamton Bearcats,2066,75,False,73.305,93.0,73.3625
401598041,"December 01, 2023",Boise State Broncos,68,63,True,65.84,68.25,70.28125
401602610,"December 05, 2023",Boise State Broncos,68,69,False,71.165,67.2,69.393
401602690,"December 09, 2023",Boise State Broncos,68,109,False,70.35,67.5,69.68833333333333
401602359,"December 12, 2023",Boise State Broncos,68,95,False,62.35,73.42857142857143,69.78285714285714
401598762,"December 17, 2023",Boise State Broncos,68,88,False,66.7,76.125,68.85375
401584456,"December 29, 2023",Boise State Broncos,68,85,False,70.84,77.44444444444444,68.61444444444444
401594451,"February 03, 2024",Boise State Broncos,68,94,False,59.77,75.85714285714286,69.00392857142857
401600813,"February 17, 2024",Boise State Broncos,68,90,False,64.42,77.06666666666666,68.38833333333334
401602976,"February 20, 2024",Boise State Broncos,68,82,False,66.675,77.875,68.14031250000001
401602972,"January 09, 2024",Boise State Broncos,68,65,False,66.305,78.2,68.837
401597305,"January 16, 2024",Boise State Broncos,68,64,False,63.095,77.0,68.60681818181818
401597939,"January 20, 2024",Boise State Broncos,68,67,False,68.7,75.91666666666667,68.1475
401600797,"January 27, 2024",Boise State Broncos,68,84,False,79.58500000000001,75.23076923076923,68.19
401602979,"March 02, 2024",Boise State Broncos,68,89,False,72.91,78.11764705882354,68.05411764705883
401602978,"March 05, 2024",Boise State Broncos,68,66,False,71.445,78.72222222222223,68.32388888888889
401625528,"March 14, 2024",Boise State Broncos,68,66,True,73.235,78.05263157894737,68.48815789473684
401602689,"November 07, 2023",Boise State Broncos,68,89,False,80.12,0.0,0.0
401598044,"November 12, 2023",Boise State Broncos,68,63,False,68.42,89.0,80.12
401581568,"November 24, 2023",Boise State Broncos,68,65,True,65.235,76.0,74.27000000000001
401581571,"November 26, 2023",Boise State Broncos,68,56,True,67.35,72.33333333333333,71.25833333333334
401604089,"December 02, 2023",Boston College Eagles,103,78,False,79.91,76.0,70.99000000000001
401592106,"December 05, 2023",Boston College Eagles,103,82,False,78.165,76.4,72.774
401593810,"December 08, 2023",Boston College Eagles,103,95,False,72.77000000000001,77.33333333333333,73.6725
401583793,"December 10, 2023",Boston College Eagles,103,86,True,73.56,79.85714285714286,73.54357142857144
401593811,"December 21, 2023",Boston College Eagles,103,85,False,71.7,80.625,73.545625
401604170,"February 06, 2024",Boston College Eagles,103,62,False,69.14,78.23076923076923,72.23653846153846
401604186,"February 13, 2024",Boston College Eagles,103,89,False,70.955,77.07142857142857,72.01535714285714
401604192,"February 17, 2024",Boston College Eagles,103,85,False,68.095,77.86666666666666,71.94466666666668
401604216,"February 28, 2024",Boston College Eagles,103,68,False,63.77,78.3125,71.7040625
401604099,"January 02, 2024",Boston College Eagles,103,78,False,71.77,81.11111111111111,73.34055555555557
401604127,"January 15, 2024",Boston College Eagles,103,63,False,64.63,80.8,73.18350000000001
401604134,"January 20, 2024",Boston College Eagles,103,66,False,69.515,79.18181818181819,72.40590909090909
401604158,"January 30, 2024",Boston College Eagles,103,80,False,73.095,78.08333333333333,72.165
401604220,"March 02, 2024",Boston College Eagles,103,65,False,66.35,77.70588235294117,71.23735294117648
401625402,"March 12, 2024",Boston College Eagles,103,81,True,64.745,77.0,70.96583333333334
401576156,"November 06, 2023",Boston College Eagles,103,89,False,75.955,0.0,0.0
401593790,"November 15, 2023",Boston College Eagles,103,68,False,66.165,89.0,75.955
401581739,"November 18, 2023",Boston College Eagles,103,73,False,71.025,78.5,71.06
401581584,"November 22, 2023",Boston College Eagles,103,74,True,70.815,76.66666666666667,71.04833333333333
401577568,"December 06, 2023",Boston University Terriers,104,65,False,66.7,92.5,73.305
401582025,"December 22, 2023",Boston University Terriers,104,63,False,69.305,83.33333333333333,71.10333333333334
401583790,"December 30, 2023",Boston University Terriers,104,74,False,69.63,78.25,70.65375
401597972,"February 03, 2024",Boston University Terriers,104,72,False,64.42,69.55555555555556,68.11333333333333
401597973,"February 07, 2024",Boston University Terriers,104,64,False,67.63,69.8,67.744
401597975,"February 17, 2024",Boston University Terriers,104,74,False,60.77,69.27272727272727,67.73363636363636
401594522,"February 25, 2024",Boston University Terriers,104,82,False,78.375,69.66666666666667,67.15333333333334
401597967,"January 06, 2024",Boston University Terriers,104,51,False,68.025,77.4,70.449
401597385,"January 10, 2024",Boston University Terriers,104,72,False,64.025,73.0,70.045
401594489,"January 17, 2024",Boston University Terriers,104,57,False,66.56,72.85714285714286,69.185
401597969,"January 24, 2024",Boston University Terriers,104,59,False,62.165,70.875,68.856875
401597977,"March 02, 2024",Boston University Terriers,104,94,False,71.095,70.61538461538461,68.01653846153846
401625704,"March 07, 2024",Boston University Terriers,104,70,False,63.56,72.28571428571429,68.23642857142858
401625707,"March 10, 2024",Boston University Terriers,104,79,False,79.05,72.13333333333334,67.92466666666667
401597963,"November 16, 2023",Boston University Terriers,104,95,False,74.375,0.0,0.0
401597964,"November 26, 2023",Boston University Terriers,104,90,False,72.235,95.0,74.375
401608093,"December 10, 2023",Bowling Green Falcons,189,97,False,80.4,73.75,67.4325
401581808,"December 16, 2023",Bowling Green Falcons,189,79,False,68.235,78.4,70.026
401588607,"December 19, 2023",Bowling Green Falcons,189,75,False,73.91,78.5,69.7275
401588612,"December 22, 2023",Bowling Green Falcons,189,79,False,77.28,78.0,70.325
401588669,"February 03, 2024",Bowling Green Falcons,189,76,False,73.56,80.66666666666667,73.08791666666667
401588674,"February 06, 2024",Bowling Green Falcons,189,87,False,77.165,80.3076923076923,73.12423076923076
401588696,"February 23, 2024",Bowling Green Falcons,189,76,False,68.235,80.78571428571429,73.41285714285713
401588699,"February 27, 2024",Bowling Green Falcons,189,58,False,63.63,80.46666666666667,73.06766666666667
401588616,"January 02, 2024",Bowling Green Falcons,189,92,False,85.33,78.125,71.19437500000001
401588626,"January 09, 2024",Bowling Green Falcons,189,83,False,68.63,79.66666666666667,72.765
401588648,"January 20, 2024",Bowling Green Falcons,189,84,False,77.35,80.0,72.3515
401588652,"January 23, 2024",Bowling Green Falcons,189,84,False,76.19,80.36363636363636,72.8059090909091
401588719,"March 08, 2024",Bowling Green Falcons,189,80,False,73.63,79.0625,72.4778125
401625504,"March 15, 2024",Bowling Green Falcons,189,60,True,62.56,79.11764705882354,72.54558823529412
401588585,"November 06, 2023",Bowling Green Falcons,189,70,False,69.025,0.0,0.0
401574584,"November 11, 2023",Bowling Green Falcons,189,81,False,69.7,70.0,69.025
401588590,"November 17, 2023",Bowling Green Falcons,189,67,False,66.84,75.5,69.36250000000001
401594252,"November 26, 2023",Bowling Green Falcons,189,77,True,64.165,72.66666666666667,68.52166666666666
401601815,"December 02, 2023",Bradley Braves,71,77,False,75.095,75.0,71.79875
401587209,"December 15, 2023",Bradley Braves,71,69,False,67.7,75.4,72.458
401587211,"December 21, 2023",Bradley Braves,71,75,False,68.165,74.33333333333333,71.665
401587212,"December 28, 2023",Bradley Braves,71,69,False,66.63,74.42857142857143,71.165
401601887,"February 10, 2024",Bradley Braves,71,67,False,68.49,77.92307692307692,70.22384615384615
401601895,"February 14, 2024",Bradley Braves,71,85,False,76.445,77.14285714285714,70.1
401601911,"February 24, 2024",Bradley Braves,71,48,False,60.42,77.66666666666667,70.523
401601918,"February 28, 2024",Bradley Braves,71,86,False,67.16499999999999,75.8125,69.8915625
401601827,"January 06, 2024",Bradley Braves,71,86,False,72.885,73.75,70.598125
401601833,"January 10, 2024",Bradley Braves,71,86,False,70.63,75.11111111111111,70.85222222222222
401601851,"January 20, 2024",Bradley Braves,71,95,False,68.35,76.2,70.83
401601859,"January 24, 2024",Bradley Braves,71,71,False,65.955,77.9090909090909,70.60454545454546
401601870,"January 31, 2024",Bradley Braves,71,85,False,70.305,77.33333333333333,70.21708333333333
401625667,"March 08, 2024",Bradley Braves,71,74,True,68.49000000000001,76.41176470588235,69.73117647058824
401587205,"November 11, 2023",Bradley Braves,71,72,False,79.375,0.0,0.0
401587206,"November 14, 2023",Bradley Braves,71,86,False,67.7,72.0,79.375
401604310,"November 22, 2023",Bradley Braves,71,63,True,71.095,79.0,73.5375
401587207,"November 25, 2023",Bradley Braves,71,79,False,69.025,73.66666666666667,72.72333333333334
401577661,"December 01, 2023",Brown Bears,225,66,False,74.63,75.75,75.29875
401577664,"December 22, 2023",Brown Bears,225,71,False,73.35,73.8,75.16499999999999
401577671,"February 02, 2024",Brown Bears,225,70,False,66.235,73.66666666666667,73.12888888888888
401577672,"February 03, 2024",Brown Bears,225,60,False,64.235,73.3,72.4395
401577673,"February 10, 2024",Brown Bears,225,69,False,65.7,72.0909090909091,71.69363636363636
401577666,"January 02, 2024",Brown Bears,225,70,False,64.56,73.33333333333333,74.8625
401577667,"January 09, 2024",Brown Bears,225,70,False,69.095,72.85714285714286,73.39071428571428
401577669,"January 20, 2024",Brown Bears,225,83,False,75.33,72.5,72.85375
401577678,"March 01, 2024",Brown Bears,225,71,False,70.305,71.83333333333333,71.19416666666667
401577679,"March 02, 2024",Brown Bears,225,89,False,72.98,71.76923076923077,71.12576923076924
401577657,"November 11, 2023",Brown Bears,225,75,False,78.49,0.0,0.0
401577658,"November 16, 2023",Brown Bears,225,92,False,76.49000000000001,75.0,78.49
401577660,"November 24, 2023",Brown Bears,225,59,True,74.235,83.5,77.49000000000001
401603090,"November 26, 2023",Brown Bears,225,77,True,71.98,75.33333333333333,76.405
401587146,"December 16, 2023",Bryant Bulldogs,2803,101,True,98.005,93.5,77.44375
401600770,"December 22, 2023",Bryant Bulldogs,2803,104,False,77.56,95.0,81.556
401581210,"February 01, 2024",Bryant Bulldogs,2803,99,False,87.235,89.125,79.051875
401581217,"February 08, 2024",Bryant Bulldogs,2803,85,False,73.095,90.22222222222223,79.96111111111111
401581226,"February 15, 2024",Bryant Bulldogs,2803,77,False,72.815,89.7,79.2745
401581230,"February 17, 2024",Bryant Bulldogs,2803,77,False,77.91,88.54545454545455,78.68727272727273
401581184,"January 11, 2024",Bryant Bulldogs,2803,77,False,79.515,96.5,80.89
401581206,"January 27, 2024",Bryant Bulldogs,2803,57,False,67.56,93.71428571428571,80.69357142857143
401581246,"March 02, 2024",Bryant Bulldogs,2803,101,False,82.955,87.58333333333333,78.6225
401581248,"March 05, 2024",Bryant Bulldogs,2803,83,False,76.235,88.61538461538461,78.95576923076922
401625604,"March 09, 2024",Bryant Bulldogs,2803,84,False,66.88499999999999,88.21428571428571,78.76142857142858
401598922,"November 06, 2023",Bryant Bulldogs,2803,59,False,70.7,0.0,0.0
401604273,"November 08, 2023",Bryant Bulldogs,2803,140,False,88.42,59.0,70.7
401604274,"November 20, 2023",Bryant Bulldogs,2803,67,False,68.56,99.5,79.56
401604275,"November 27, 2023",Bryant Bulldogs,2803,108,False,82.095,88.66666666666667,75.89333333333333
401587140,"December 16, 2023",Bucknell Bison,2083,63,False,58.885,65.0,67.42833333333333
401594484,"December 30, 2023",Bucknell Bison,2083,58,False,57.955,64.5,65.29249999999999
401594496,"February 10, 2024",Bucknell Bison,2083,62,False,64.095,66.0,64.22749999999999
401594497,"February 12, 2024",Bucknell Bison,2083,63,False,75.42,65.63636363636364,64.21545454545455
401594500,"February 25, 2024",Bucknell Bison,2083,54,False,63.28,65.41666666666667,65.14916666666666
401594485,"January 03, 2024",Bucknell Bison,2083,70,False,63.63,63.2,63.825
401594486,"January 06, 2024",Bucknell Bison,2083,63,False,57.885,64.33333333333333,63.7925
401594488,"January 13, 2024",Bucknell Bison,2083,73,False,73.095,64.14285714285714,62.94857142857143
401594491,"January 24, 2024",Bucknell Bison,2083,71,False,61.305,65.25,64.216875
401594493,"January 31, 2024",Bucknell Bison,2083,67,False,67.235,65.88888888888889,63.89333333333333
401594502,"March 02, 2024",Bucknell Bison,2083,60,False,62.025000000000006,64.53846153846153,65.00538461538461
401594482,"November 06, 2023",Bucknell Bison,2083,57,False,68.955,0.0,0.0
401581529,"November 20, 2023",Bucknell Bison,2083,67,False,71.445,57.0,68.955
401587168,"November 29, 2023",Bucknell Bison,2083,71,False,61.885,62.0,70.19999999999999
401575420,"December 02, 2023",Buffalo Bulls,2084,65,False,70.165,77.0,78.12
401598956,"December 09, 2023",Buffalo Bulls,2084,65,False,78.35,74.0,76.13125000000001
401584394,"December 29, 2023",Buffalo Bulls,2084,63,False,69.165,72.2,76.575
401588667,"February 02, 2024",Buffalo Bulls,2084,52,False,66.42,69.44444444444444,73.06944444444444
401588681,"February 17, 2024",Buffalo Bulls,2084,62,False,70.235,67.7,72.40450000000001
401588686,"February 20, 2024",Buffalo Bulls,2084,78,False,67.77,67.18181818181819,72.20727272727272
401588625,"January 06, 2024",Buffalo Bulls,2084,77,False,69.42,70.66666666666667,75.34
401588627,"January 09, 2024",Buffalo Bulls,2084,65,False,61.745,71.57142857142857,74.49428571428572
401588653,"January 23, 2024",Buffalo Bulls,2084,59,False,74.42,70.75,72.900625
401588706,"March 02, 2024",Buffalo Bulls,2084,79,False,75.885,68.08333333333333,71.8375
401588714,"March 05, 2024",Buffalo Bulls,2084,66,False,72.025,68.92307692307692,72.14884615384616
401588718,"March 08, 2024",Buffalo Bulls,2084,68,False,73.305,68.71428571428571,72.14
401587223,"November 06, 2023",Buffalo Bulls,2084,86,False,79.26,0.0,0.0
401574583,"November 11, 2023",Buffalo Bulls,2084,56,False,70.7,86.0,79.26
401600080,"November 15, 2023",Buffalo Bulls,2084,89,False,84.4,71.0,74.98
401581166,"December 05, 2023",Butler Bulldogs,2086,72,False,70.28,90.5,74.26166666666667
401581167,"December 09, 2023",Butler Bulldogs,2086,97,False,85.49,87.85714285714286,73.69285714285715
401581168,"December 15, 2023",Butler Bulldogs,2086,96,False,76.42,89.0,75.1675
401599438,"December 19, 2023",Butler Bulldogs,2086,74,False,63.63,89.77777777777777,75.30666666666667
401599523,"February 10, 2024",Butler Bulldogs,2086,75,False,70.56,85.5,73.04678571428572
401599528,"February 13, 2024",Butler Bulldogs,2086,72,False,73.165,84.8,72.881
401599534,"February 17, 2024",Butler Bulldogs,2086,57,False,67.35,84.0,72.89875
401599549,"February 28, 2024",Butler Bulldogs,2086,59,False,68.025,82.41176470588235,72.57235294117648
401599474,"January 05, 2024",Butler Bulldogs,2086,81,False,69.375,88.2,74.139
401599485,"January 13, 2024",Butler Bulldogs,2086,72,False,64.885,87.54545454545455,73.70590909090909
401599495,"January 20, 2024",Butler Bulldogs,2086,74,False,66.235,86.25,72.97083333333333
401599504,"January 27, 2024",Butler Bulldogs,2086,88,False,80.77,85.3076923076923,72.4526923076923
401599560,"March 06, 2024",Butler Bulldogs,2086,72,False,74.955,81.11111111111111,72.31972222222223
401625556,"March 13, 2024",Butler Bulldogs,2086,72,True,76.815,80.63157894736842,72.45842105263158
401581162,"November 06, 2023",Butler Bulldogs,2086,94,False,73.025,0.0,0.0
401581163,"November 10, 2023",Butler Bulldogs,2086,91,False,80.095,94.0,73.025
401581164,"November 13, 2023",Butler Bulldogs,2086,81,False,72.49,92.5,76.56
401581165,"November 23, 2023",Butler Bulldogs,2086,86,True,71.77,88.66666666666667,75.20333333333333
401581567,"November 24, 2023",Butler Bulldogs,2086,88,True,72.165,88.0,74.345
401574559,"November 30, 2023",Butler Bulldogs,2086,103,False,76.025,88.0,73.909
401593977,"December 18, 2023",Cal Poly Mustangs,13,53,False,63.63,80.5,74.375
401581821,"December 21, 2023",Cal Poly Mustangs,13,66,False,67.49,71.33333333333333,70.79333333333334
401573475,"December 28, 2023",Cal Poly Mustangs,13,73,False,78.12,70.0,69.9675
401573525,"February 01, 2024",Cal Poly Mustangs,13,59,False,66.815,66.55555555555556,70.19111111111111
401573529,"February 03, 2024",Cal Poly Mustangs,13,52,False,63.56,65.8,69.85350000000001
401573545,"February 15, 2024",Cal Poly Mustangs,13,51,False,70.375,64.54545454545455,69.28136363636364
401573560,"February 24, 2024",Cal Poly Mustangs,13,78,False,66.91,63.416666666666664,69.3725
401573485,"January 04, 2024",Cal Poly Mustangs,13,82,False,79.095,70.6,71.598
401573489,"January 06, 2024",Cal Poly Mustangs,13,52,False,63.63,72.5,72.84750000000001
401573499,"January 13, 2024",Cal Poly Mustangs,13,61,False,69.98,69.57142857142857,71.5307142857143
401573514,"January 25, 2024",Cal Poly Mustangs,13,51,False,61.025,68.5,71.336875
401573569,"March 02, 2024",Cal Poly Mustangs,13,56,False,65.305,64.53846153846153,69.18307692307692
401602633,"November 06, 2023",Cal Poly Mustangs,13,80,False,79.12,0.0,0.0
401602184,"November 29, 2023",Cal Poly Mustangs,13,81,False,69.63,80.0,79.12
401600065,"December 05, 2023",Cal State Bakersfield Roadrunners,2934,106,False,82.63,66.25,64.845
401600067,"December 19, 2023",Cal State Bakersfield Roadrunners,2934,96,False,70.84,74.2,68.402
401573479,"December 30, 2023",Cal State Bakersfield Roadrunners,2934,56,False,65.49000000000001,77.83333333333333,68.80833333333334
401573524,"February 01, 2024",Cal State Bakersfield Roadrunners,2934,82,False,75.235,73.5,68.0625
401573527,"February 03, 2024",Cal State Bakersfield Roadrunners,2934,59,False,63.025,74.27272727272727,68.71454545454546
401573539,"February 10, 2024",Cal State Bakersfield Roadrunners,2934,73,False,68.84,73.0,68.24041666666666
401573544,"February 15, 2024",Cal State Bakersfield Roadrunners,2934,71,False,65.12,73.0,68.28653846153847
401573559,"February 24, 2024",Cal State Bakersfield Roadrunners,2934,75,False,64.235,72.85714285714286,68.06035714285714
401573563,"February 29, 2024",Cal State Bakersfield Roadrunners,2934,70,False,68.305,73.0,67.80533333333334
401573484,"January 04, 2024",Cal State Bakersfield Roadrunners,2934,67,False,68.165,74.71428571428571,68.33428571428571
401573503,"January 18, 2024",Cal State Bakersfield Roadrunners,2934,80,False,69.7,73.75,68.313125
401573510,"January 20, 2024",Cal State Bakersfield Roadrunners,2934,65,False,64.42,74.44444444444444,68.46722222222223
401600061,"November 06, 2023",Cal State Bakersfield Roadrunners,2934,73,False,64.955,0.0,0.0
401600063,"November 16, 2023",Cal State Bakersfield Roadrunners,2934,77,False,70.98,73.0,64.955
401604306,"November 20, 2023",Cal State Bakersfield Roadrunners,2934,75,True,67.49,75.0,67.9675
401604307,"November 22, 2023",Cal State Bakersfield Roadrunners,2934,40,True,55.955,75.0,67.80833333333334
401597401,"December 01, 2023",Cal State Fullerton Titans,2239,64,False,62.77,74.0,75.875
401598761,"December 03, 2023",Cal State Fullerton Titans,2239,102,False,74.58500000000001,70.66666666666667,71.50666666666667
401575414,"December 20, 2023",Cal State Fullerton Titans,2239,67,False,65.49000000000001,78.5,72.27625
401573472,"December 28, 2023",Cal State Fullerton Titans,2239,71,False,74.63,76.2,70.91900000000001
401573522,"February 01, 2024",Cal State Fullerton Titans,2239,68,False,69.12,71.44444444444444,70.08555555555556
401573541,"February 15, 2024",Cal State Fullerton Titans,2239,73,False,72.84,71.1,69.989
401573553,"February 22, 2024",Cal State Fullerton Titans,2239,68,False,62.35,71.27272727272727,70.24818181818182
401573556,"February 24, 2024",Cal State Fullerton Titans,2239,60,False,66.955,71.0,69.59
401573487,"January 06, 2024",Cal State Fullerton Titans,2239,58,False,64.77000000000001,75.33333333333333,71.53750000000001
401573502,"January 18, 2024",Cal State Fullerton Titans,2239,65,False,68.655,72.85714285714286,70.57071428571429
401573518,"January 27, 2024",Cal State Fullerton Titans,2239,68,False,68.12,71.875,70.33125000000001
401573568,"March 02, 2024",Cal State Fullerton Titans,2239,79,False,70.63,70.15384615384616,69.3873076923077
401573577,"March 09, 2024",Cal State Fullerton Titans,2239,71,False,68.375,70.78571428571429,69.47607142857143
401598760,"November 11, 2023",Cal State Fullerton Titans,2239,78,False,72.12,0.0,0.0
401598576,"November 19, 2023",Cal State Fullerton Titans,2239,70,True,79.63,78.0,72.12
401594094,"December 07, 2023",Cal State Northridge Matadors,2463,92,False,84.7,84.0,75.62166666666667
401591576,"December 11, 2023",Cal State Northridge Matadors,2463,80,False,72.7,86.0,77.89125
401581179,"December 22, 2023",Cal State Northridge Matadors,2463,82,False,77.375,84.8,76.853
401573530,"February 03, 2024",Cal State Northridge Matadors,2463,76,False,74.165,78.3,75.998
401573535,"February 08, 2024",Cal State Northridge Matadors,2463,78,False,79.77,78.0909090909091,75.83136363636363
401573550,"February 17, 2024",Cal State Northridge Matadors,2463,73,False,77.165,78.08333333333333,76.15958333333333
401573555,"February 22, 2024",Cal State Northridge Matadors,2463,65,False,70.515,77.6923076923077,76.23692307692308
401573565,"February 29, 2024",Cal State Northridge Matadors,2463,64,False,81.19,76.78571428571429,75.82821428571428
401573490,"January 06, 2024",Cal State Northridge Matadors,2463,76,False,73.05,84.33333333333333,76.94
401573500,"January 13, 2024",Cal State Northridge Matadors,2463,76,False,76.12,83.14285714285714,76.38428571428572
401573505,"January 18, 2024",Cal State Northridge Matadors,2463,69,False,75.515,82.25,76.35125
401573515,"January 25, 2024",Cal State Northridge Matadors,2463,56,False,73.655,80.77777777777777,76.25833333333334
401573570,"March 02, 2024",Cal State Northridge Matadors,2463,69,False,72.885,75.93333333333334,76.18566666666668
401594091,"November 17, 2023",Cal State Northridge Matadors,2463,98,False,80.56,0.0,0.0
401594092,"November 21, 2023",Cal State Northridge Matadors,2463,70,False,73.675,98.0,80.56
401594093,"November 24, 2023",Cal State Northridge Matadors,2463,84,False,72.63,84.0,77.1175
401574051,"December 06, 2023",California Baptist Lancers,2856,69,False,70.445,69.83333333333333,67.86666666666666
401594650,"December 19, 2023",California Baptist Lancers,2856,70,False,80.305,69.71428571428571,68.235
401594651,"December 27, 2023",California Baptist Lancers,2856,74,False,63.375,69.75,69.74375
401574096,"February 03, 2024",California Baptist Lancers,2856,60,False,58.35,71.66666666666667,68.80291666666666
401574102,"February 08, 2024",California Baptist Lancers,2856,64,False,69.025,70.76923076923077,67.99884615384616
401574112,"February 15, 2024",California Baptist Lancers,2856,46,False,64.815,70.28571428571429,68.07214285714285
401574132,"February 29, 2024",California Baptist Lancers,2856,60,False,67.305,68.66666666666667,67.855
401574063,"January 11, 2024",California Baptist Lancers,2856,77,False,64.49000000000001,70.22222222222223,69.03611111111111
401574068,"January 13, 2024",California Baptist Lancers,2856,68,False,68.77,70.9,68.5815
401574078,"January 20, 2024",California Baptist Lancers,2856,83,False,71.05,70.63636363636364,68.59863636363637
401574136,"March 02, 2024",California Baptist Lancers,2856,88,False,64.025,68.125,67.820625
401574147,"March 09, 2024",California Baptist Lancers,2856,47,False,61.815,69.29411764705883,67.59735294117647
401594624,"November 06, 2023",California Baptist Lancers,2856,74,False,71.025,0.0,0.0
401583814,"November 10, 2023",California Baptist Lancers,2856,80,False,65.63,74.0,71.025
401594032,"November 17, 2023",California Baptist Lancers,2856,63,False,68.095,77.0,68.3275
401594625,"November 18, 2023",California Baptist Lancers,2856,66,False,61.955,72.33333333333333,68.25
401594626,"November 19, 2023",California Baptist Lancers,2856,67,False,63.58500000000001,70.75,66.67625
401594627,"November 25, 2023",California Baptist Lancers,2856,69,False,76.91,70.0,66.058
401579115,"December 02, 2023",California Golden Bears,25,84,False,68.49,73.0,67.65299999999999
401581773,"December 20, 2023",California Golden Bears,25,71,False,67.63,74.83333333333333,67.7925
401607355,"December 29, 2023",California Golden Bears,25,81,False,84.445,74.28571428571429,67.76928571428572
401607362,"December 31, 2023",California Golden Bears,25,69,False,77.77,75.125,69.85374999999999
401607411,"February 07, 2024",California Golden Bears,25,83,False,73.56,75.46153846153847,71.43153846153845
401607416,"February 10, 2024",California Golden Bears,25,60,False,63.77,76.0,71.58357142857143
401607430,"February 22, 2024",California Golden Bears,25,81,False,67.35,74.93333333333334,71.06266666666667
401607467,"February 24, 2024",California Golden Bears,25,69,False,68.885,75.3125,70.830625
401607374,"January 10, 2024",California Golden Bears,25,82,False,67.235,74.44444444444444,70.73333333333332
401607384,"January 18, 2024",California Golden Bears,25,75,False,72.56,75.2,70.3835
401607448,"January 20, 2024",California Golden Bears,25,81,False,73.77,75.18181818181819,70.58136363636363
401607396,"January 26, 2024",California Golden Bears,25,73,False,78.445,75.66666666666667,70.84708333333333
401625475,"March 13, 2024",California Golden Bears,25,76,True,76.815,74.94117647058823,70.71617647058824
401581770,"November 06, 2023",California Golden Bears,25,71,False,61.605,0.0,0.0
401575402,"November 10, 2023",California Golden Bears,25,79,False,72.165,71.0,61.605
401581771,"November 13, 2023",California Golden Bears,25,83,False,68.7,75.0,66.885
401581171,"November 16, 2023",California Golden Bears,25,60,False,64.88499999999999,77.66666666666667,67.49
401603137,"November 20, 2023",California Golden Bears,25,72,True,70.91,73.25,66.83875
401596810,"December 02, 2023",Campbell Fighting Camels,2097,87,False,68.63,63.5,63.30375
401596812,"December 12, 2023",Campbell Fighting Camels,2097,88,False,78.84,68.2,64.369
401596813,"December 14, 2023",Campbell Fighting Camels,2097,97,False,70.63,71.5,66.78083333333333
401596814,"December 18, 2023",Campbell Fighting Camels,2097,83,False,69.98,75.14285714285714,67.33071428571428
401600712,"February 08, 2024",Campbell Fighting Camels,2097,76,False,71.445,73.75,67.93208333333332
401600718,"February 10, 2024",Campbell Fighting Camels,2097,95,False,72.095,73.92307692307692,68.2023076923077
401600739,"February 22, 2024",Campbell Fighting Camels,2097,68,False,71.56,75.42857142857143,68.48035714285714
401600749,"February 26, 2024",Campbell Fighting Camels,2097,105,False,86.305,74.93333333333334,68.68566666666668
401600653,"January 11, 2024",Campbell Fighting Camels,2097,62,False,68.42,76.125,67.661875
401600662,"January 13, 2024",Campbell Fighting Camels,2097,69,False,67.235,74.55555555555556,67.74611111111112
401600683,"January 25, 2024",Campbell Fighting Camels,2097,78,False,68.49,74.0,67.69500000000001
401600688,"January 27, 2024",Campbell Fighting Camels,2097,67,False,69.745,74.36363636363636,67.76727272727273
401600761,"March 02, 2024",Campbell Fighting Camels,2097,64,False,63.745,76.8125,69.786875
401596807,"November 06, 2023",Campbell Fighting Camels,2097,59,False,60.815,0.0,0.0
401590882,"November 20, 2023",Campbell Fighting Camels,2097,75,False,76.025,59.0,60.815
401593993,"November 21, 2023",Campbell Fighting Camels,2097,55,False,59.885,67.0,68.42
401596808,"November 22, 2023",Campbell Fighting Camels,2097,65,False,56.49,63.0,65.575
401594253,"December 01, 2023",Canisius Golden Griffins,2099,93,False,77.05,97.0,82.84
401594254,"December 03, 2023",Canisius Golden Griffins,2099,52,False,61.165,95.66666666666667,80.91000000000001
401594255,"December 06, 2023",Canisius Golden Griffins,2099,87,False,80.445,84.75,75.97375
401594267,"February 10, 2024",Canisius Golden Griffins,2099,73,False,74.955,78.77777777777777,74.45444444444445
401594270,"February 23, 2024",Canisius Golden Griffins,2099,69,False,66.445,78.2,74.5045
401594259,"January 12, 2024",Canisius Golden Griffins,2099,67,False,69.77,85.2,76.86800000000001
401594260,"January 15, 2024",Canisius Golden Griffins,2099,63,False,74.025,82.16666666666667,75.685
401594263,"January 26, 2024",Canisius Golden Griffins,2099,82,False,74.885,79.42857142857143,75.44785714285715
401594264,"January 28, 2024",Canisius Golden Griffins,2099,71,False,67.07,79.75,75.3775
401594271,"March 01, 2024",Canisius Golden Griffins,2099,61,False,58.21,77.36363636363636,73.77181818181818
401594272,"March 03, 2024",Canisius Golden Griffins,2099,61,False,60.56,76.0,72.47500000000001
401594249,"November 20, 2023",Canisius Golden Griffins,2099,109,False,85.095,0.0,0.0
401608092,"November 25, 2023",Canisius Golden Griffins,2099,85,True,80.58500000000001,109.0,85.095
401574417,"December 07, 2023",Central Arkansas Bears,2110,75,False,68.77,77.5,74.2175
401574419,"December 20, 2023",Central Arkansas Bears,2110,54,False,73.165,77.0,73.128
401574429,"February 01, 2024",Central Arkansas Bears,2110,59,False,66.815,77.3,73.6905
401574430,"February 03, 2024",Central Arkansas Bears,2110,62,False,75.35,75.63636363636364,73.06545454545454
401574202,"February 15, 2024",Central Arkansas Bears,2110,67,False,68.98,74.5,73.25583333333333
401574433,"February 17, 2024",Central Arkansas Bears,2110,68,False,66.745,73.92307692307692,72.92692307692307
401574422,"January 03, 2024",Central Arkansas Bears,2110,120,False,89.28,73.16666666666667,73.13416666666667
401574424,"January 11, 2024",Central Arkansas Bears,2110,63,False,70.49,79.85714285714286,75.4407142857143
401574425,"January 13, 2024",Central Arkansas Bears,2110,59,False,61.49,77.75,74.821875
401574428,"January 27, 2024",Central Arkansas Bears,2110,92,False,76.84,75.66666666666667,73.34055555555557
401574436,"March 01, 2024",Central Arkansas Bears,2110,78,False,70.98,73.5,72.48535714285714
401574208,"November 10, 2023",Central Arkansas Bears,2110,82,False,72.42,0.0,0.0
401574409,"November 13, 2023",Central Arkansas Bears,2110,83,False,77.98,82.0,72.42
401574413,"November 25, 2023",Central Arkansas Bears,2110,71,False,69.77,82.5,75.2
401574414,"November 26, 2023",Central Arkansas Bears,2110,74,False,76.7,78.66666666666667,73.39
401592103,"December 02, 2023",Central Connecticut Blue Devils,2115,78,False,69.025,81.0,74.84
401592104,"December 19, 2023",Central Connecticut Blue Devils,2115,74,False,66.375,80.0,72.90166666666666
401592105,"December 30, 2023",Central Connecticut Blue Devils,2115,99,False,76.745,78.5,71.27
401589394,"February 01, 2024",Central Connecticut Blue Devils,2115,63,False,65.63,78.75,71.243125
401589487,"February 08, 2024",Central Connecticut Blue Devils,2115,77,False,75.955,77.0,70.61944444444445
401589510,"February 10, 2024",Central Connecticut Blue Devils,2115,71,False,78.42,77.0,71.15299999999999
401589502,"February 29, 2024",Central Connecticut Blue Devils,2115,78,False,71.05,76.45454545454545,71.81363636363636
401589513,"January 15, 2024",Central Connecticut Blue Devils,2115,75,False,74.025,82.6,72.365
401589505,"January 19, 2024",Central Connecticut Blue Devils,2115,73,False,69.745,81.33333333333333,72.64166666666667
401589474,"January 27, 2024",Central Connecticut Blue Devils,2115,69,False,64.35,80.14285714285714,72.22785714285715
401589462,"March 02, 2024",Central Connecticut Blue Devils,2115,79,False,67.815,76.58333333333333,71.75
401625631,"March 06, 2024",Central Connecticut Blue Devils,2115,71,False,58.815,76.76923076923077,71.4473076923077
401625632,"March 09, 2024",Central Connecticut Blue Devils,2115,56,False,64.56,76.35714285714286,70.545
401592101,"November 13, 2023",Central Connecticut Blue Devils,2115,99,False,81.445,0.0,0.0
401592102,"November 19, 2023",Central Connecticut Blue Devils,2115,63,False,68.235,99.0,81.445
401594439,"December 06, 2023",Central Michigan Chippewas,2117,71,False,69.42,67.0,65.42
401603529,"December 19, 2023",Central Michigan Chippewas,2117,90,False,77.445,68.33333333333333,66.75333333333333
401583758,"December 21, 2023",Central Michigan Chippewas,2117,75,False,71.025,73.75,69.42625
401588684,"February 17, 2024",Central Michigan Chippewas,2117,69,False,69.745,73.1,70.551
401588687,"February 20, 2024",Central Michigan Chippewas,2117,62,False,73.35,72.72727272727273,70.47772727272728
401588703,"February 27, 2024",Central Michigan Chippewas,2117,71,False,70.025,71.83333333333333,70.71708333333333
401588617,"January 02, 2024",Central Michigan Chippewas,2117,64,False,69.77000000000001,74.0,69.74600000000001
401588635,"January 13, 2024",Central Michigan Chippewas,2117,77,False,63.49,72.33333333333333,69.75
401588646,"January 19, 2024",Central Michigan Chippewas,2117,65,False,75.305,73.0,68.85571428571428
401588651,"January 23, 2024",Central Michigan Chippewas,2117,71,False,67.84,72.0,69.66187500000001
401588666,"January 30, 2024",Central Michigan Chippewas,2117,84,False,80.375,71.88888888888889,69.45944444444444
401588717,"March 08, 2024",Central Michigan Chippewas,2117,65,False,72.095,71.76923076923077,70.66384615384615
401625501,"March 14, 2024",Central Michigan Chippewas,2117,56,True,63.21,71.28571428571429,70.76607142857144
401574589,"November 11, 2023",Central Michigan Chippewas,2117,64,False,66.815,0.0,0.0
401594395,"November 20, 2023",Central Michigan Chippewas,2117,70,True,64.025,64.0,66.815
401575875,"November 20, 2023",Chaminade Silverswords,nd-chaminade-silverswords,56,True,72.35,0.0,0.0
401581597,"November 21, 2023",Chaminade Silverswords,nd-chaminade-silverswords,48,True,70.49,56.0,72.35
401581601,"November 22, 2023",Chaminade Silverswords,nd-chaminade-silverswords,56,True,76.745,52.0,71.41999999999999
401577652,"December 10, 2023",Charleston Cougars,232,85,False,73.955,71.0,73.7
401577653,"December 14, 2023",Charleston Cougars,232,86,False,69.885,78.0,73.8275
401577654,"December 18, 2023",Charleston Cougars,232,84,False,80.98,80.66666666666667,72.51333333333334
401577550,"December 21, 2023",Charleston Cougars,232,89,False,79.56,81.5,74.63
401577655,"December 29, 2023",Charleston Cougars,232,96,False,77.815,83.0,75.61600000000001
401600699,"February 01, 2024",Charleston Cougars,232,74,False,69.63,84.77777777777777,75.095
401600711,"February 08, 2024",Charleston Cougars,232,80,False,69.63,83.7,74.5485
401600715,"February 10, 2024",Charleston Cougars,232,80,False,66.815,83.36363636363636,74.10136363636364
401600735,"February 19, 2024",Charleston Cougars,232,65,False,71.095,83.08333333333333,73.49416666666667
401600750,"February 29, 2024",Charleston Cougars,232,96,False,73.42,81.6923076923077,73.30961538461538
401600655,"January 11, 2024",Charleston Cougars,232,80,False,71.885,85.16666666666667,75.9825
401600663,"January 13, 2024",Charleston Cougars,232,94,False,77.7,84.42857142857143,75.39714285714285
401600673,"January 18, 2024",Charleston Cougars,232,78,False,70.375,85.625,75.685
401600759,"March 02, 2024",Charleston Cougars,232,87,False,65.745,82.71428571428571,73.3175
401630145,"March 10, 2024",Charleston Cougars,232,83,True,63.025000000000006,83.0,72.81266666666667
401630149,"March 11, 2024",Charleston Cougars,232,61,True,65.745,83.0,72.2009375
401630151,"March 12, 2024",Charleston Cougars,232,82,True,73.42,81.70588235294117,71.82117647058824
401577647,"November 06, 2023",Charleston Cougars,232,71,False,73.7,0.0,0.0
401597897,"December 02, 2023",Charleston Southern Buccaneers,2127,66,False,68.91,88.66666666666667,73.34333333333333
401587118,"December 13, 2023",Charleston Southern Buccaneers,2127,64,False,69.7,83.0,72.235
401597898,"December 21, 2023",Charleston Southern Buccaneers,2127,103,False,78.42,79.2,71.728
401601249,"February 03, 2024",Charleston Southern Buccaneers,2127,83,False,72.025,76.1,70.4765
401601261,"February 14, 2024",Charleston Southern Buccaneers,2127,77,False,75.98,76.72727272727273,70.61727272727272
401601273,"February 24, 2024",Charleston Southern Buccaneers,2127,59,False,67.42,76.75,71.06416666666667
401601277,"February 28, 2024",Charleston Southern Buccaneers,2127,58,False,59.675,75.38461538461539,70.78384615384616
401601213,"January 03, 2024",Charleston Southern Buccaneers,2127,61,False,66.7,83.16666666666667,72.84333333333333
401601225,"January 13, 2024",Charleston Southern Buccaneers,2127,77,False,61.7,80.0,71.96571428571428
401601237,"January 24, 2024",Charleston Southern Buccaneers,2127,59,False,70.88499999999999,79.625,70.6825
401601241,"January 27, 2024",Charleston Southern Buccaneers,2127,65,False,68.42,77.33333333333333,70.705
401597894,"November 06, 2023",Charleston Southern Buccaneers,2127,94,False,76.025,0.0,0.0
401584336,"November 09, 2023",Charleston Southern Buccaneers,2127,70,False,71.91,94.0,76.025
401597895,"November 13, 2023",Charleston Southern Buccaneers,2127,102,False,72.095,82.0,73.9675
401600234,"December 05, 2023",Charlotte 49ers,2429,85,False,66.095,67.83333333333333,66.4825
401602181,"December 22, 2023",Charlotte 49ers,2429,91,False,59.14,70.28571428571429,66.42714285714285
401602112,"February 03, 2024",Charlotte 49ers,2429,67,False,62.63,72.41666666666667,64.55416666666666
401602133,"February 15, 2024",Charlotte 49ers,2429,79,False,68.98,72.0,64.40615384615384
401602139,"February 18, 2024",Charlotte 49ers,2429,72,False,64.305,72.5,64.73285714285714
401602062,"January 06, 2024",Charlotte 49ers,2429,70,False,62.955,72.875,65.51625
401602069,"January 10, 2024",Charlotte 49ers,2429,84,False,70.91,72.55555555555556,65.23166666666667
401602087,"January 20, 2024",Charlotte 49ers,2429,56,False,54.885,73.7,65.7995
401602094,"January 23, 2024",Charlotte 49ers,2429,76,False,61.77,72.0909090909091,64.80727272727273
401602162,"March 02, 2024",Charlotte 49ers,2429,61,False,64.7,72.46666666666667,64.70433333333334
401602170,"March 06, 2024",Charlotte 49ers,2429,69,False,66.095,71.75,64.7040625
401625469,"March 15, 2024",Charlotte 49ers,2429,54,True,63.56,71.58823529411765,64.78588235294117
401577558,"November 06, 2023",Charlotte 49ers,2429,69,False,66.165,0.0,0.0
401581589,"November 10, 2023",Charlotte 49ers,2429,59,True,57.745,69.0,66.165
401584451,"November 15, 2023",Charlotte 49ers,2429,62,False,64.88499999999999,64.0,61.955
401614679,"November 20, 2023",Charlotte 49ers,2429,71,True,76.56,63.333333333333336,62.931666666666665
401601460,"November 25, 2023",Charlotte 49ers,2429,65,False,64.98,65.25,66.33875
401597834,"November 29, 2023",Charlotte 49ers,2429,81,False,68.56,65.2,66.067
401594565,"December 10, 2023",Chattanooga Mocs,236,112,False,75.77,75.6,70.044
401594567,"December 19, 2023",Chattanooga Mocs,236,69,False,68.63,81.66666666666667,70.99833333333333
401587936,"February 03, 2024",Chattanooga Mocs,236,56,False,66.56,80.45454545454545,70.63
401587949,"February 14, 2024",Chattanooga Mocs,236,84,False,65.56,78.41666666666667,70.29083333333334
401587960,"February 21, 2024",Chattanooga Mocs,236,81,False,65.885,78.84615384615384,69.92692307692307
401587973,"February 28, 2024",Chattanooga Mocs,236,84,False,65.815,79.0,69.63821428571428
401587895,"January 06, 2024",Chattanooga Mocs,236,73,False,74.235,79.85714285714286,70.66
401587903,"January 11, 2024",Chattanooga Mocs,236,109,False,76.375,79.0,71.106875
401587905,"January 13, 2024",Chattanooga Mocs,236,54,False,65.21000000000001,82.33333333333333,71.69222222222223
401587924,"January 27, 2024",Chattanooga Mocs,236,90,False,66.49,79.5,71.044
401587975,"March 02, 2024",Chattanooga Mocs,236,63,False,65.025,79.33333333333333,69.38333333333334
401625585,"March 09, 2024",Chattanooga Mocs,236,75,True,66.815,78.3125,69.1109375
401625587,"March 10, 2024",Chattanooga Mocs,236,84,True,81.655,78.11764705882354,68.97588235294117
401594560,"November 06, 2023",Chattanooga Mocs,236,89,False,73.375,0.0,0.0
401594562,"November 14, 2023",Chattanooga Mocs,236,72,False,66.28,89.0,73.375
401594469,"November 19, 2023",Chattanooga Mocs,236,68,False,64.88499999999999,80.5,69.8275
401587216,"November 24, 2023",Chattanooga Mocs,236,77,False,78.63,76.33333333333333,68.17999999999999
401594563,"November 26, 2023",Chattanooga Mocs,236,72,False,67.05,76.5,70.79249999999999
401600233,"December 03, 2023",Chicago State Cougars,2130,77,False,63.885,68.4,73.077
401598005,"December 10, 2023",Chicago State Cougars,2130,50,False,59.745,69.83333333333333,71.545
401600245,"December 18, 2023",Chicago State Cougars,2130,78,False,78.05,67.0,69.85928571428572
401574625,"December 20, 2023",Chicago State Cougars,2130,55,False,64.88499999999999,68.375,70.883125
401600254,"February 19, 2024",Chicago State Cougars,2130,93,False,76.885,76.45454545454545,72.5390909090909
401600248,"January 19, 2024",Chicago State Cougars,2130,131,False,84.42,66.88888888888889,70.21666666666667
401600249,"January 21, 2024",Chicago State Cougars,2130,108,False,81.56,73.3,71.637
401597989,"November 09, 2023",Chicago State Cougars,2130,61,False,68.05,0.0,0.0
401594090,"November 14, 2023",Chicago State Cougars,2130,64,False,67.7,61.0,68.05
401594013,"November 21, 2023",Chicago State Cougars,2130,77,True,77.35,62.5,67.875
401600243,"November 25, 2023",Chicago State Cougars,2130,71,False,77.025,67.33333333333333,71.03333333333333
401600244,"November 30, 2023",Chicago State Cougars,2130,69,False,75.26,68.25,72.53125
401593872,"December 03, 2023",Cincinnati Bearcats,2132,99,False,69.605,85.2,72.751
401603539,"December 12, 2023",Cincinnati Bearcats,2132,85,False,77.815,87.5,72.22666666666667
401577537,"December 16, 2023",Cincinnati Bearcats,2132,68,True,68.56,87.14285714285714,73.025
401583788,"December 19, 2023",Cincinnati Bearcats,2132,65,False,68.165,84.75,72.466875
401600237,"December 22, 2023",Cincinnati Bearcats,2132,83,False,66.515,82.55555555555556,71.98888888888888
401587222,"December 29, 2023",Cincinnati Bearcats,2132,76,False,70.955,82.6,71.44149999999999
401603465,"February 10, 2024",Cincinnati Bearcats,2132,62,False,63.375,79.26666666666667,71.06400000000001
401603474,"February 13, 2024",Cincinnati Bearcats,2132,59,False,69.095,78.1875,70.5834375
401603488,"February 21, 2024",Cincinnati Bearcats,2132,76,False,68.49000000000001,77.05882352941177,70.49588235294118
401603406,"January 09, 2024",Cincinnati Bearcats,2132,73,False,73.025,82.0,71.39727272727272
401603420,"January 16, 2024",Cincinnati Bearcats,2132,81,False,79.42,81.25,71.53291666666667
401603426,"January 20, 2024",Cincinnati Bearcats,2132,65,False,64.77,81.23076923076923,72.13961538461538
401603441,"January 27, 2024",Cincinnati Bearcats,2132,68,False,63.375,80.07142857142857,71.61321428571429
401603505,"March 02, 2024",Cincinnati Bearcats,2132,74,False,66.28,77.0,70.38444444444445
401603518,"March 09, 2024",Cincinnati Bearcats,2132,92,False,65.35,76.84210526315789,70.16842105263159
401625415,"March 12, 2024",Cincinnati Bearcats,2132,90,True,70.235,77.6,69.9275
401577706,"November 06, 2023",Cincinnati Bearcats,2132,69,False,72.955,0.0,0.0
401583753,"November 10, 2023",Cincinnati Bearcats,2132,93,False,75.095,69.0,72.955
401593971,"November 12, 2023",Cincinnati Bearcats,2132,85,False,76.58500000000001,81.0,74.025
401594230,"November 19, 2023",Cincinnati Bearcats,2132,90,False,67.955,82.33333333333333,74.87833333333333
401603537,"November 22, 2023",Cincinnati Bearcats,2132,89,False,71.16499999999999,84.25,73.14750000000001
401583763,"December 06, 2023",Clemson Tigers,228,72,False,67.7,80.25,70.03125
401578015,"December 09, 2023",Clemson Tigers,228,74,True,70.655,78.6,69.565
401583723,"December 22, 2023",Clemson Tigers,228,109,False,78.095,77.83333333333333,69.74666666666667
401583764,"December 29, 2023",Clemson Tigers,228,93,False,65.49,82.28571428571429,70.93928571428572
401604162,"February 03, 2024",Clemson Tigers,228,65,False,58.235,81.08333333333333,70.22333333333333
401604188,"February 14, 2024",Clemson Tigers,228,77,False,66.095,79.84615384615384,69.30115384615384
401604193,"February 17, 2024",Clemson Tigers,228,77,False,68.77,79.64285714285714,69.07214285714285
401604206,"February 24, 2024",Clemson Tigers,228,74,False,70.025,79.46666666666667,69.05199999999999
401604213,"February 27, 2024",Clemson Tigers,228,69,False,65.235,79.125,69.1128125
401604106,"January 06, 2024",Clemson Tigers,228,55,False,62.56,83.625,70.25812499999999
401604120,"January 13, 2024",Clemson Tigers,228,89,False,68.42,80.44444444444444,69.40277777777777
401604128,"January 16, 2024",Clemson Tigers,228,90,False,78.33,81.3,69.30449999999999
401604159,"January 30, 2024",Clemson Tigers,228,70,False,71.305,82.0909090909091,70.125
401604228,"March 05, 2024",Clemson Tigers,228,90,False,67.56,78.52941176470588,68.88470588235293
401625406,"March 13, 2024",Clemson Tigers,228,55,True,62.56,79.16666666666667,68.8111111111111
401583759,"November 06, 2023",Clemson Tigers,228,78,False,69.63,0.0,0.0
401583849,"November 12, 2023",Clemson Tigers,228,68,True,65.095,78.0,69.63
401583761,"November 19, 2023",Clemson Tigers,228,85,False,71.77,73.0,67.3625
401583762,"November 24, 2023",Clemson Tigers,228,90,False,73.63,77.0,68.83166666666666
401587641,"December 02, 2023",Cleveland State Vikings,325,69,False,67.12,82.6,70.01599999999999
401581768,"December 21, 2023",Cleveland State Vikings,325,90,False,77.165,80.33333333333333,69.53333333333333
401587645,"December 28, 2023",Cleveland State Vikings,325,75,False,76.77,81.71428571428571,70.62357142857142
401587736,"February 14, 2024",Cleveland State Vikings,325,68,False,68.49,81.25,71.90166666666667
401587744,"February 17, 2024",Cleveland State Vikings,325,81,False,74.305,80.23076923076923,71.63923076923076
401587757,"February 28, 2024",Cleveland State Vikings,325,61,False,63.58500000000001,80.28571428571429,71.82964285714286
401587684,"January 07, 2024",Cleveland State Vikings,325,88,False,75.58500000000001,80.875,71.391875
401587700,"January 20, 2024",Cleveland State Vikings,325,75,False,69.63,81.66666666666667,71.85777777777778
401587708,"January 25, 2024",Cleveland State Vikings,325,99,False,87.05,81.0,71.635
401587713,"January 28, 2024",Cleveland State Vikings,325,66,False,59.42,82.63636363636364,73.03636363636363
401610359,"March 02, 2024",Cleveland State Vikings,325,75,False,65.095,79.0,71.28
401625692,"March 05, 2024",Cleveland State Vikings,325,85,False,70.235,78.75,70.8934375
401594170,"November 08, 2023",Cleveland State Vikings,325,102,False,72.60499999999999,0.0,0.0
401587199,"November 11, 2023",Cleveland State Vikings,325,82,False,64.84,102.0,72.60499999999999
401594171,"November 15, 2023",Cleveland State Vikings,325,71,False,73.305,92.0,68.7225
401594172,"November 22, 2023",Cleveland State Vikings,325,72,False,68.42,85.0,70.25
401594173,"November 25, 2023",Cleveland State Vikings,325,86,False,70.91,81.75,69.7925
401600058,"December 02, 2023",Coastal Carolina Chanticleers,324,87,False,71.77,73.4,73.826
401604788,"December 04, 2023",Coastal Carolina Chanticleers,324,110,False,81.095,75.66666666666667,73.48333333333333
401594583,"December 09, 2023",Coastal Carolina Chanticleers,324,80,False,65.49,80.57142857142857,74.57071428571429
401581734,"December 21, 2023",Coastal Carolina Chanticleers,324,82,False,73.56,80.5,73.435625
401581628,"December 30, 2023",Coastal Carolina Chanticleers,324,65,False,66.305,80.66666666666667,73.44944444444444
401581638,"February 15, 2024",Coastal Carolina Chanticleers,324,82,False,73.33,75.92857142857143,72.60857142857142
401581639,"February 17, 2024",Coastal Carolina Chanticleers,324,74,False,70.28,76.33333333333333,72.65666666666667
401581627,"February 28, 2024",Coastal Carolina Chanticleers,324,60,False,72.42,76.1875,72.508125
401581496,"January 11, 2024",Coastal Carolina Chanticleers,324,45,False,65.885,79.1,72.735
401581631,"January 13, 2024",Coastal Carolina Chanticleers,324,79,False,77.095,76.0,72.11227272727272
401581633,"January 24, 2024",Coastal Carolina Chanticleers,324,63,False,64.88499999999999,76.25,72.5275
401581634,"January 27, 2024",Coastal Carolina Chanticleers,324,85,False,81.305,75.23076923076923,71.9396153846154
401581642,"March 01, 2024",Coastal Carolina Chanticleers,324,76,False,71.235,75.23529411764706,72.50294117647059
401604787,"November 06, 2023",Coastal Carolina Chanticleers,324,88,False,80.26,0.0,0.0
401581144,"November 16, 2023",Coastal Carolina Chanticleers,324,77,False,73.49,88.0,80.26
401582117,"November 19, 2023",Coastal Carolina Chanticleers,324,72,False,74.49,82.5,76.875
401590921,"November 26, 2023",Coastal Carolina Chanticleers,324,58,False,67.305,79.0,76.08
401600052,"November 29, 2023",Coastal Carolina Chanticleers,324,72,False,73.58500000000001,73.75,73.88625
401598635,"December 06, 2023",Colgate Raiders,2142,115,False,78.095,68.4,66.495
401598596,"February 03, 2024",Colgate Raiders,2142,88,False,67.21000000000001,73.45454545454545,67.60863636363636
401598640,"February 14, 2024",Colgate Raiders,2142,85,False,72.35,74.66666666666667,67.57541666666667
401594498,"February 17, 2024",Colgate Raiders,2142,62,False,63.885,75.46153846153847,67.94269230769231
401597395,"February 25, 2024",Colgate Raiders,2142,64,False,65.21000000000001,74.5,67.65285714285714
401594508,"January 03, 2024",Colgate Raiders,2142,78,False,66.35,76.16666666666667,68.42833333333333
401598636,"January 10, 2024",Colgate Raiders,2142,64,False,66.165,76.42857142857143,68.13142857142857
401597968,"January 20, 2024",Colgate Raiders,2142,75,False,68.025,74.875,67.885625
401598638,"January 22, 2024",Colgate Raiders,2142,60,False,68.84,74.88888888888889,67.9011111111111
401598639,"January 31, 2024",Colgate Raiders,2142,74,False,63.745,73.4,67.995
401625706,"March 07, 2024",Colgate Raiders,2142,81,False,65.88499999999999,73.8,67.49
401625708,"March 10, 2024",Colgate Raiders,2142,68,False,66.98,74.25,67.38968750000001
401625709,"March 13, 2024",Colgate Raiders,2142,74,False,65.815,73.88235294117646,67.36558823529411
401577656,"November 06, 2023",Colgate Raiders,2142,72,False,71.77,0.0,0.0
401581514,"November 18, 2023",Colgate Raiders,2142,59,True,66.42,72.0,71.77
401581511,"November 19, 2023",Colgate Raiders,2142,57,True,56.63,65.5,69.095
401581740,"November 22, 2023",Colgate Raiders,2142,70,False,65.7,62.666666666666664,64.94
401574597,"November 29, 2023",Colgate Raiders,2142,84,False,71.955,64.5,65.13
401576684,"December 03, 2023",Colorado Buffaloes,38,91,False,73.98,86.4,74.821
401607341,"December 15, 2023",Colorado Buffaloes,38,90,False,76.955,87.16666666666667,74.68083333333334
401591578,"December 21, 2023",Colorado Buffaloes,38,98,False,76.49,87.57142857142857,75.00571428571428
401607354,"December 29, 2023",Colorado Buffaloes,38,73,False,75.955,88.875,75.19125
401607359,"December 31, 2023",Colorado Buffaloes,38,74,False,68.91,87.11111111111111,75.2761111111111
401607412,"February 08, 2024",Colorado Buffaloes,38,82,False,72.49,84.76923076923077,73.69807692307693
401607417,"February 10, 2024",Colorado Buffaloes,38,79,False,74.91,84.57142857142857,73.61178571428572
401607456,"February 24, 2024",Colorado Buffaloes,38,89,False,67.955,84.2,73.69833333333332
401607457,"February 28, 2024",Colorado Buffaloes,38,88,False,79.49,84.5,73.339375
401607380,"January 13, 2024",Colorado Buffaloes,38,68,False,67.955,85.8,74.6395
401607386,"January 18, 2024",Colorado Buffaloes,38,86,False,73.095,84.18181818181819,74.03181818181818
401607390,"January 20, 2024",Colorado Buffaloes,38,90,False,70.63,84.33333333333333,73.95375
401607459,"March 03, 2024",Colorado Buffaloes,38,81,False,69.7,84.70588235294117,73.70117647058824
401625480,"March 14, 2024",Colorado Buffaloes,38,72,True,64.49,84.5,73.47888888888889
401625483,"March 16, 2024",Colorado Buffaloes,38,68,True,67.84,83.84210526315789,73.0057894736842
401587141,"November 06, 2023",Colorado Buffaloes,38,75,False,66.235,0.0,0.0
401594479,"November 10, 2023",Colorado Buffaloes,38,95,False,73.7,75.0,66.235
401594480,"November 14, 2023",Colorado Buffaloes,38,106,False,76.84,85.0,69.9675
401603138,"November 21, 2023",Colorado Buffaloes,38,71,True,84.235,92.0,72.25833333333334
401581759,"November 26, 2023",Colorado Buffaloes,38,85,False,73.095,86.75,75.2525
401581778,"December 02, 2023",Colorado State Rams,36,86,True,69.49,89.5,72.845
401594596,"December 06, 2023",Colorado State Rams,36,90,False,68.445,88.8,72.174
401595310,"December 09, 2023",Colorado State Rams,36,61,False,63.305,89.0,71.5525
401595311,"December 17, 2023",Colorado State Rams,36,86,False,77.025,85.0,70.3742857142857
401609946,"December 29, 2023",Colorado State Rams,36,106,False,73.49,85.125,71.205625
401602975,"February 06, 2024",Colorado State Rams,36,75,False,63.095,84.46153846153847,70.35807692307692
401602990,"February 09, 2024",Colorado State Rams,36,66,False,65.42,83.78571428571429,69.83928571428571
401600802,"February 17, 2024",Colorado State Rams,36,75,False,67.49,82.6,69.54466666666667
401602987,"February 27, 2024",Colorado State Rams,36,74,False,65.77000000000001,82.125,69.41625
401606629,"January 02, 2024",Colorado State Rams,36,76,False,69.885,87.44444444444444,71.45944444444444
401594446,"January 16, 2024",Colorado State Rams,36,78,False,68.305,86.3,71.30199999999999
401597306,"January 19, 2024",Colorado State Rams,36,78,False,66.56,85.54545454545455,71.02954545454546
401597941,"January 30, 2024",Colorado State Rams,36,79,False,66.77000000000001,84.91666666666667,70.65708333333333
401602995,"March 02, 2024",Colorado State Rams,36,70,False,67.165,81.6470588235294,69.20176470588235
401625523,"March 13, 2024",Colorado State Rams,36,72,True,62.28,81.0,69.0886111111111
401595309,"November 06, 2023",Colorado State Rams,36,81,False,71.35,0.0,0.0
401589372,"November 10, 2023",Colorado State Rams,36,105,False,76.63,81.0,71.35
401581804,"November 17, 2023",Colorado State Rams,36,84,False,71.16499999999999,93.0,73.99
401594481,"November 29, 2023",Colorado State Rams,36,88,False,72.235,90.0,73.04833333333333
401591559,"December 05, 2023",Columbia Lions,171,83,False,67.49,81.16666666666667,72.59083333333334
401591563,"February 16, 2024",Columbia Lions,171,73,False,71.165,83.6,71.88300000000001
401581754,"February 17, 2024",Columbia Lions,171,75,False,73.05,82.63636363636364,71.81772727272727
401577676,"February 23, 2024",Columbia Lions,171,64,False,69.025,82.0,71.92041666666667
401587197,"February 24, 2024",Columbia Lions,171,76,False,68.56,80.61538461538461,71.69769230769231
401591560,"January 04, 2024",Columbia Lions,171,120,False,78.815,81.42857142857143,71.86214285714286
401587175,"January 20, 2024",Columbia Lions,171,62,False,72.14,86.25,72.73125
401589368,"January 27, 2024",Columbia Lions,171,84,False,64.84,83.55555555555556,72.66555555555556
401591564,"March 09, 2024",Columbia Lions,171,76,False,74.63,80.28571428571429,71.47357142857143
401582139,"November 11, 2023",Columbia Lions,171,75,False,76.84,0.0,0.0
401591555,"November 12, 2023",Columbia Lions,171,86,False,69.235,75.0,76.84
401591556,"November 15, 2023",Columbia Lions,171,105,False,76.885,80.5,73.0375
401589493,"November 21, 2023",Columbia Lions,171,77,False,76.955,88.66666666666667,74.32000000000001
401577565,"November 25, 2023",Columbia Lions,171,75,False,72.675,85.75,74.97875
401591558,"November 29, 2023",Columbia Lions,171,69,False,62.955,83.6,74.518
401589466,"December 06, 2023",Coppin State Eagles,2154,59,False,66.165,69.0,68.29249999999999
401589746,"February 17, 2024",Coppin State Eagles,2154,56,False,67.63,67.83333333333333,71.85916666666667
401589748,"February 24, 2024",Coppin State Eagles,2154,66,False,67.16499999999999,66.14285714285714,71.255
401589740,"January 08, 2024",Coppin State Eagles,2154,58,False,74.63,65.66666666666667,67.58333333333333
401589741,"January 20, 2024",Coppin State Eagles,2154,86,False,83.4,63.75,69.345
401589743,"January 29, 2024",Coppin State Eagles,2154,66,False,70.375,68.2,72.15599999999999
401589750,"March 02, 2024",Coppin State Eagles,2154,58,False,61.955,66.125,70.74375
401589751,"March 04, 2024",Coppin State Eagles,2154,58,False,64.375,65.22222222222223,69.76722222222222
401587142,"November 09, 2023",Coppin State Eagles,2154,49,False,64.16499999999999,0.0,0.0
401582132,"November 30, 2023",Coppin State Eagles,2154,89,False,72.42,49.0,64.16499999999999
401598579,"December 30, 2023",Cornell Big Red,172,77,False,70.56,99.0,79.39750000000001
401581753,"February 16, 2024",Cornell Big Red,172,75,False,71.235,90.14285714285714,72.70928571428571
401598583,"February 17, 2024",Cornell Big Red,172,89,False,70.84,88.25,72.525
401587196,"February 23, 2024",Cornell Big Red,172,65,False,69.445,88.33333333333333,72.33777777777777
401577677,"February 24, 2024",Cornell Big Red,172,74,False,68.42,86.0,72.0485
401591561,"January 09, 2024",Cornell Big Red,172,91,False,69.235,91.66666666666667,76.45166666666667
401589367,"January 15, 2024",Cornell Big Red,172,77,False,67.535,91.5,74.64750000000001
401598581,"January 23, 2024",Cornell Big Red,172,105,False,74.025,88.6,73.225
401587176,"January 27, 2024",Cornell Big Red,172,83,False,68.815,91.33333333333333,73.35833333333333
401598575,"November 08, 2023",Cornell Big Red,172,107,False,85.025,0.0,0.0
401583747,"November 29, 2023",Cornell Big Red,172,91,False,73.77,107.0,85.025
401577595,"December 09, 2023",Creighton Bluejays,156,109,False,72.14,84.0,68.49
401577597,"December 16, 2023",Creighton Bluejays,156,85,False,71.515,87.57142857142857,69.01142857142857
401599440,"December 20, 2023",Creighton Bluejays,156,66,False,74.35,87.25,69.324375
401599513,"February 02, 2024",Creighton Bluejays,156,98,False,76.955,82.23076923076923,69.7173076923077
401599529,"February 13, 2024",Creighton Bluejays,156,94,False,68.165,83.35714285714286,70.23428571428572
401599538,"February 20, 2024",Creighton Bluejays,156,85,False,59.955,84.06666666666666,70.09633333333333
401599550,"February 28, 2024",Creighton Bluejays,156,85,False,70.955,84.125,69.4625
401599475,"January 06, 2024",Creighton Bluejays,156,69,False,68.28,84.88888888888889,69.88277777777778
401599486,"January 13, 2024",Creighton Bluejays,156,66,False,67.235,83.3,69.7225
401599499,"January 23, 2024",Creighton Bluejays,156,85,False,71.375,81.72727272727273,69.49636363636364
401599505,"January 27, 2024",Creighton Bluejays,156,85,False,70.49,82.0,69.65291666666667
401599553,"March 02, 2024",Creighton Bluejays,156,89,False,68.42,84.17647058823529,69.55029411764706
401625561,"March 14, 2024",Creighton Bluejays,156,73,True,73.49,84.44444444444444,69.48750000000001
401577591,"November 07, 2023",Creighton Bluejays,156,105,False,67.56,0.0,0.0
401577592,"November 11, 2023",Creighton Bluejays,156,89,False,67.56,105.0,67.56
401574574,"November 14, 2023",Creighton Bluejays,156,92,False,74.49,97.0,67.56
401577593,"November 18, 2023",Creighton Bluejays,156,82,False,64.42,95.33333333333333,69.87
401577594,"November 22, 2023",Creighton Bluejays,156,88,True,68.955,92.0,68.5075
401581586,"November 23, 2023",Creighton Bluejays,156,48,True,67.955,91.2,68.59700000000001
401574611,"December 06, 2023",Dartmouth Big Green,159,76,False,68.025,63.5,72.38499999999999
401584386,"December 09, 2023",Dartmouth Big Green,159,53,False,62.955,67.66666666666667,70.93166666666667
401597965,"December 13, 2023",Dartmouth Big Green,159,63,False,65.165,64.0,68.9375
401600290,"December 18, 2023",Dartmouth Big Green,159,77,False,71.445,63.8,68.183
401598582,"February 02, 2024",Dartmouth Big Green,159,53,False,61.28,65.25,68.025
401591562,"February 03, 2024",Dartmouth Big Green,159,56,False,64.77000000000001,63.888888888888886,67.27555555555556
401589369,"February 23, 2024",Dartmouth Big Green,159,69,False,61.815,63.1,67.025
401587180,"February 24, 2024",Dartmouth Big Green,159,56,False,62.095,63.63636363636363,66.55136363636365
401587192,"January 20, 2024",Dartmouth Big Green,159,51,False,66.885,66.0,68.72666666666667
401577670,"January 27, 2024",Dartmouth Big Green,159,75,False,64.955,63.857142857142854,68.46357142857143
401581758,"March 05, 2024",Dartmouth Big Green,159,76,False,69.88499999999999,63.0,66.17999999999999
401582017,"November 10, 2023",Dartmouth Big Green,159,48,False,69.63,0.0,0.0
401600240,"November 15, 2023",Dartmouth Big Green,159,79,False,75.14,48.0,69.63
401589373,"December 02, 2023",Davidson Wildcats,2166,82,False,66.885,73.0,65.00166666666667
401596811,"December 06, 2023",Davidson Wildcats,2166,62,False,65.165,75.25,65.4725
401588603,"December 09, 2023",Davidson Wildcats,2166,79,False,64.49,72.6,65.411
401617059,"December 16, 2023",Davidson Wildcats,2166,98,False,71.35,73.66666666666667,65.25750000000001
401597835,"December 21, 2023",Davidson Wildcats,2166,62,False,58.42,77.14285714285714,66.12785714285714
401596890,"February 10, 2024",Davidson Wildcats,2166,55,False,59.955,71.41666666666667,66.28875000000001
401596895,"February 13, 2024",Davidson Wildcats,2166,71,False,69.63,70.15384615384616,65.80153846153847
401596910,"February 20, 2024",Davidson Wildcats,2166,68,False,62.095,70.21428571428571,66.075
401596821,"January 03, 2024",Davidson Wildcats,2166,59,False,67.77000000000001,75.25,65.164375
401596830,"January 09, 2024",Davidson Wildcats,2166,74,False,72.655,73.44444444444444,65.4538888888889
401596851,"January 20, 2024",Davidson Wildcats,2166,64,False,72.56,73.5,66.174
401596863,"January 27, 2024",Davidson Wildcats,2166,58,False,61.165,72.63636363636364,66.75454545454546
401596931,"March 02, 2024",Davidson Wildcats,2166,67,False,68.305,70.06666666666666,65.80966666666667
401596942,"March 06, 2024",Davidson Wildcats,2166,59,False,67.235,69.875,65.965625
401597830,"November 06, 2023",Davidson Wildcats,2166,86,False,67.56,0.0,0.0
401583847,"November 10, 2023",Davidson Wildcats,2166,64,True,64.235,86.0,67.56
401597832,"November 21, 2023",Davidson Wildcats,2166,69,False,63.21,75.0,65.89750000000001
401577534,"December 02, 2023",Dayton Flyers,2168,76,False,63.35,76.0,67.52166666666666
401577535,"December 06, 2023",Dayton Flyers,2168,0,False,,76.0,66.47875
401577536,"December 09, 2023",Dayton Flyers,2168,82,False,67.49,60.8,66.47875
401577538,"December 20, 2023",Dayton Flyers,2168,91,False,62.49,64.33333333333333,66.681
401577539,"December 30, 2023",Dayton Flyers,2168,78,False,62.63,68.14285714285714,65.9825
401596874,"February 02, 2024",Dayton Flyers,2168,76,False,63.28,72.33333333333333,65.93
401596897,"February 13, 2024",Dayton Flyers,2168,75,False,62.30500000000001,72.61538461538461,65.70916666666666
401596906,"February 17, 2024",Dayton Flyers,2168,78,False,61.375,72.78571428571429,65.4473076923077
401596925,"February 27, 2024",Dayton Flyers,2168,80,False,68.42,73.13333333333334,65.15642857142858
401596827,"January 07, 2024",Dayton Flyers,2168,64,False,64.235,69.375,65.50357142857142
401596842,"January 16, 2024",Dayton Flyers,2168,70,False,66.745,68.77777777777777,65.345
401596848,"January 20, 2024",Dayton Flyers,2168,96,False,64.63,68.9,65.50055555555555
401596870,"January 30, 2024",Dayton Flyers,2168,83,False,71.095,71.36363636363636,65.4135
401596943,"March 08, 2024",Dayton Flyers,2168,91,False,76.21,73.5625,65.374
401625552,"March 14, 2024",Dayton Flyers,2168,57,True,63.955,74.58823529411765,66.05125
401577530,"November 06, 2023",Dayton Flyers,2168,63,False,63.025,0.0,0.0
401581545,"November 17, 2023",Dayton Flyers,2168,88,True,72.63,63.0,63.025
401577532,"November 24, 2023",Dayton Flyers,2168,77,False,66.91,75.5,67.8275
401574561,"December 01, 2023",DePaul Blue Demons,305,80,False,78.235,73.2,73.784
401597892,"December 09, 2023",DePaul Blue Demons,305,75,False,73.84,74.33333333333333,74.52583333333332
401581723,"December 16, 2023",DePaul Blue Demons,305,46,False,60.165,74.42857142857143,74.42785714285715
401599444,"December 23, 2023",DePaul Blue Demons,305,48,False,70.955,70.875,72.645
401597893,"December 30, 2023",DePaul Blue Demons,305,70,False,57.49,68.33333333333333,72.45722222222223
401599514,"February 03, 2024",DePaul Blue Demons,305,68,False,75.19,65.5,70.9375
401599531,"February 14, 2024",DePaul Blue Demons,305,65,False,69.235,65.66666666666667,71.221
401599543,"February 24, 2024",DePaul Blue Demons,305,76,False,70.05,65.625,71.096875
401599479,"January 09, 2024",DePaul Blue Demons,305,58,False,70.095,68.5,70.9605
401599492,"January 17, 2024",DePaul Blue Demons,305,62,False,74.98,67.54545454545455,70.88181818181819
401599501,"January 24, 2024",DePaul Blue Demons,305,73,False,70.025,67.08333333333333,71.22333333333334
401599509,"January 30, 2024",DePaul Blue Demons,305,39,False,68.42,67.53846153846153,71.13115384615385
401599554,"March 02, 2024",DePaul Blue Demons,305,63,False,66.14,66.23529411764706,71.03529411764706
401599558,"March 05, 2024",DePaul Blue Demons,305,77,False,71.955,66.05555555555556,70.76333333333334
401587157,"November 07, 2023",DePaul Blue Demons,305,74,False,76.7,0.0,0.0
401597890,"November 11, 2023",DePaul Blue Demons,305,73,False,74.7,74.0,76.7
401597891,"November 14, 2023",DePaul Blue Demons,305,72,False,65.56,73.5,75.7
401592850,"November 17, 2023",DePaul Blue Demons,305,68,True,77.19,73.0,72.32000000000001
401588596,"November 25, 2023",DePaul Blue Demons,305,79,False,74.77,71.75,73.5375
401586902,"December 16, 2023",Delaware Blue Hens,48,67,True,68.63,79.0,69.885
401594382,"December 20, 2023",Delaware Blue Hens,48,85,False,73.91,76.0,69.57124999999999
401587173,"December 30, 2023",Delaware Blue Hens,48,82,False,72.095,77.8,70.439
401600706,"February 03, 2024",Delaware Blue Hens,48,84,False,73.305,76.8,69.667
401600720,"February 10, 2024",Delaware Blue Hens,48,69,False,61.63,77.45454545454545,69.99772727272727
401600736,"February 22, 2024",Delaware Blue Hens,48,71,False,72.025,76.75,69.30041666666666
401600748,"February 26, 2024",Delaware Blue Hens,48,60,False,62.63,76.3076923076923,69.51
401600753,"February 29, 2024",Delaware Blue Hens,48,73,False,69.815,75.14285714285714,69.01857142857143
401600622,"January 04, 2024",Delaware Blue Hens,48,80,False,69.955,78.5,70.71499999999999
401600672,"January 18, 2024",Delaware Blue Hens,48,71,False,64.42,78.71428571428571,70.60642857142857
401600685,"January 25, 2024",Delaware Blue Hens,48,90,False,72.095,77.75,69.833125
401600693,"January 27, 2024",Delaware Blue Hens,48,56,False,65.91,79.11111111111111,70.08444444444444
401630144,"March 09, 2024",Delaware Blue Hens,48,80,True,70.095,75.0,69.07166666666667
401597373,"November 08, 2023",Delaware Blue Hens,48,101,False,76.745,0.0,0.0
401594441,"November 12, 2023",Delaware Blue Hens,48,65,False,57.745,101.0,76.745
401603089,"November 26, 2023",Delaware Blue Hens,48,71,True,75.165,83.0,67.245
401604422,"December 05, 2023",Delaware State Hornets,2169,105,False,82.58500000000001,74.0,74.27000000000001
401604424,"December 07, 2023",Delaware State Hornets,2169,106,False,80.56,84.33333333333333,77.04166666666667
401597909,"December 09, 2023",Delaware State Hornets,2169,61,False,76.28,89.75,77.92125
401594350,"December 30, 2023",Delaware State Hornets,2169,77,False,73.955,84.0,77.593
401604429,"February 05, 2024",Delaware State Hornets,2169,71,False,66.77,74.9,74.393
401604430,"February 19, 2024",Delaware State Hornets,2169,80,False,70.56,74.54545454545455,73.7
401589739,"January 06, 2024",Delaware State Hornets,2169,55,False,63.28,82.83333333333333,76.98666666666666
401604426,"January 20, 2024",Delaware State Hornets,2169,67,False,76.795,78.85714285714286,75.02857142857144
401604427,"January 27, 2024",Delaware State Hornets,2169,64,False,67.56,77.375,75.249375
401604428,"January 29, 2024",Delaware State Hornets,2169,66,False,74.375,75.88888888888889,74.39500000000001
401594415,"March 02, 2024",Delaware State Hornets,2169,85,False,72.56,75.0,73.43833333333333
401597374,"November 15, 2023",Delaware State Hornets,2169,67,False,70.375,0.0,0.0
401581787,"November 26, 2023",Delaware State Hornets,2169,81,True,78.165,67.0,70.375
401594595,"December 02, 2023",Denver Pioneers,2172,90,False,75.42,98.5,77.33000000000001
401594597,"December 18, 2023",Denver Pioneers,2172,89,False,79.095,95.66666666666667,76.69333333333334
401594598,"December 20, 2023",Denver Pioneers,2172,90,False,76.56,94.0,77.29375
401580027,"December 31, 2023",Denver Pioneers,2172,86,False,84.98,93.2,77.147
401580079,"February 10, 2024",Denver Pioneers,2172,94,False,73.235,92.9,78.8515
401580081,"February 15, 2024",Denver Pioneers,2172,78,False,70.77,93.0,78.3409090909091
401580086,"February 17, 2024",Denver Pioneers,2172,77,False,69.305,91.75,77.71
401580099,"February 29, 2024",Denver Pioneers,2172,69,False,71.375,90.61538461538461,77.06346153846154
401594599,"January 03, 2024",Denver Pioneers,2172,95,False,78.515,92.0,78.4525
401580046,"January 13, 2024",Denver Pioneers,2172,99,False,74.56,92.42857142857143,78.46142857142857
401580059,"January 25, 2024",Denver Pioneers,2172,111,False,91.305,93.25,77.97375
401580063,"January 27, 2024",Denver Pioneers,2172,72,False,73.42,95.22222222222223,79.455
401594592,"November 09, 2023",Denver Pioneers,2172,97,False,75.86500000000001,0.0,0.0
401594593,"November 22, 2023",Denver Pioneers,2172,100,False,78.795,97.0,75.86500000000001
401583756,"December 06, 2023",Detroit Mercy Titans,2174,65,False,70.515,61.0,65.25750000000001
401587715,"February 01, 2024",Detroit Mercy Titans,2174,65,False,67.63,62.714285714285715,68.30428571428571
401587721,"February 03, 2024",Detroit Mercy Titans,2174,67,False,64.7,63.0,68.22
401587737,"February 14, 2024",Detroit Mercy Titans,2174,81,False,73.655,63.44444444444444,67.8288888888889
401587740,"February 17, 2024",Detroit Mercy Titans,2174,69,False,65.42,65.2,68.4115
401587747,"February 22, 2024",Detroit Mercy Titans,2174,78,False,74.84,65.54545454545455,68.13954545454546
401587676,"January 04, 2024",Detroit Mercy Titans,2174,51,False,61.35,62.333333333333336,67.01
401587681,"January 06, 2024",Detroit Mercy Titans,2174,61,False,75.49,59.5,65.595
401587693,"January 13, 2024",Detroit Mercy Titans,2174,76,False,69.235,59.8,67.574
401587704,"January 20, 2024",Detroit Mercy Titans,2174,64,False,71.025,62.5,67.85083333333334
401581351,"November 21, 2023",Detroit Mercy Titans,2174,72,False,60.49,0.0,0.0
401587636,"November 29, 2023",Detroit Mercy Titans,2174,50,False,70.025,72.0,60.49
401601817,"December 02, 2023",Drake Bulldogs,2181,74,False,72.675,83.5,70.74000000000001
401594419,"December 06, 2023",Drake Bulldogs,2181,75,False,67.77000000000001,81.6,71.127
401594420,"December 14, 2023",Drake Bulldogs,2181,68,False,67.025,80.5,70.56750000000001
401594421,"December 19, 2023",Drake Bulldogs,2181,92,False,78.84,78.71428571428571,70.06142857142858
401601882,"February 07, 2024",Drake Bulldogs,2181,92,False,78.4,82.6923076923077,71.57615384615384
401601902,"February 18, 2024",Drake Bulldogs,2181,95,False,65.955,83.35714285714286,72.06357142857144
401601905,"February 21, 2024",Drake Bulldogs,2181,84,False,67.49,84.13333333333334,71.65633333333334
401601822,"January 02, 2024",Drake Bulldogs,2181,88,False,70.025,80.375,71.15875
401601835,"January 10, 2024",Drake Bulldogs,2181,89,False,72.235,81.22222222222223,71.03277777777778
401601852,"January 20, 2024",Drake Bulldogs,2181,97,False,76.21000000000001,82.0,71.15299999999999
401601864,"January 27, 2024",Drake Bulldogs,2181,77,False,67.305,83.36363636363636,71.61272727272727
401601872,"January 31, 2024",Drake Bulldogs,2181,81,False,75.445,82.83333333333333,71.25375000000001
401601924,"March 03, 2024",Drake Bulldogs,2181,74,False,70.91,84.125,71.3959375
401625666,"March 08, 2024",Drake Bulldogs,2181,79,True,71.77,83.52941176470588,71.36735294117648
401625669,"March 09, 2024",Drake Bulldogs,2181,72,True,66.445,83.27777777777777,71.38972222222223
401593929,"November 08, 2023",Drake Bulldogs,2181,85,False,73.56,0.0,0.0
401594418,"November 14, 2023",Drake Bulldogs,2181,87,False,66.42,85.0,73.56
401581533,"November 19, 2023",Drake Bulldogs,2181,85,True,74.025,86.0,69.99000000000001
401581871,"November 25, 2023",Drake Bulldogs,2181,77,False,68.955,85.66666666666667,71.335
401582146,"December 16, 2023",Drexel Dragons,2182,71,False,70.885,63.666666666666664,66.35833333333333
401600769,"December 18, 2023",Drexel Dragons,2182,117,False,78.025,65.5,67.49000000000001
401600726,"February 15, 2024",Drexel Dragons,2182,79,False,65.7,78.2,67.595
401600729,"February 17, 2024",Drexel Dragons,2182,81,False,70.49,78.27272727272727,67.42272727272729
401600754,"February 29, 2024",Drexel Dragons,2182,90,False,74.84,78.5,67.67833333333333
401600618,"January 01, 2024",Drexel Dragons,2182,99,False,70.165,75.8,69.59700000000001
401600623,"January 04, 2024",Drexel Dragons,2182,78,False,69.84,79.66666666666667,69.69166666666668
401600669,"January 18, 2024",Drexel Dragons,2182,78,False,58.515,79.42857142857143,69.71285714285715
401600676,"January 20, 2024",Drexel Dragons,2182,86,False,64.42,79.25,68.313125
401600691,"January 27, 2024",Drexel Dragons,2182,62,False,65.025,80.0,67.88055555555556
401600762,"March 02, 2024",Drexel Dragons,2182,73,False,63.49,79.38461538461539,68.22923076923077
401630147,"March 10, 2024",Drexel Dragons,2182,88,True,78.305,78.92857142857143,67.89071428571428
401593851,"November 14, 2023",Drexel Dragons,2182,64,False,69.56,0.0,0.0
401576159,"November 17, 2023",Drexel Dragons,2182,65,False,66.025,64.0,69.56
401583715,"November 19, 2023",Drexel Dragons,2182,62,False,63.49,64.5,67.7925
401576153,"December 09, 2023",Duke Blue Devils,150,80,False,64.98,86.0,70.593
401576154,"December 12, 2023",Duke Blue Devils,150,89,False,67.35,85.0,69.6575
401576155,"December 20, 2023",Duke Blue Devils,150,78,True,66.515,85.57142857142857,69.32785714285714
401574497,"December 30, 2023",Duke Blue Devils,150,106,False,76.165,84.625,68.97625
401604172,"February 07, 2024",Duke Blue Devils,150,71,False,65.815,84.6923076923077,70.14730769230769
401604176,"February 10, 2024",Duke Blue Devils,150,80,False,67.955,83.71428571428571,69.83785714285715
401604183,"February 12, 2024",Duke Blue Devils,150,77,False,70.375,83.46666666666667,69.71233333333333
401604217,"February 28, 2024",Duke Blue Devils,150,84,False,67.165,83.0625,69.75375
401604100,"January 02, 2024",Duke Blue Devils,150,86,False,74.63,87.0,69.775
401604121,"January 13, 2024",Duke Blue Devils,150,84,False,70.98,86.9,70.26050000000001
401604136,"January 20, 2024",Duke Blue Devils,150,76,False,68.56,86.63636363636364,70.3259090909091
401604148,"January 27, 2024",Duke Blue Devils,150,72,False,69.77,85.75,70.17875
401604218,"March 02, 2024",Duke Blue Devils,150,73,False,63.955,83.11764705882354,69.60147058823529
401604232,"March 09, 2024",Duke Blue Devils,150,79,False,71.84,82.55555555555556,69.28777777777778
401625409,"March 14, 2024",Duke Blue Devils,150,69,True,69.49,82.36842105263158,69.42210526315789
401576147,"November 06, 2023",Duke Blue Devils,150,92,False,68.095,0.0,0.0
401576148,"November 10, 2023",Duke Blue Devils,150,73,False,76.63,92.0,68.095
401576150,"November 17, 2023",Duke Blue Devils,150,90,False,67.56,82.5,72.3625
401576151,"November 21, 2023",Duke Blue Devils,150,95,False,72.7,85.0,70.76166666666667
401576152,"November 24, 2023",Duke Blue Devils,150,80,False,67.98,87.5,71.24625
401597838,"December 08, 2023",Duquesne Dukes,2184,68,False,63.49,77.33333333333333,71.3275
401587210,"December 18, 2023",Duquesne Dukes,2184,69,True,66.42,76.0,70.20785714285714
401597839,"December 30, 2023",Duquesne Dukes,2184,95,False,74.63,75.125,69.734375
401596887,"February 07, 2024",Duquesne Dukes,2184,59,False,62.7,71.85714285714286,69.095
401596903,"February 17, 2024",Duquesne Dukes,2184,66,False,65.955,71.0,68.66866666666667
401596909,"February 20, 2024",Duquesne Dukes,2184,81,False,72.025,70.6875,68.4990625
401596928,"February 28, 2024",Duquesne Dukes,2184,75,False,64.815,71.29411764705883,68.70647058823529
401596833,"January 12, 2024",Duquesne Dukes,2184,62,False,66.675,77.33333333333333,70.27833333333334
401596843,"January 16, 2024",Duquesne Dukes,2184,61,False,62.885,75.8,69.91799999999999
401596856,"January 23, 2024",Duquesne Dukes,2184,54,False,68.05,74.45454545454545,69.27863636363635
401596862,"January 27, 2024",Duquesne Dukes,2184,68,False,67.84,72.75,69.17625
401597836,"January 31, 2024",Duquesne Dukes,2184,65,False,69.375,72.38461538461539,69.07346153846153
401596949,"March 09, 2024",Duquesne Dukes,2184,67,False,64.815,71.5,68.49027777777778
401625548,"March 13, 2024",Duquesne Dukes,2184,83,True,68.05,71.26315789473684,68.29684210526315
401625554,"March 16, 2024",Duquesne Dukes,2184,70,True,64.88499999999999,71.85,68.28450000000001
401594169,"November 06, 2023",Duquesne Dukes,2184,79,False,73.655,0.0,0.0
401577648,"November 10, 2023",Duquesne Dukes,2184,90,True,78.955,79.0,73.655
401583850,"November 13, 2023",Duquesne Dukes,2184,85,False,66.885,84.5,76.305
401587166,"November 15, 2023",Duquesne Dukes,2184,67,False,65.35,84.66666666666667,73.165
401583851,"November 17, 2023",Duquesne Dukes,2184,77,False,71.235,80.25,71.21125
401597837,"November 29, 2023",Duquesne Dukes,2184,66,False,71.88499999999999,79.6,71.216
401583615,"December 04, 2023",East Carolina Pirates,151,63,False,66.235,80.85714285714286,70.6707142857143
401583616,"December 09, 2023",East Carolina Pirates,151,62,False,66.305,78.625,70.11625000000001
401583617,"December 20, 2023",East Carolina Pirates,151,79,False,67.025,76.77777777777777,69.69277777777778
401583618,"December 29, 2023",East Carolina Pirates,151,70,False,72.12,77.0,69.426
401602134,"February 15, 2024",East Carolina Pirates,151,68,False,65.42,72.1875,68.8209375
401602140,"February 18, 2024",East Carolina Pirates,151,81,False,64.955,71.94117647058823,68.62088235294118
401602161,"February 29, 2024",East Carolina Pirates,151,58,False,75.77,72.44444444444444,68.41722222222222
401602065,"January 07, 2024",East Carolina Pirates,151,62,False,63.56,76.36363636363636,69.67090909090909
401602074,"January 13, 2024",East Carolina Pirates,151,64,False,70.375,75.16666666666667,69.16166666666668
401602082,"January 17, 2024",East Carolina Pirates,151,59,False,59.815,74.3076923076923,69.25500000000001
401602103,"January 28, 2024",East Carolina Pirates,151,70,False,72.12,73.21428571428571,68.58071428571428
401602107,"January 31, 2024",East Carolina Pirates,151,60,False,68.885,73.0,68.81666666666666
401602175,"March 09, 2024",East Carolina Pirates,151,72,False,65.095,71.6842105263158,68.80421052631579
401625462,"March 14, 2024",East Carolina Pirates,151,84,True,69.725,71.7,68.61875
401583607,"November 06, 2023",East Carolina Pirates,151,91,False,74.86500000000001,0.0,0.0
401583608,"November 11, 2023",East Carolina Pirates,151,77,False,69.98,91.0,74.86500000000001
401583609,"November 15, 2023",East Carolina Pirates,151,81,False,70.58500000000001,84.0,72.42250000000001
401583610,"November 19, 2023",East Carolina Pirates,151,76,False,65.7,83.0,71.81
401583611,"November 20, 2023",East Carolina Pirates,151,82,False,70.955,81.25,70.2825
401583612,"November 21, 2023",East Carolina Pirates,151,85,False,75.56,81.4,70.417
401583614,"November 30, 2023",East Carolina Pirates,151,74,False,67.05,82.0,71.27416666666667
401594471,"December 10, 2023",East Tennessee State Buccaneers,2193,73,False,70.235,75.0,73.48333333333333
401604371,"December 15, 2023",East Tennessee State Buccaneers,2193,105,False,79.58500000000001,74.5,72.67125
401581809,"December 20, 2023",East Tennessee State Buccaneers,2193,70,False,69.235,80.6,74.054
401587934,"February 03, 2024",East Tennessee State Buccaneers,2193,62,False,68.955,76.5,71.435
401587941,"February 07, 2024",East Tennessee State Buccaneers,2193,57,False,59.235,75.18181818181819,71.20954545454545
401587946,"February 10, 2024",East Tennessee State Buccaneers,2193,63,False,62.165,73.66666666666667,70.21166666666666
401587962,"February 21, 2024",East Tennessee State Buccaneers,2193,82,False,76.91,72.84615384615384,69.59269230769232
401587890,"January 03, 2024",East Tennessee State Buccaneers,2193,80,False,71.445,78.83333333333333,73.25083333333333
401587900,"January 10, 2024",East Tennessee State Buccaneers,2193,66,False,70.49,79.0,72.99285714285715
401587916,"January 21, 2024",East Tennessee State Buccaneers,2193,74,False,66.815,77.375,72.68
401587925,"January 27, 2024",East Tennessee State Buccaneers,2193,72,False,66.095,77.0,72.02833333333334
401587978,"March 02, 2024",East Tennessee State Buccaneers,2193,66,False,66.16499999999999,73.5,70.11535714285715
401625581,"March 08, 2024",East Tennessee State Buccaneers,2193,98,True,81.63,73.0,69.852
401604369,"November 06, 2023",East Tennessee State Buccaneers,2193,73,False,80.305,0.0,0.0
401597831,"November 17, 2023",East Tennessee State Buccaneers,2193,70,False,70.77,73.0,80.305
401604370,"November 24, 2023",East Tennessee State Buccaneers,2193,82,True,69.375,71.5,75.5375
401594016,"December 11, 2023",East Texas A&M Lions,2837,101,False,87.91,92.75,75.6825
401608799,"December 18, 2023",East Texas A&M Lions,2837,130,False,80.84,94.4,78.128
401579048,"February 10, 2024",East Texas A&M Lions,2837,89,False,73.49,85.72727272727273,75.28181818181818
401579081,"February 12, 2024",East Texas A&M Lions,2837,77,False,80.49,86.0,75.13250000000001
401579013,"January 06, 2024",East Texas A&M Lions,2837,67,False,69.47,100.33333333333333,78.58
401578966,"January 13, 2024",East Texas A&M Lions,2837,65,False,67.42,95.57142857142857,77.27857142857144
401579059,"January 27, 2024",East Texas A&M Lions,2837,84,False,82.375,91.75,76.04625
401579087,"January 29, 2024",East Texas A&M Lions,2837,54,False,68.795,90.88888888888889,76.74944444444445
401579085,"January 31, 2024",East Texas A&M Lions,2837,71,False,68.56,87.2,75.954
401579090,"March 04, 2024",East Texas A&M Lions,2837,53,False,66.095,85.3076923076923,75.54461538461538
401579076,"March 06, 2024",East Texas A&M Lions,2837,83,False,91.19,83.0,74.86964285714285
401608789,"November 15, 2023",East Texas A&M Lions,2837,113,False,74.42,0.0,0.0
401589297,"November 20, 2023",East Texas A&M Lions,2837,97,False,77.91,113.0,74.42
401594594,"November 26, 2023",East Texas A&M Lions,2837,61,False,71.235,105.0,76.16499999999999
401608790,"November 29, 2023",East Texas A&M Lions,2837,100,False,79.165,90.33333333333333,74.52166666666666
401587238,"December 02, 2023",Eastern Illinois Panthers,2197,112,False,77.095,74.66666666666667,49.078333333333326
401587239,"December 07, 2023",Eastern Illinois Panthers,2197,75,False,71.63,84.0,56.082499999999996
401574418,"December 10, 2023",Eastern Illinois Panthers,2197,70,False,68.77,82.2,59.19199999999999
401587240,"December 17, 2023",Eastern Illinois Panthers,2197,87,False,71.815,80.16666666666667,60.78833333333333
401587294,"February 01, 2024",Eastern Illinois Panthers,2197,59,False,71.84,73.45454545454545,63.42863636363636
401587299,"February 03, 2024",Eastern Illinois Panthers,2197,47,False,63.56,72.25,64.12958333333333
401587316,"February 15, 2024",Eastern Illinois Panthers,2197,75,False,69.56,70.3076923076923,64.08576923076923
401587321,"February 17, 2024",Eastern Illinois Panthers,2197,72,False,68.56,70.64285714285714,64.47678571428571
401587337,"February 27, 2024",Eastern Illinois Panthers,2197,84,False,78.725,70.73333333333333,64.749
401587267,"January 11, 2024",Eastern Illinois Panthers,2197,52,False,66.56,81.14285714285714,62.363571428571426
401587271,"January 13, 2024",Eastern Illinois Panthers,2197,60,False,60.885000000000005,77.5,62.888124999999995
401587284,"January 25, 2024",Eastern Illinois Panthers,2197,68,False,66.84,75.55555555555556,62.66555555555556
401587288,"January 27, 2024",Eastern Illinois Panthers,2197,60,False,66.88499999999999,74.8,63.08299999999999
401587233,"November 08, 2023",Eastern Illinois Panthers,2197,91,False,69.60499999999999,0.0,0.0
401587235,"November 18, 2023",Eastern Illinois Panthers,2197,48,True,0.0,91.0,69.60499999999999
401587237,"November 25, 2023",Eastern Illinois Panthers,2197,85,False,77.63,69.5,34.802499999999995
401608977,"December 10, 2023",Eastern Kentucky Colonels,2198,121,False,86.49,91.2,80.207
401594234,"December 17, 2023",Eastern Kentucky Colonels,2198,75,False,75.77,96.16666666666667,81.25416666666666
401574445,"February 07, 2024",Eastern Kentucky Colonels,2198,90,False,66.305,87.25,75.86083333333333
401600253,"February 14, 2024",Eastern Kentucky Colonels,2198,86,False,73.445,87.46153846153847,75.12576923076924
401574448,"February 22, 2024",Eastern Kentucky Colonels,2198,75,False,68.63,87.35714285714286,75.00571428571428
401574435,"February 24, 2024",Eastern Kentucky Colonels,2198,95,False,77.91,86.53333333333333,74.58066666666667
401574438,"January 04, 2024",Eastern Kentucky Colonels,2198,80,False,69.025,93.14285714285714,80.47071428571428
401574192,"January 06, 2024",Eastern Kentucky Colonels,2198,69,False,64.955,91.5,79.03999999999999
401574440,"January 20, 2024",Eastern Kentucky Colonels,2198,82,False,68.91,89.0,77.475
401574441,"January 25, 2024",Eastern Kentucky Colonels,2198,75,False,70.77,88.3,76.6185
401574442,"January 27, 2024",Eastern Kentucky Colonels,2198,89,False,73.375,87.0909090909091,76.08681818181817
401625655,"March 05, 2024",Eastern Kentucky Colonels,2198,65,False,61.235,87.0625,74.78875
401608975,"November 07, 2023",Eastern Kentucky Colonels,2198,108,False,81.35,0.0,0.0
401608976,"November 10, 2023",Eastern Kentucky Colonels,2198,133,False,100.54,108.0,81.35
401604762,"November 17, 2023",Eastern Kentucky Colonels,2198,74,False,76.605,120.5,90.945
401598018,"November 21, 2023",Eastern Kentucky Colonels,2198,64,False,72.91,105.0,86.165
401591570,"November 27, 2023",Eastern Kentucky Colonels,2198,77,False,69.63,94.75,82.85125
401581353,"December 01, 2023",Eastern Michigan Eagles,2199,68,False,69.42,69.66666666666667,66.52166666666666
401581354,"December 08, 2023",Eastern Michigan Eagles,2199,63,False,69.025,69.25,67.24625
401581355,"December 21, 2023",Eastern Michigan Eagles,2199,72,False,69.095,68.0,67.602
401581356,"December 30, 2023",Eastern Michigan Eagles,2199,67,False,67.63,68.66666666666667,67.85083333333334
401588673,"February 06, 2024",Eastern Michigan Eagles,2199,87,False,74.815,66.41666666666667,68.06375
401588683,"February 17, 2024",Eastern Michigan Eagles,2199,69,False,68.7,68.0,68.58307692307693
401588698,"February 27, 2024",Eastern Michigan Eagles,2199,70,False,64.885,68.07142857142857,68.59142857142857
401588623,"January 06, 2024",Eastern Michigan Eagles,2199,71,False,71.885,68.42857142857143,67.81928571428571
401588631,"January 09, 2024",Eastern Michigan Eagles,2199,64,False,68.42,68.75,68.3275
401588639,"January 16, 2024",Eastern Michigan Eagles,2199,62,False,69.77000000000001,68.22222222222223,68.33777777777777
401588658,"January 27, 2024",Eastern Michigan Eagles,2199,75,False,63.675,67.6,68.48100000000001
401588663,"January 30, 2024",Eastern Michigan Eagles,2199,46,False,68.28,68.27272727272727,68.04409090909091
401588704,"March 02, 2024",Eastern Michigan Eagles,2199,37,False,61.605,68.2,68.34433333333332
401574587,"November 11, 2023",Eastern Michigan Eagles,2199,70,False,66.7,0.0,0.0
401581350,"November 18, 2023",Eastern Michigan Eagles,2199,69,False,69.375,70.0,66.7
401581352,"November 26, 2023",Eastern Michigan Eagles,2199,70,True,63.49,69.5,68.0375
401593976,"December 13, 2023",Eastern Washington Eagles,331,103,False,72.07,97.0,77.49
401573385,"December 28, 2023",Eastern Washington Eagles,331,91,False,72.56,100.0,74.78
401573389,"December 30, 2023",Eastern Washington Eagles,331,87,False,70.305,97.0,74.04
401573438,"February 10, 2024",Eastern Washington Eagles,331,87,False,66.7,90.14285714285714,71.71642857142857
401573443,"February 15, 2024",Eastern Washington Eagles,331,88,False,68.305,89.75,71.089375
401573447,"February 17, 2024",Eastern Washington Eagles,331,84,False,71.98,89.55555555555556,70.78
401573353,"February 29, 2024",Eastern Washington Eagles,331,89,False,68.515,89.0,70.9
401593978,"January 06, 2024",Eastern Washington Eagles,331,91,False,65.375,94.5,73.10625
401573414,"January 25, 2024",Eastern Washington Eagles,331,77,False,71.165,93.8,71.56
401573418,"January 27, 2024",Eastern Washington Eagles,331,85,False,73.05,91.0,71.49416666666667
401573461,"March 02, 2024",Eastern Washington Eagles,331,108,False,86.84,89.0,70.68318181818182
401625611,"March 10, 2024",Eastern Washington Eagles,331,69,True,69.655,90.58333333333333,72.02958333333333
401593973,"November 22, 2023",Eastern Washington Eagles,331,97,False,77.49,0.0,0.0
401588316,"December 15, 2023",Elon Phoenix,2210,104,False,70.745,93.5,75.595
401588318,"December 29, 2023",Elon Phoenix,2210,82,False,71.77,95.6,74.625
401600695,"February 01, 2024",Elon Phoenix,2210,67,False,71.675,84.8,70.916
401600713,"February 08, 2024",Elon Phoenix,2210,64,False,68.095,83.18181818181819,70.985
401600724,"February 15, 2024",Elon Phoenix,2210,73,False,70.49,81.58333333333333,70.74416666666666
401600756,"February 29, 2024",Elon Phoenix,2210,76,False,62.955,80.92307692307692,70.72461538461538
401600650,"January 06, 2024",Elon Phoenix,2210,77,False,66.165,93.33333333333333,74.14916666666666
401600661,"January 13, 2024",Elon Phoenix,2210,69,False,62.63,91.0,73.00857142857143
401600671,"January 18, 2024",Elon Phoenix,2210,70,False,67.655,88.25,71.71125
401600678,"January 20, 2024",Elon Phoenix,2210,72,False,67.815,86.22222222222223,71.26055555555556
401600760,"March 02, 2024",Elon Phoenix,2210,70,False,73.025,80.57142857142857,70.16964285714286
401630140,"March 08, 2024",Elon Phoenix,2210,55,True,66.815,79.86666666666666,70.36
401588311,"November 09, 2023",Elon Phoenix,2210,79,False,74.56,0.0,0.0
401594212,"November 17, 2023",Elon Phoenix,2210,86,True,66.91,79.0,74.56
401588313,"November 27, 2023",Elon Phoenix,2210,82,False,79.63,82.5,70.735
401588314,"November 30, 2023",Elon Phoenix,2210,127,False,81.28,82.33333333333333,73.7
401601818,"December 02, 2023",Evansville Purple Aces,339,91,False,76.98,88.75,74.095
401587220,"December 18, 2023",Evansville Purple Aces,339,98,False,86.05,89.2,74.672
401587221,"December 20, 2023",Evansville Purple Aces,339,82,False,72.885,90.66666666666667,76.56833333333333
401601883,"February 07, 2024",Evansville Purple Aces,339,73,False,68.35,80.16666666666667,72.50208333333333
401601893,"February 13, 2024",Evansville Purple Aces,339,75,False,67.49000000000001,79.61538461538461,72.1826923076923
401601916,"February 25, 2024",Evansville Purple Aces,339,53,False,69.7,79.28571428571429,71.8475
401601919,"February 28, 2024",Evansville Purple Aces,339,67,False,67.42,77.53333333333333,71.70433333333334
401601828,"January 06, 2024",Evansville Purple Aces,339,59,False,67.88499999999999,89.42857142857143,76.04214285714285
401601839,"January 13, 2024",Evansville Purple Aces,339,64,False,68.025,85.625,75.0225
401601847,"January 17, 2024",Evansville Purple Aces,339,78,False,68.16499999999999,83.22222222222223,74.245
401601865,"January 27, 2024",Evansville Purple Aces,339,58,False,63.84,82.7,73.637
401601873,"January 31, 2024",Evansville Purple Aces,339,77,False,69.815,80.45454545454545,72.74636363636364
401587213,"November 06, 2023",Evansville Purple Aces,339,72,False,72.88499999999999,0.0,0.0
401601498,"November 09, 2023",Evansville Purple Aces,339,116,False,80.28,72.0,72.88499999999999
401587215,"November 18, 2023",Evansville Purple Aces,339,74,False,68.7,94.0,76.5825
401587217,"November 25, 2023",Evansville Purple Aces,339,93,True,74.515,87.33333333333333,73.955
401594289,"December 01, 2023",Fairfield Stags,2217,67,False,66.7,78.33333333333333,70.37333333333333
401576163,"December 17, 2023",Fairfield Stags,2217,63,False,64.165,75.5,69.455
401576165,"December 30, 2023",Fairfield Stags,2217,78,False,76.28,73.0,68.397
401594298,"February 04, 2024",Fairfield Stags,2217,77,False,67.49000000000001,73.88888888888889,69.59333333333333
401594299,"February 08, 2024",Fairfield Stags,2217,84,False,62.56,74.2,69.38300000000001
401594301,"February 16, 2024",Fairfield Stags,2217,63,False,69.77,75.0909090909091,68.76272727272728
401594302,"February 18, 2024",Fairfield Stags,2217,94,False,70.675,74.08333333333333,68.84666666666668
401594304,"February 25, 2024",Fairfield Stags,2217,88,False,69.235,75.61538461538461,68.9873076923077
401594292,"January 07, 2024",Fairfield Stags,2217,82,False,69.955,73.83333333333333,69.71083333333333
401594294,"January 19, 2024",Fairfield Stags,2217,76,False,68.095,75.0,69.74571428571429
401594296,"January 28, 2024",Fairfield Stags,2217,64,False,70.025,75.125,69.539375
401594273,"March 07, 2024",Fairfield Stags,2217,74,False,70.885,76.5,69.00500000000001
401625622,"March 13, 2024",Fairfield Stags,2217,68,True,68.095,76.33333333333333,69.13033333333333
401625625,"March 15, 2024",Fairfield Stags,2217,65,True,65.7,75.8125,69.065625
401625627,"March 16, 2024",Fairfield Stags,2217,63,True,59.095,75.17647058823529,68.86764705882354
401576158,"November 13, 2023",Fairfield Stags,2217,92,False,68.28,0.0,0.0
401576160,"November 18, 2023",Fairfield Stags,2217,63,True,71.095,92.0,68.28
401574608,"November 24, 2023",Fairfield Stags,2217,80,False,71.745,77.5,69.6875
401587231,"December 11, 2023",Fairleigh Dickinson Knights,161,83,False,69.7,98.0,77.67625000000001
401576164,"December 21, 2023",Fairleigh Dickinson Knights,161,69,False,75.815,95.0,76.081
401589497,"February 01, 2024",Fairleigh Dickinson Knights,161,82,False,81.77,83.18181818181819,75.2009090909091
401589476,"February 08, 2024",Fairleigh Dickinson Knights,161,62,False,66.63,83.08333333333333,75.74833333333333
401589398,"February 17, 2024",Fairleigh Dickinson Knights,161,93,False,78.12,81.46153846153847,75.04692307692308
401589511,"February 29, 2024",Fairleigh Dickinson Knights,161,55,False,69.88499999999999,82.28571428571429,75.26642857142858
401589503,"January 06, 2024",Fairleigh Dickinson Knights,161,63,False,71.955,90.66666666666667,76.03666666666668
401587232,"January 10, 2024",Fairleigh Dickinson Knights,161,74,False,71.77,86.71428571428571,75.45357142857142
401589451,"January 13, 2024",Fairleigh Dickinson Knights,161,81,False,87.47,85.125,74.993125
401589509,"January 25, 2024",Fairleigh Dickinson Knights,161,60,False,66.42,84.66666666666667,76.37944444444445
401589485,"January 27, 2024",Fairleigh Dickinson Knights,161,93,False,73.375,82.2,75.3835
401587224,"November 08, 2023",Fairleigh Dickinson Knights,161,107,False,81.56,0.0,0.0
401587225,"November 15, 2023",Fairleigh Dickinson Knights,161,71,False,65.885,107.0,81.56
401587226,"November 18, 2023",Fairleigh Dickinson Knights,161,124,False,87.955,89.0,73.7225
401587227,"November 25, 2023",Fairleigh Dickinson Knights,161,90,True,75.305,100.66666666666667,78.46666666666667
401598900,"December 09, 2023",Florida A&M Rattlers,50,108,False,82.91,69.5,74.015
401598909,"February 10, 2024",Florida A&M Rattlers,50,75,False,79.025,74.14285714285714,71.04571428571428
401598030,"February 12, 2024",Florida A&M Rattlers,50,58,False,69.35,74.25,72.043125
401598911,"February 24, 2024",Florida A&M Rattlers,50,73,False,71.375,72.44444444444444,71.74388888888889
401598912,"February 26, 2024",Florida A&M Rattlers,50,76,False,72.235,72.5,71.70700000000001
401598902,"January 13, 2024",Florida A&M Rattlers,50,65,False,65.56,82.33333333333333,76.98
401598903,"January 15, 2024",Florida A&M Rattlers,50,52,False,61.955,78.0,74.125
401598906,"January 27, 2024",Florida A&M Rattlers,50,67,False,64.49000000000001,72.8,71.691
401583825,"January 29, 2024",Florida A&M Rattlers,50,88,False,74.375,71.83333333333333,70.49083333333333
401574644,"March 09, 2024",Florida A&M Rattlers,50,66,False,74.7,72.81818181818181,71.75500000000001
401598898,"November 20, 2023",Florida A&M Rattlers,50,54,False,65.26,0.0,0.0
401611836,"November 29, 2023",Florida A&M Rattlers,50,85,False,82.77,54.0,65.26
401577651,"December 02, 2023",Florida Atlantic Owls,2226,90,False,74.235,82.75,67.7925
401608783,"December 13, 2023",Florida Atlantic Owls,2226,94,False,73.305,84.2,69.08099999999999
401602113,"February 03, 2024",Florida Atlantic Owls,2226,102,False,79.63,83.2,68.574
401602135,"February 15, 2024",Florida Atlantic Owls,2226,80,False,65.025,84.9090909090909,69.57909090909091
401602149,"February 22, 2024",Florida Atlantic Owls,2226,80,False,69.165,84.5,69.19958333333334
401602055,"January 02, 2024",Florida Atlantic Owls,2226,79,False,63.49,85.83333333333333,69.78500000000001
401602077,"January 14, 2024",Florida Atlantic Owls,2226,86,False,73.025,84.85714285714286,68.88571428571429
401602085,"January 18, 2024",Florida Atlantic Owls,2226,86,False,69.49000000000001,85.0,69.403125
401602104,"January 28, 2024",Florida Atlantic Owls,2226,66,False,61.025000000000006,85.11111111111111,69.41277777777778
401602163,"March 02, 2024",Florida Atlantic Owls,2226,79,False,79.84,84.15384615384616,69.19692307692308
401602176,"March 09, 2024",Florida Atlantic Owls,2226,92,False,70.28,83.78571428571429,69.95714285714287
401625468,"March 15, 2024",Florida Atlantic Owls,2226,77,True,66.7,84.33333333333333,69.97866666666667
401625471,"March 16, 2024",Florida Atlantic Owls,2226,73,True,72.165,83.875,69.77375
401581349,"November 14, 2023",Florida Atlantic Owls,2226,100,False,66.42,0.0,0.0
401600915,"November 18, 2023",Florida Atlantic Owls,2226,52,False,71.955,100.0,66.42
401581565,"November 24, 2023",Florida Atlantic Owls,2226,96,True,69.305,76.0,69.1875
401584372,"November 30, 2023",Florida Atlantic Owls,2226,83,False,63.49,82.66666666666667,69.22666666666667
401575752,"December 05, 2023",Florida Gators,57,77,False,71.98,86.4,73.659
401575753,"December 09, 2023",Florida Gators,57,87,True,77.375,84.83333333333333,73.37916666666666
401575754,"December 14, 2023",Florida Gators,57,70,True,71.42,85.14285714285714,73.95
401575756,"December 22, 2023",Florida Gators,57,96,False,70.35,83.25,73.63375
401575757,"December 30, 2023",Florida Gators,57,97,False,80.515,84.66666666666667,73.26888888888888
401597176,"February 10, 2024",Florida Gators,57,81,False,71.91,86.78571428571429,75.00107142857144
401597184,"February 13, 2024",Florida Gators,57,82,False,67.7,86.4,74.795
401597201,"February 24, 2024",Florida Gators,57,77,False,72.165,86.125,74.3515625
401597210,"February 28, 2024",Florida Gators,57,83,False,70.7,85.58823529411765,74.22294117647058
401597109,"January 06, 2024",Florida Gators,57,85,False,83.98,85.9,73.9935
401597124,"January 13, 2024",Florida Gators,57,90,False,74.7,85.81818181818181,74.90136363636363
401597147,"January 24, 2024",Florida Gators,57,79,False,66.7,86.16666666666667,74.88458333333334
401597154,"January 27, 2024",Florida Gators,57,102,False,84.7,85.61538461538461,74.25500000000001
401597222,"March 05, 2024",Florida Gators,57,105,False,81.375,85.44444444444444,74.02722222222222
401625452,"March 14, 2024",Florida Gators,57,85,True,81.445,86.47368421052632,74.41394736842105
401625458,"March 16, 2024",Florida Gators,57,95,True,78.12,86.4,74.7655
401575749,"November 06, 2023",Florida Gators,57,93,False,74.025,0.0,0.0
401575426,"November 10, 2023",Florida Gators,57,70,True,67.84,93.0,74.025
401575750,"November 14, 2023",Florida Gators,57,89,False,72.725,81.5,70.9325
401575751,"November 17, 2023",Florida Gators,57,89,False,77.26,84.0,71.53
401582118,"November 24, 2023",Florida Gators,57,91,True,76.445,85.25,72.9625
401601485,"December 05, 2023",Florida Gulf Coast Eagles,526,87,False,65.14,69.4,66.965
401593873,"December 22, 2023",Florida Gulf Coast Eagles,526,78,False,73.98,72.33333333333333,66.66083333333334
401601144,"December 30, 2023",Florida Gulf Coast Eagles,526,72,False,66.445,73.14285714285714,67.70642857142857
401575340,"February 10, 2024",Florida Gulf Coast Eagles,526,63,False,63.815,72.84615384615384,66.35461538461539
401574520,"February 22, 2024",Florida Gulf Coast Eagles,526,67,False,74.375,72.14285714285714,66.17321428571428
401574544,"February 24, 2024",Florida Gulf Coast Eagles,526,90,False,72.165,71.8,66.72
401593874,"January 04, 2024",Florida Gulf Coast Eagles,526,80,False,69.19,73.0,67.54875
401574524,"January 06, 2024",Florida Gulf Coast Eagles,526,58,False,59.165000000000006,73.77777777777777,67.73111111111112
401593875,"January 20, 2024",Florida Gulf Coast Eagles,526,80,False,64.56,72.2,66.8745
401593876,"January 25, 2024",Florida Gulf Coast Eagles,526,72,False,63.885,72.9090909090909,66.66409090909092
401574197,"January 27, 2024",Florida Gulf Coast Eagles,526,73,False,65.42,72.83333333333333,66.4325
401625650,"March 04, 2024",Florida Gulf Coast Eagles,526,63,False,68.49000000000001,72.9375,67.0603125
401593869,"November 10, 2023",Florida Gulf Coast Eagles,526,80,False,71.28,0.0,0.0
401577699,"November 17, 2023",Florida Gulf Coast Eagles,526,61,True,63.095,80.0,71.28
401582126,"November 18, 2023",Florida Gulf Coast Eagles,526,85,True,75.58500000000001,70.5,67.1875
401582149,"November 20, 2023",Florida Gulf Coast Eagles,526,66,True,61.63,75.33333333333333,69.98666666666666
401593870,"November 25, 2023",Florida Gulf Coast Eagles,526,55,False,63.235,73.0,67.89750000000001
401576638,"December 02, 2023",Florida International Panthers,2229,74,False,75.77,70.0,74.22999999999999
401608784,"December 16, 2023",Florida International Panthers,2229,146,False,95.235,70.66666666666667,74.48666666666666
401600236,"December 19, 2023",Florida International Panthers,2229,68,False,69.35,81.42857142857143,77.45071428571428
401577570,"December 21, 2023",Florida International Panthers,2229,82,False,73.235,79.75,76.438125
401573611,"February 01, 2024",Florida International Panthers,2229,53,False,68.955,79.0,75.44818181818181
401573612,"February 03, 2024",Florida International Panthers,2229,68,False,66.7,76.83333333333333,74.90708333333333
401573622,"February 10, 2024",Florida International Panthers,2229,66,False,69.885,76.15384615384616,74.27576923076923
401573634,"February 22, 2024",Florida International Panthers,2229,76,False,68.095,75.42857142857143,73.96214285714287
401573637,"February 24, 2024",Florida International Panthers,2229,75,False,72.05,75.46666666666667,73.571
401573588,"January 11, 2024",Florida International Panthers,2229,77,False,70.7,80.0,76.08222222222223
401573589,"January 13, 2024",Florida International Panthers,2229,72,False,74.49000000000001,79.7,75.544
401573642,"March 02, 2024",Florida International Panthers,2229,85,False,77.025,75.4375,73.4759375
401608781,"November 09, 2023",Florida International Panthers,2229,65,False,78.095,0.0,0.0
401581540,"November 20, 2023",Florida International Panthers,2229,69,True,76.42,65.0,78.095
401581544,"November 21, 2023",Florida International Panthers,2229,60,True,65.21,67.0,77.2575
401593913,"November 26, 2023",Florida International Panthers,2229,91,False,81.98,64.66666666666667,73.24166666666666
401593871,"November 29, 2023",Florida International Panthers,2229,65,False,69.445,71.25,75.42625
401577577,"December 09, 2023",Florida State Seminoles,52,72,True,81.12,84.66666666666667,76.28166666666667
401586907,"December 16, 2023",Florida State Seminoles,52,57,False,67.235,81.5,77.49125000000001
401584346,"December 19, 2023",Florida State Seminoles,52,91,False,73.165,76.6,75.44
401586908,"December 22, 2023",Florida State Seminoles,52,67,False,77.445,79.0,75.06083333333333
401586909,"December 30, 2023",Florida State Seminoles,52,75,False,68.025,77.28571428571429,75.40142857142857
401604178,"February 10, 2024",Florida State Seminoles,52,76,False,63.84,76.6923076923077,74.80576923076923
401604194,"February 17, 2024",Florida State Seminoles,52,67,False,68.7,76.64285714285714,74.02250000000001
401604199,"February 20, 2024",Florida State Seminoles,52,84,False,72.515,76.0,73.66766666666668
401604212,"February 27, 2024",Florida State Seminoles,52,90,False,73.7,76.5,73.595625
401604102,"January 03, 2024",Florida State Seminoles,52,82,False,73.095,77.0,74.479375
401604107,"January 06, 2024",Florida State Seminoles,52,77,False,75.515,77.55555555555556,74.32555555555557
401604113,"January 09, 2024",Florida State Seminoles,52,87,False,81.235,77.5,74.4445
401604137,"January 20, 2024",Florida State Seminoles,52,67,False,75.91,78.36363636363636,75.06181818181818
401604150,"January 27, 2024",Florida State Seminoles,52,68,False,70.885,77.41666666666667,75.13250000000001
401604233,"March 09, 2024",Florida State Seminoles,52,83,False,74.165,77.29411764705883,73.60176470588236
401586904,"November 10, 2023",Florida State Seminoles,52,94,False,84.91,0.0,0.0
401586905,"November 13, 2023",Florida State Seminoles,52,94,False,76.025,94.0,84.91
401574557,"November 29, 2023",Florida State Seminoles,52,66,False,67.91,94.0,80.4675
401586893,"December 03, 2023",Fordham Rams,2230,81,False,78.47,78.2,76.705
401586894,"December 06, 2023",Fordham Rams,2230,77,False,70.58500000000001,78.66666666666667,76.99916666666667
401583791,"December 10, 2023",Fordham Rams,2230,60,True,65.42,78.42857142857143,76.08285714285715
401586896,"December 21, 2023",Fordham Rams,2230,80,False,70.095,76.125,74.75
401586897,"December 30, 2023",Fordham Rams,2230,87,False,74.91,76.55555555555556,74.23277777777778
401596881,"February 06, 2024",Fordham Rams,2230,60,False,68.745,75.07142857142857,73.17714285714285
401596899,"February 14, 2024",Fordham Rams,2230,67,False,67.63,74.06666666666666,72.88166666666666
401596915,"February 23, 2024",Fordham Rams,2230,79,False,70.84,73.625,72.5534375
401596924,"February 27, 2024",Fordham Rams,2230,61,False,62.025,73.94117647058823,72.45264705882353
401596822,"January 06, 2024",Fordham Rams,2230,76,False,72.05,77.6,74.3005
401596846,"January 17, 2024",Fordham Rams,2230,69,False,73.165,77.45454545454545,74.09590909090909
401596853,"January 20, 2024",Fordham Rams,2230,61,False,64.7,76.75,74.01833333333333
401596872,"January 31, 2024",Fordham Rams,2230,69,False,71.56,75.53846153846153,73.30153846153846
401596947,"March 09, 2024",Fordham Rams,2230,50,False,72.05,73.22222222222223,71.87333333333333
401625542,"March 12, 2024",Fordham Rams,2230,71,True,72.84,72.0,71.88263157894737
401586889,"November 06, 2023",Fordham Rams,2230,68,False,70.095,0.0,0.0
401586890,"November 11, 2023",Fordham Rams,2230,73,False,74.375,68.0,70.095
401582120,"November 17, 2023",Fordham Rams,2230,77,True,78.795,70.5,72.235
401586891,"November 27, 2023",Fordham Rams,2230,93,False,76.815,72.66666666666667,74.42166666666667
401586892,"November 30, 2023",Fordham Rams,2230,80,False,83.445,77.75,75.02
401593994,"December 05, 2023",Fresno State Bulldogs,278,79,False,71.305,73.25,73.6125
401575411,"December 09, 2023",Fresno State Bulldogs,278,89,False,62.42,74.4,73.151
401598569,"December 15, 2023",Fresno State Bulldogs,278,61,False,64.165,76.83333333333333,71.3625
401594038,"December 18, 2023",Fresno State Bulldogs,278,72,False,73.84,74.57142857142857,70.33428571428571
401600811,"February 03, 2024",Fresno State Bulldogs,278,61,False,58.28,74.0,68.26166666666667
401597311,"February 14, 2024",Fresno State Bulldogs,278,65,False,61.305,73.0,67.49384615384615
401597947,"February 24, 2024",Fresno State Bulldogs,278,41,False,60.885000000000005,72.42857142857143,67.05178571428571
401600803,"February 27, 2024",Fresno State Bulldogs,278,73,False,73.515,70.33333333333333,66.64066666666666
401600807,"January 06, 2024",Fresno State Bulldogs,278,57,False,62.49,74.25,70.77250000000001
401600809,"January 16, 2024",Fresno State Bulldogs,278,85,False,66.35,72.33333333333333,69.85222222222222
401600810,"January 23, 2024",Fresno State Bulldogs,278,68,False,61.745,73.6,69.502
401594449,"January 27, 2024",Fresno State Bulldogs,278,84,False,62.375,73.0909090909091,68.79681818181818
401600816,"March 09, 2024",Fresno State Bulldogs,278,47,False,63.63,70.5,67.0703125
401598565,"November 06, 2023",Fresno State Bulldogs,278,77,False,71.375,0.0,0.0
401598566,"November 15, 2023",Fresno State Bulldogs,278,87,False,77.095,77.0,71.375
401601497,"November 22, 2023",Fresno State Bulldogs,278,64,True,73.56,82.0,74.235
401598568,"November 27, 2023",Fresno State Bulldogs,278,65,False,72.42,76.0,74.01
401599588,"December 09, 2023",Furman Paladins,231,100,False,76.07,85.8,78.42999999999999
401594076,"December 19, 2023",Furman Paladins,231,76,False,69.42,88.16666666666667,78.03666666666668
401599590,"December 30, 2023",Furman Paladins,231,74,False,77.63,86.42857142857143,76.80571428571429
401587938,"February 04, 2024",Furman Paladins,231,87,False,66.165,82.16666666666667,74.57333333333334
401587953,"February 14, 2024",Furman Paladins,231,75,False,72.025,82.53846153846153,73.92653846153846
401587957,"February 18, 2024",Furman Paladins,231,82,False,67.025,82.0,73.79071428571429
401587964,"February 24, 2024",Furman Paladins,231,82,False,63.7,82.0,73.33966666666667
401587899,"January 10, 2024",Furman Paladins,231,82,False,69.955,84.875,76.90875
401587906,"January 13, 2024",Furman Paladins,231,82,False,66.885,84.55555555555556,76.13611111111112
401587918,"January 20, 2024",Furman Paladins,231,65,False,67.42,84.3,75.211
401587921,"January 24, 2024",Furman Paladins,231,78,False,75.35,82.54545454545455,74.50272727272727
401587976,"March 02, 2024",Furman Paladins,231,75,False,66.955,82.0,72.7371875
401599586,"November 06, 2023",Furman Paladins,231,84,False,87.86500000000001,0.0,0.0
401575759,"November 10, 2023",Furman Paladins,231,99,False,82.7,84.0,87.86500000000001
401582112,"November 17, 2023",Furman Paladins,231,89,True,74.745,91.5,85.2825
401582116,"November 19, 2023",Furman Paladins,231,71,True,70.35,90.66666666666667,81.77
401599587,"November 28, 2023",Furman Paladins,231,86,False,76.49,85.75,78.915
401583806,"December 02, 2023",Gardner-Webb Runnin' Bulldogs,2241,82,False,76.68,80.5,70.47874999999999
401594582,"December 06, 2023",Gardner-Webb Runnin' Bulldogs,2241,66,False,72.49,80.8,71.71900000000001
401602629,"December 11, 2023",Gardner-Webb Runnin' Bulldogs,2241,79,False,75.885,78.33333333333333,71.8475
401601257,"February 10, 2024",Gardner-Webb Runnin' Bulldogs,2241,62,False,73.445,77.75,72.60916666666667
401601270,"February 22, 2024",Gardner-Webb Runnin' Bulldogs,2241,74,False,68.025,76.53846153846153,72.67346153846154
401601278,"February 29, 2024",Gardner-Webb Runnin' Bulldogs,2241,72,False,62.815,76.35714285714286,72.34142857142857
401601221,"January 10, 2024",Gardner-Webb Runnin' Bulldogs,2241,74,False,74.84,78.42857142857143,72.42428571428572
401601226,"January 13, 2024",Gardner-Webb Runnin' Bulldogs,2241,76,False,73.515,77.875,72.72625
401601234,"January 20, 2024",Gardner-Webb Runnin' Bulldogs,2241,79,False,73.515,77.66666666666667,72.8138888888889
401601242,"January 27, 2024",Gardner-Webb Runnin' Bulldogs,2241,75,False,73.305,77.8,72.884
401601246,"January 31, 2024",Gardner-Webb Runnin' Bulldogs,2241,80,False,69.165,77.54545454545455,72.92227272727273
401625518,"March 08, 2024",Gardner-Webb Runnin' Bulldogs,2241,61,True,67.025,76.06666666666666,71.70633333333333
401609948,"November 06, 2023",Gardner-Webb Runnin' Bulldogs,2241,98,False,69.77,0.0,0.0
401581509,"November 17, 2023",Gardner-Webb Runnin' Bulldogs,2241,62,True,57.49,98.0,69.77
401581512,"November 19, 2023",Gardner-Webb Runnin' Bulldogs,2241,70,True,77.84,80.0,63.629999999999995
401602631,"November 25, 2023",Gardner-Webb Runnin' Bulldogs,2241,92,False,76.815,76.66666666666667,68.36666666666666
401589060,"December 16, 2023",George Mason Patriots,2244,62,False,64.095,74.0,65.88214285714285
401589061,"December 19, 2023",George Mason Patriots,2244,84,False,72.42,72.5,65.65875
401581735,"December 30, 2023",George Mason Patriots,2244,94,False,71.375,73.77777777777777,66.41000000000001
401596886,"February 07, 2024",George Mason Patriots,2244,79,False,67.655,74.85714285714286,66.23464285714286
401596896,"February 13, 2024",George Mason Patriots,2244,90,False,69.095,75.13333333333334,66.32933333333334
401596914,"February 21, 2024",George Mason Patriots,2244,71,False,60.515,76.0625,66.5021875
401596823,"January 06, 2024",George Mason Patriots,2244,79,False,63.19,75.8,66.90650000000001
401596828,"January 09, 2024",George Mason Patriots,2244,50,False,60.955,76.0909090909091,66.56863636363636
401596850,"January 20, 2024",George Mason Patriots,2244,69,False,65.42,73.91666666666667,66.10083333333334
401596866,"January 27, 2024",George Mason Patriots,2244,92,False,68.655,73.53846153846153,66.04846153846154
401596932,"March 02, 2024",George Mason Patriots,2244,51,False,63.77,75.76470588235294,66.14999999999999
401596946,"March 09, 2024",George Mason Patriots,2244,64,False,58.28,74.38888888888889,66.01777777777778
401625545,"March 13, 2024",George Mason Patriots,2244,57,True,61.35,73.84210526315789,65.61052631578947
401583744,"November 06, 2023",George Mason Patriots,2244,72,False,71.42,0.0,0.0
401589057,"November 10, 2023",George Mason Patriots,2244,67,False,63.35,72.0,71.42
401589058,"November 15, 2023",George Mason Patriots,2244,90,False,70.095,69.5,67.385
401601479,"November 19, 2023",George Mason Patriots,2244,49,True,61.025,76.33333333333333,68.28833333333334
401601483,"November 20, 2023",George Mason Patriots,2244,73,True,64.35,69.5,66.4725
401583613,"November 25, 2023",George Mason Patriots,2244,81,False,60.235,70.2,66.048
401589059,"November 29, 2023",George Mason Patriots,2244,86,False,70.7,72.0,65.07916666666667
401581077,"December 05, 2023",George Washington Revolutionaries,45,79,False,79.84,83.5,79.0025
401581078,"December 09, 2023",George Washington Revolutionaries,45,76,False,73.49,82.6,79.17
401581079,"December 12, 2023",George Washington Revolutionaries,45,88,False,76.305,81.5,78.22333333333333
401581080,"December 21, 2023",George Washington Revolutionaries,45,79,False,71.305,82.42857142857143,77.94928571428571
401581081,"December 30, 2023",George Washington Revolutionaries,45,69,False,70.42,82.0,77.11875
401596883,"February 06, 2024",George Washington Revolutionaries,45,65,False,73.165,82.0,77.31
401596893,"February 10, 2024",George Washington Revolutionaries,45,73,False,71.445,80.78571428571429,77.01392857142856
401596902,"February 17, 2024",George Washington Revolutionaries,45,74,False,69.025,80.26666666666667,76.64266666666667
401596923,"February 27, 2024",George Washington Revolutionaries,45,57,False,63.14,79.875,76.1665625
401596820,"January 03, 2024",George Washington Revolutionaries,45,113,False,93.515,80.55555555555556,76.37444444444445
401596839,"January 13, 2024",George Washington Revolutionaries,45,83,False,76.165,83.8,78.0885
401596841,"January 15, 2024",George Washington Revolutionaries,45,75,False,74.025,83.72727272727273,77.91363636363636
401596867,"January 27, 2024",George Washington Revolutionaries,45,70,False,73.955,83.0,77.58958333333334
401596939,"March 06, 2024",George Washington Revolutionaries,45,86,False,65.42,78.52941176470588,75.40029411764706
401581072,"November 06, 2023",George Washington Revolutionaries,45,89,False,77.49,0.0,0.0
401581073,"November 11, 2023",George Washington Revolutionaries,45,95,False,84.33,89.0,77.49
401581074,"November 14, 2023",George Washington Revolutionaries,45,71,False,76.815,92.0,80.91
401574606,"November 18, 2023",George Washington Revolutionaries,45,79,False,77.375,85.0,79.545
401574565,"December 02, 2023",Georgetown Hoyas,46,83,False,71.58500000000001,81.5,70.58749999999999
401575486,"December 09, 2023",Georgetown Hoyas,46,68,False,69.7,81.71428571428571,70.73
401575487,"December 12, 2023",Georgetown Hoyas,46,71,False,71.675,80.0,70.60125000000001
401599515,"February 03, 2024",Georgetown Hoyas,46,57,False,71.815,75.0,68.75884615384615
401599524,"February 10, 2024",Georgetown Hoyas,46,64,False,64.63,73.71428571428571,68.97714285714287
401599533,"February 16, 2024",Georgetown Hoyas,46,54,False,63.885,73.06666666666666,68.68733333333333
401599540,"February 21, 2024",Georgetown Hoyas,46,85,False,70.63,71.875,68.3871875
401599469,"January 02, 2024",Georgetown Hoyas,46,60,False,63.28,79.0,70.72055555555556
401599476,"January 06, 2024",Georgetown Hoyas,46,68,False,58.7,77.1,69.9765
401599480,"January 09, 2024",Georgetown Hoyas,46,70,False,65.56,76.27272727272727,68.95136363636364
401599500,"January 23, 2024",Georgetown Hoyas,46,66,False,69.84,75.75,68.66875
401599555,"March 02, 2024",Georgetown Hoyas,46,93,False,72.77,72.6470588235294,68.51911764705882
401599559,"March 05, 2024",Georgetown Hoyas,46,58,False,66.88499999999999,73.77777777777777,68.75527777777778
401575479,"November 07, 2023",Georgetown Hoyas,46,94,False,75.56,0.0,0.0
401575480,"November 11, 2023",Georgetown Hoyas,46,67,False,59.56,94.0,75.56
401575482,"November 18, 2023",Georgetown Hoyas,46,83,False,76.56,80.5,67.56
401575483,"November 19, 2023",Georgetown Hoyas,46,88,False,75.235,81.33333333333333,70.56
401575484,"November 25, 2023",Georgetown Hoyas,46,88,False,66.375,83.0,71.72875
401575485,"November 29, 2023",Georgetown Hoyas,46,69,False,70.235,84.0,70.658
401594532,"December 01, 2023",Georgia Bulldogs,61,80,False,69.35,71.5,69.95
401594533,"December 05, 2023",Georgia Bulldogs,61,76,False,72.955,73.2,69.83
401594534,"December 16, 2023",Georgia Bulldogs,61,66,False,67.165,73.66666666666667,70.35083333333334
401594349,"December 20, 2023",Georgia Bulldogs,61,94,False,77.56,72.57142857142857,69.89571428571428
401584347,"December 22, 2023",Georgia Bulldogs,61,78,False,65.77000000000001,75.25,70.85375
401594535,"December 30, 2023",Georgia Bulldogs,61,93,False,80.445,75.55555555555556,70.28888888888889
401597167,"February 03, 2024",Georgia Bulldogs,61,62,False,61.815,76.57142857142857,71.9375
401597191,"February 17, 2024",Georgia Bulldogs,61,82,False,76.515,75.6,71.26266666666668
401597204,"February 24, 2024",Georgia Bulldogs,61,76,False,67.56,76.0,71.5909375
401597121,"January 10, 2024",Georgia Bulldogs,61,76,False,75.77,77.3,71.3045
401597126,"January 13, 2024",Georgia Bulldogs,61,79,False,75.305,77.18181818181819,71.71045454545455
401597149,"January 24, 2024",Georgia Bulldogs,61,68,False,70.84,77.33333333333333,72.01
401597159,"January 31, 2024",Georgia Bulldogs,61,76,False,72.165,76.61538461538461,71.92
401597217,"March 02, 2024",Georgia Bulldogs,61,56,False,68.21,76.0,71.35382352941177
401597223,"March 05, 2024",Georgia Bulldogs,61,69,False,64.095,74.88888888888889,71.17916666666666
401625448,"March 13, 2024",Georgia Bulldogs,61,64,True,62.49,74.57894736842105,70.80631578947369
401581089,"November 10, 2023",Georgia Bulldogs,61,80,False,73.63,0.0,0.0
401590879,"November 12, 2023",Georgia Bulldogs,61,64,False,68.375,80.0,73.63
401581516,"November 19, 2023",Georgia Bulldogs,61,64,True,69.49000000000001,72.0,71.0025
401594531,"November 24, 2023",Georgia Bulldogs,61,78,False,68.305,69.33333333333333,70.49833333333333
401594620,"December 02, 2023",Georgia Southern Eagles,290,79,False,62.49,92.0,82.375
401594621,"December 16, 2023",Georgia Southern Eagles,290,77,False,63.42,85.5,72.4325
401594622,"December 19, 2023",Georgia Southern Eagles,290,42,False,62.35,82.66666666666667,69.42833333333333
401581643,"December 30, 2023",Georgia Southern Eagles,290,88,False,77.84,72.5,67.65875
401581649,"February 01, 2024",Georgia Southern Eagles,290,63,False,67.84,76.71428571428571,71.08857142857143
401581503,"February 03, 2024",Georgia Southern Eagles,290,84,False,73.21,75.0,70.6825
401634068,"February 10, 2024",Georgia Southern Eagles,290,81,False,76.165,76.0,70.96333333333334
401581652,"February 22, 2024",Georgia Southern Eagles,290,84,False,72.7,76.5,71.4835
401581653,"February 24, 2024",Georgia Southern Eagles,290,74,False,71.095,77.18181818181819,71.59409090909092
401581654,"February 28, 2024",Georgia Southern Eagles,290,87,False,72.235,76.91666666666667,71.5525
401581632,"January 18, 2024",Georgia Southern Eagles,290,73,False,75.98,75.6,69.69500000000001
401581647,"January 20, 2024",Georgia Southern Eagles,290,86,False,73.165,75.16666666666667,70.7425
401581655,"March 01, 2024",Georgia Southern Eagles,290,92,False,75.7,77.6923076923077,71.605
401593911,"November 19, 2023",Georgia Southern Eagles,290,92,True,82.375,0.0,0.0
401601461,"December 04, 2023",Georgia State Panthers,2247,89,False,74.28,76.0,71.445
401601462,"December 19, 2023",Georgia State Panthers,2247,122,False,81.28,80.33333333333333,72.39
401581611,"December 30, 2023",Georgia State Panthers,2247,91,False,70.98,90.75,74.6125
401581502,"February 01, 2024",Georgia State Panthers,2247,71,False,72.815,88.71428571428571,73.3442857142857
401581660,"February 03, 2024",Georgia State Panthers,2247,74,False,71.305,86.5,73.278125
401634067,"February 10, 2024",Georgia State Panthers,2247,73,False,66.885,85.11111111111111,73.05888888888889
401581640,"February 21, 2024",Georgia State Panthers,2247,72,False,72.56,83.9,72.44149999999999
401581664,"February 24, 2024",Georgia State Panthers,2247,59,False,68.815,82.81818181818181,72.45227272727273
401581665,"February 28, 2024",Georgia State Panthers,2247,78,False,70.12,80.83333333333333,72.14916666666666
401581658,"January 11, 2024",Georgia State Panthers,2247,77,False,70.095,90.8,73.886
401581646,"January 13, 2024",Georgia State Panthers,2247,90,False,73.885,88.5,73.25416666666666
401581666,"March 01, 2024",Georgia State Panthers,2247,82,False,71.28,80.61538461538461,71.99307692307693
401625594,"March 07, 2024",Georgia State Panthers,2247,74,True,71.56,80.71428571428571,71.94214285714285
401601459,"November 17, 2023",Georgia State Panthers,2247,64,False,72.84,0.0,0.0
401600081,"November 19, 2023",Georgia State Panthers,2247,88,False,70.05,64.0,72.84
401604090,"December 02, 2023",Georgia Tech Yellow Jackets,59,72,False,65.955,77.5,74.0025
401600099,"December 09, 2023",Georgia Tech Yellow Jackets,59,70,False,66.7,76.4,72.393
401581559,"December 24, 2023",Georgia Tech Yellow Jackets,59,64,True,67.7,75.33333333333333,71.44416666666667
401604173,"February 06, 2024",Georgia Tech Yellow Jackets,59,51,False,74.095,72.91666666666667,70.50791666666667
401604195,"February 17, 2024",Georgia Tech Yellow Jackets,59,65,False,72.42,71.23076923076923,70.78384615384616
401604201,"February 21, 2024",Georgia Tech Yellow Jackets,59,57,False,63.235,70.78571428571429,70.90071428571429
401604108,"January 06, 2024",Georgia Tech Yellow Jackets,59,87,False,72.63,73.71428571428571,70.90928571428572
401604114,"January 09, 2024",Georgia Tech Yellow Jackets,59,68,False,75.745,75.375,71.124375
401604138,"January 20, 2024",Georgia Tech Yellow Jackets,59,66,False,64.025,74.55555555555556,71.63777777777779
401604143,"January 23, 2024",Georgia Tech Yellow Jackets,59,64,False,63.235,73.7,70.8765
401604156,"January 30, 2024",Georgia Tech Yellow Jackets,59,74,False,74.095,72.81818181818181,70.18181818181819
401604221,"March 02, 2024",Georgia Tech Yellow Jackets,59,85,False,78.84,69.86666666666666,70.38966666666667
401594618,"November 06, 2023",Georgia Tech Yellow Jackets,59,84,False,70.955,0.0,0.0
401604272,"November 09, 2023",Georgia Tech Yellow Jackets,59,88,False,76.445,84.0,70.955
401582018,"November 14, 2023",Georgia Tech Yellow Jackets,59,71,False,75.305,86.0,73.69999999999999
401574547,"November 28, 2023",Georgia Tech Yellow Jackets,59,67,False,73.305,81.0,74.235
401604758,"December 05, 2023",Gonzaga Bulldogs,2250,111,False,85.49,85.8,73.56
401606990,"December 11, 2023",Gonzaga Bulldogs,2250,78,False,65.98,90.0,75.54833333333333
401591373,"December 15, 2023",Gonzaga Bulldogs,2250,63,True,67.235,88.28571428571429,74.18142857142857
401583819,"December 20, 2023",Gonzaga Bulldogs,2250,100,False,77.56,85.125,73.313125
401594653,"December 29, 2023",Gonzaga Bulldogs,2250,74,False,75.56,86.77777777777777,73.78500000000001
401589702,"February 03, 2024",Gonzaga Bulldogs,2250,62,False,60.025,86.5,73.91714285714285
401589704,"February 07, 2024",Gonzaga Bulldogs,2250,96,False,71.885,84.86666666666666,72.991
401589716,"February 17, 2024",Gonzaga Bulldogs,2250,102,False,74.305,85.5625,72.921875
401589726,"February 24, 2024",Gonzaga Bulldogs,2250,94,False,71.885,86.52941176470588,73.00323529411764
401589664,"January 04, 2024",Gonzaga Bulldogs,2250,86,False,71.63,85.5,73.9625
401589667,"January 06, 2024",Gonzaga Bulldogs,2250,101,False,78.955,85.54545454545455,73.75045454545455
401589690,"January 25, 2024",Gonzaga Bulldogs,2250,77,False,73.49,86.83333333333333,74.18416666666667
401589695,"January 30, 2024",Gonzaga Bulldogs,2250,92,False,71.14,86.07692307692308,74.13076923076923
401625648,"March 11, 2024",Gonzaga Bulldogs,2250,89,True,67.885,86.94444444444444,72.94111111111111
401587185,"November 10, 2023",Gonzaga Bulldogs,2250,86,False,71.235,0.0,0.0
401606989,"November 14, 2023",Gonzaga Bulldogs,2250,123,False,82.955,86.0,71.235
401575874,"November 20, 2023",Gonzaga Bulldogs,2250,63,True,73.56,104.5,77.095
401581596,"November 21, 2023",Gonzaga Bulldogs,2250,76,True,72.35,90.66666666666667,75.91666666666667
401600064,"November 28, 2023",Gonzaga Bulldogs,2250,81,False,67.7,87.0,75.025
401600121,"February 10, 2024",Grambling Tigers,2755,74,False,75.095,73.4,72.0975
401600107,"February 12, 2024",Grambling Tigers,2755,50,False,71.445,73.45454545454545,72.37
401606612,"January 02, 2024",Grambling Tigers,2755,84,False,73.21,81.5,74.53125
401598022,"January 06, 2024",Grambling Tigers,2755,69,False,67.7,82.0,74.267
401603001,"January 08, 2024",Grambling Tigers,2755,52,False,65.025,79.83333333333333,73.1725
401604287,"January 20, 2024",Grambling Tigers,2755,79,False,71.7,75.85714285714286,72.00857142857143
401604913,"January 27, 2024",Grambling Tigers,2755,54,False,72.375,76.25,71.97
401606615,"January 29, 2024",Grambling Tigers,2755,70,False,72.84,73.77777777777777,72.015
401598913,"March 02, 2024",Grambling Tigers,2755,75,False,67.165,71.5,72.29291666666667
401574643,"March 04, 2024",Grambling Tigers,2755,69,False,69.885,71.76923076923077,71.89846153846155
401625671,"March 13, 2024",Grambling Tigers,2755,56,True,60.885,71.57142857142857,71.75464285714285
401625675,"March 15, 2024",Grambling Tigers,2755,65,True,67.56,70.53333333333333,71.03
401625677,"March 16, 2024",Grambling Tigers,2755,75,True,64.77,70.1875,70.813125
401606609,"November 06, 2023",Grambling Tigers,2755,82,False,72.7,0.0,0.0
401606610,"November 14, 2023",Grambling Tigers,2755,113,False,82.955,82.0,72.7
401604419,"November 17, 2023",Grambling Tigers,2755,63,True,75.77,97.5,77.8275
401606611,"November 22, 2023",Grambling Tigers,2755,68,True,66.7,86.0,77.14166666666667
401574047,"December 02, 2023",Grand Canyon Lopes,2253,76,False,72.63,81.4,72.044
401584446,"December 05, 2023",Grand Canyon Lopes,2253,79,False,69.58500000000001,80.5,72.14166666666667
401583846,"December 16, 2023",Grand Canyon Lopes,2253,91,True,70.235,80.28571428571429,71.77642857142857
401584447,"December 20, 2023",Grand Canyon Lopes,2253,76,False,71.305,81.625,71.58375
401584448,"December 30, 2023",Grand Canyon Lopes,2253,73,False,62.56,81.0,71.55277777777778
401574091,"February 01, 2024",Grand Canyon Lopes,2253,95,False,77.095,79.07692307692308,70.44423076923077
401574108,"February 10, 2024",Grand Canyon Lopes,2253,94,False,77.515,80.21428571428571,70.91928571428572
401574113,"February 15, 2024",Grand Canyon Lopes,2253,73,False,64.955,81.13333333333334,71.359
401574117,"February 17, 2024",Grand Canyon Lopes,2253,79,False,67.375,80.625,70.95875
401574133,"February 29, 2024",Grand Canyon Lopes,2253,72,False,60.815,80.52941176470588,70.74794117647059
401574064,"January 11, 2024",Grand Canyon Lopes,2253,74,False,71.095,80.2,70.6535
401574069,"January 13, 2024",Grand Canyon Lopes,2253,74,False,61.095,79.63636363636364,70.69363636363636
401574073,"January 18, 2024",Grand Canyon Lopes,2253,78,False,77.05,79.16666666666667,69.89375
401574137,"March 02, 2024",Grand Canyon Lopes,2253,80,False,64.77000000000001,80.05555555555556,70.19611111111111
401625512,"March 15, 2024",Grand Canyon Lopes,2253,80,True,70.12,80.05263157894737,69.91052631578947
401625513,"March 16, 2024",Grand Canyon Lopes,2253,89,True,79.77000000000001,80.05,69.921
401584443,"November 06, 2023",Grand Canyon Lopes,2253,88,False,76.025,0.0,0.0
401584360,"November 12, 2023",Grand Canyon Lopes,2253,89,False,72.88499999999999,88.0,76.025
401584444,"November 17, 2023",Grand Canyon Lopes,2253,76,True,74.095,88.5,74.455
401601489,"November 19, 2023",Grand Canyon Lopes,2253,68,True,67.445,84.33333333333333,74.335
401584445,"November 25, 2023",Grand Canyon Lopes,2253,86,False,69.77,80.25,72.6125
401587642,"December 02, 2023",Green Bay Phoenix,2739,70,False,60.63,68.0,63.63
401594194,"December 09, 2023",Green Bay Phoenix,2739,59,False,57.955,68.66666666666667,62.63
401594195,"December 21, 2023",Green Bay Phoenix,2739,79,False,63.955,66.25,61.46125
401587648,"December 29, 2023",Green Bay Phoenix,2739,88,False,68.56,68.8,61.96
401587674,"December 31, 2023",Green Bay Phoenix,2739,78,False,64.235,72.0,63.06
401587717,"February 01, 2024",Green Bay Phoenix,2739,79,False,65.095,73.6,64.1415
401587738,"February 14, 2024",Green Bay Phoenix,2739,57,False,65.56,74.0909090909091,64.22818181818182
401587748,"February 23, 2024",Green Bay Phoenix,2739,59,False,66.235,72.66666666666667,64.33916666666667
401587754,"February 25, 2024",Green Bay Phoenix,2739,59,False,61.49,71.61538461538461,64.485
401587694,"January 14, 2024",Green Bay Phoenix,2739,79,False,65.91,72.85714285714286,63.22785714285715
401587707,"January 25, 2024",Green Bay Phoenix,2739,69,False,62.885,73.625,63.563125
401587710,"January 27, 2024",Green Bay Phoenix,2739,78,False,70.025,73.11111111111111,63.48777777777778
401625694,"March 07, 2024",Green Bay Phoenix,2739,84,False,81.375,70.71428571428571,64.27107142857143
401594189,"November 09, 2023",Green Bay Phoenix,2739,72,False,60.42,0.0,0.0
401594192,"November 25, 2023",Green Bay Phoenix,2739,64,False,66.84,72.0,60.42
401616901,"December 03, 2023",Hampton Pirates,2261,121,False,82.26,79.0,76.31166666666667
401591554,"December 11, 2023",Hampton Pirates,2261,100,False,80.35,89.5,77.79875
401581842,"December 16, 2023",Hampton Pirates,2261,71,False,73.165,91.6,78.309
401600710,"February 08, 2024",Hampton Pirates,2261,59,False,63.21,81.72727272727273,73.96181818181819
401600719,"February 10, 2024",Hampton Pirates,2261,65,False,69.955,79.83333333333333,73.06583333333333
401600734,"February 17, 2024",Hampton Pirates,2261,67,False,68.955,78.6923076923077,72.82653846153846
401600752,"February 29, 2024",Hampton Pirates,2261,64,False,64.28,77.85714285714286,72.55
401600626,"January 06, 2024",Hampton Pirates,2261,69,False,75.84,88.16666666666667,77.45166666666667
401600659,"January 11, 2024",Hampton Pirates,2261,61,False,64.77,85.42857142857143,77.22142857142856
401600666,"January 15, 2024",Hampton Pirates,2261,80,False,69.28,82.375,75.66499999999999
401600681,"January 25, 2024",Hampton Pirates,2261,86,False,72.42,82.11111111111111,74.95555555555556
401600689,"January 27, 2024",Hampton Pirates,2261,74,False,66.56,82.5,74.702
401591551,"November 09, 2023",Hampton Pirates,2261,109,False,75.14,0.0,0.0
401582150,"November 20, 2023",Hampton Pirates,2261,52,True,66.35,109.0,75.14
401582131,"November 27, 2023",Hampton Pirates,2261,76,False,87.445,80.5,70.745
401581743,"December 08, 2023",Harvard Crimson,108,70,False,66.56,79.33333333333333,68.55166666666666
401581744,"December 21, 2023",Harvard Crimson,108,74,False,64.49000000000001,77.0,68.05375000000001
401581745,"December 30, 2023",Harvard Crimson,108,60,False,69.165,76.4,67.34100000000001
401581750,"February 02, 2024",Harvard Crimson,108,62,False,68.7,72.77777777777777,67.57277777777777
401581751,"February 03, 2024",Harvard Crimson,108,76,False,72.63,71.7,67.6855
401581752,"February 10, 2024",Harvard Crimson,108,77,False,65.77000000000001,72.0909090909091,68.135
401581755,"February 23, 2024",Harvard Crimson,108,53,False,63.42,72.5,67.93791666666667
401581756,"February 24, 2024",Harvard Crimson,108,74,False,62.815,71.0,67.59038461538462
401581746,"January 02, 2024",Harvard Crimson,108,76,False,73.095,73.66666666666667,67.645
401577668,"January 15, 2024",Harvard Crimson,108,72,False,65.49,74.0,68.42357142857144
401581749,"January 27, 2024",Harvard Crimson,108,65,False,63.7,73.75,68.056875
401581736,"November 06, 2023",Harvard Crimson,108,78,False,68.0,0.0,0.0
401581738,"November 14, 2023",Harvard Crimson,108,80,False,68.095,78.0,68.0
401581741,"November 29, 2023",Harvard Crimson,108,80,False,69.56,79.0,68.0475
401574416,"December 03, 2023",Hawai'i Rainbow Warriors,62,95,False,67.63,79.4,73.491
401609479,"December 10, 2023",Hawai'i Rainbow Warriors,62,78,False,66.025,82.0,72.51416666666667
401590842,"December 17, 2023",Hawai'i Rainbow Warriors,62,66,False,70.305,81.42857142857143,71.58714285714287
401581340,"December 21, 2023",Hawai'i Rainbow Warriors,62,69,False,66.025,79.5,71.426875
401581554,"December 22, 2023",Hawai'i Rainbow Warriors,62,68,False,65.025,78.33333333333333,70.82666666666667
401581560,"December 24, 2023",Hawai'i Rainbow Warriors,62,51,False,69.49000000000001,77.3,70.2465
401573478,"December 30, 2023",Hawai'i Rainbow Warriors,62,61,False,71.235,74.9090909090909,70.17772727272728
401573534,"February 08, 2024",Hawai'i Rainbow Warriors,62,94,False,75.445,71.375,69.6271875
401573538,"February 10, 2024",Hawai'i Rainbow Warriors,62,87,False,72.445,72.70588235294117,69.96941176470588
401573557,"February 24, 2024",Hawai'i Rainbow Warriors,62,73,False,75.77,73.5,70.10694444444444
401573494,"January 11, 2024",Hawai'i Rainbow Warriors,62,50,False,60.815,73.75,70.26583333333333
401573498,"January 13, 2024",Hawai'i Rainbow Warriors,62,63,False,65.025,71.92307692307692,69.53884615384615
401573511,"January 25, 2024",Hawai'i Rainbow Warriors,62,61,False,67.7,71.28571428571429,69.21642857142857
401573520,"January 27, 2024",Hawai'i Rainbow Warriors,62,83,False,77.305,70.6,69.11533333333334
401573573,"March 06, 2024",Hawai'i Rainbow Warriors,62,72,False,75.91,73.47368421052632,70.405
401573578,"March 09, 2024",Hawai'i Rainbow Warriors,62,74,False,65.7,73.4,70.68025
401625535,"March 14, 2024",Hawai'i Rainbow Warriors,62,75,True,71.375,73.42857142857143,70.44309523809524
401609478,"November 14, 2023",Hawai'i Rainbow Warriors,62,82,False,68.235,0.0,0.0
401613299,"November 16, 2023",Hawai'i Rainbow Warriors,62,92,False,75.98,82.0,68.235
401584363,"November 21, 2023",Hawai'i Rainbow Warriors,62,70,False,74.445,87.0,72.1075
401604297,"November 24, 2023",Hawai'i Rainbow Warriors,62,76,True,74.955,81.33333333333333,72.88666666666667
401604299,"November 25, 2023",Hawai'i Rainbow Warriors,62,77,True,73.84,80.0,73.40375
401583807,"December 05, 2023",High Point Panthers,2272,97,False,75.91,94.0,74.10900000000001
401581730,"December 08, 2023",High Point Panthers,2272,75,False,65.56,94.5,74.40916666666666
401594573,"December 19, 2023",High Point Panthers,2272,74,False,66.77000000000001,91.71428571428571,73.145
401594256,"December 22, 2023",High Point Panthers,2272,78,False,66.28,89.5,72.348125
401597902,"December 30, 2023",High Point Panthers,2272,90,False,70.515,88.22222222222223,71.6738888888889
401601247,"February 01, 2024",High Point Panthers,2272,93,False,70.77,87.61538461538461,72.44076923076923
401601250,"February 03, 2024",High Point Panthers,2272,78,False,74.91,88.0,72.32142857142857
401601262,"February 14, 2024",High Point Panthers,2272,81,False,79.375,87.33333333333333,72.494
401601267,"February 17, 2024",High Point Panthers,2272,99,False,70.77,86.9375,72.9240625
401601279,"February 28, 2024",High Point Panthers,2272,100,False,87.75,87.6470588235294,72.79735294117647
401601218,"January 06, 2024",High Point Panthers,2272,85,False,73.63,88.4,71.558
401601222,"January 10, 2024",High Point Panthers,2272,84,False,78.86500000000001,88.0909090909091,71.74636363636364
401601233,"January 20, 2024",High Point Panthers,2272,86,False,73.655,87.75,72.33958333333334
401625515,"March 08, 2024",High Point Panthers,2272,77,False,61.63,88.33333333333333,73.62805555555556
401625519,"March 09, 2024",High Point Panthers,2272,79,True,73.445,87.73684210526316,72.99657894736842
401597899,"November 06, 2023",High Point Panthers,2272,105,False,77.49,0.0,0.0
401581576,"November 21, 2023",High Point Panthers,2272,74,True,66.025,105.0,77.49
401581577,"November 22, 2023",High Point Panthers,2272,92,True,81.05,89.5,71.7575
401597900,"November 26, 2023",High Point Panthers,2272,122,False,76.675,90.33333333333333,74.855
401597901,"November 29, 2023",High Point Panthers,2272,77,False,69.305,98.25,75.31
401594404,"December 16, 2023",Hofstra Pride,2275,74,False,62.025,88.0,71.44375
401600701,"February 01, 2024",Hofstra Pride,2275,72,False,67.885,79.22222222222223,69.65277777777777
401600703,"February 03, 2024",Hofstra Pride,2275,59,False,61.025000000000006,78.5,69.476
401600732,"February 17, 2024",Hofstra Pride,2275,82,False,63.885,76.72727272727273,68.70772727272727
401600737,"February 22, 2024",Hofstra Pride,2275,69,False,66.49000000000001,77.16666666666667,68.30583333333333
401600744,"February 24, 2024",Hofstra Pride,2275,87,False,68.885,76.53846153846153,68.16615384615385
401600620,"January 04, 2024",Hofstra Pride,2275,61,False,70.885,85.2,69.56
401600628,"January 06, 2024",Hofstra Pride,2275,76,False,70.885,81.16666666666667,69.78083333333333
401600668,"January 18, 2024",Hofstra Pride,2275,86,False,71.49,80.42857142857143,69.93857142857142
401600687,"January 25, 2024",Hofstra Pride,2275,64,False,65.815,81.125,70.1325
401630148,"March 10, 2024",Hofstra Pride,2275,73,True,66.165,77.28571428571429,68.2175
401630150,"March 11, 2024",Hofstra Pride,2275,59,True,66.77000000000001,77.0,68.08066666666667
401610539,"November 06, 2023",Hofstra Pride,2275,101,False,74.815,0.0,0.0
401587165,"November 10, 2023",Hofstra Pride,2275,67,False,67.095,101.0,74.815
401581575,"November 20, 2023",Hofstra Pride,2275,102,True,73.98,84.0,70.955
401577575,"November 30, 2023",Hofstra Pride,2275,82,False,69.885,90.0,71.96333333333332
401577689,"December 18, 2023",Holy Cross Crusaders,107,57,False,69.955,67.66666666666667,68.69166666666666
401602710,"December 29, 2023",Holy Cross Crusaders,107,88,False,67.675,65.0,69.0075
401597391,"February 10, 2024",Holy Cross Crusaders,107,58,False,58.815,70.9,68.18299999999999
401600091,"February 17, 2024",Holy Cross Crusaders,107,53,False,64.16499999999999,69.72727272727273,67.33136363636363
401594499,"February 21, 2024",Holy Cross Crusaders,107,73,False,58.885,68.33333333333333,67.0675
401598642,"February 28, 2024",Holy Cross Crusaders,107,58,False,61.49,68.6923076923077,66.43807692307692
401598591,"January 10, 2024",Holy Cross Crusaders,107,70,False,66.745,69.6,68.741
401600154,"January 17, 2024",Holy Cross Crusaders,107,68,False,63.955,69.66666666666667,68.40833333333333
401594513,"January 20, 2024",Holy Cross Crusaders,107,86,False,67.77,69.42857142857143,67.77214285714285
401600089,"January 27, 2024",Holy Cross Crusaders,107,72,False,74.165,71.5,67.771875
401597971,"January 29, 2024",Holy Cross Crusaders,107,65,False,65.49,71.55555555555556,68.48222222222222
401577717,"November 14, 2023",Holy Cross Crusaders,107,77,False,74.375,0.0,0.0
401597979,"November 18, 2023",Holy Cross Crusaders,107,69,True,66.21,77.0,74.375
401577566,"November 29, 2023",Holy Cross Crusaders,107,57,False,65.49,73.0,70.29249999999999
401608787,"December 06, 2023",Houston Christian Huskies,2277,95,False,84.375,80.5,80.38749999999999
401608788,"December 16, 2023",Houston Christian Huskies,2277,107,False,81.885,85.33333333333333,81.71666666666665
401578974,"February 10, 2024",Houston Christian Huskies,2277,86,False,76.05,85.125,78.630625
401578975,"February 12, 2024",Houston Christian Huskies,2277,54,False,74.58500000000001,85.22222222222223,78.3438888888889
401578977,"February 24, 2024",Houston Christian Huskies,2277,73,False,73.49,82.1,77.968
401578978,"February 26, 2024",Houston Christian Huskies,2277,79,False,73.98,81.27272727272727,77.56090909090909
401578964,"January 06, 2024",Houston Christian Huskies,2277,94,False,87.12,90.75,81.75874999999999
401578968,"January 20, 2024",Houston Christian Huskies,2277,78,False,71.885,91.4,82.83099999999999
401578969,"January 22, 2024",Houston Christian Huskies,2277,88,False,73.77,89.16666666666667,81.00666666666667
401578971,"January 29, 2024",Houston Christian Huskies,2277,58,False,69.235,89.0,79.97285714285714
401578979,"March 02, 2024",Houston Christian Huskies,2277,85,False,76.375,81.08333333333333,77.2625
401608782,"November 15, 2023",Houston Christian Huskies,2277,74,False,80.05,0.0,0.0
401592094,"November 20, 2023",Houston Christian Huskies,2277,87,False,80.725,74.0,80.05
401575438,"December 06, 2023",Houston Cougars,248,75,False,63.955,78.6,64.151
401575439,"December 09, 2023",Houston Cougars,248,89,False,70.445,78.0,64.11833333333333
401575440,"December 16, 2023",Houston Cougars,248,70,True,60.77,79.57142857142857,65.02214285714285
401575441,"December 21, 2023",Houston Cougars,248,72,False,69.095,78.375,64.490625
401575442,"December 30, 2023",Houston Cougars,248,81,False,62.56,77.66666666666667,65.00222222222222
401603461,"February 06, 2024",Houston Cougars,248,79,False,67.49,76.92857142857143,64.725
401603476,"February 17, 2024",Houston Cougars,248,82,False,67.56,77.06666666666666,64.90933333333334
401603483,"February 19, 2024",Houston Cougars,248,73,False,66.025,77.375,65.075
401603498,"February 27, 2024",Houston Cougars,248,67,False,67.445,77.11764705882354,65.13088235294117
401603399,"January 06, 2024",Houston Cougars,248,89,False,65.7,78.0,64.75800000000001
401603423,"January 17, 2024",Houston Cougars,248,77,False,61.025,79.0,64.84363636363636
401603427,"January 20, 2024",Houston Cougars,248,57,False,65.655,78.83333333333333,64.52541666666667
401603442,"January 27, 2024",Houston Cougars,248,74,False,66.19,77.15384615384616,64.6123076923077
401603519,"March 09, 2024",Houston Cougars,248,76,False,66.885,76.55555555555556,65.25944444444445
401625441,"March 14, 2024",Houston Cougars,248,60,True,64.49000000000001,76.52631578947368,65.345
401625444,"March 15, 2024",Houston Cougars,248,82,True,67.84,75.7,65.30225
401625446,"March 16, 2024",Houston Cougars,248,41,True,62.095,76.0,65.42309523809524
401575434,"November 06, 2023",Houston Cougars,248,84,False,63.095,0.0,0.0
401575435,"November 11, 2023",Houston Cougars,248,82,False,75.19,84.0,63.095
401575436,"November 13, 2023",Houston Cougars,248,79,False,63.025000000000006,83.0,69.1425
401581549,"November 19, 2023",Houston Cougars,248,69,True,57.28,81.66666666666667,67.10333333333334
401575437,"November 24, 2023",Houston Cougars,248,79,False,62.165,78.5,64.64750000000001
401607609,"December 13, 2023",Howard Bison,47,88,False,80.235,79.0,75.79333333333334
401604304,"December 16, 2023",Howard Bison,47,74,True,73.88499999999999,81.25,76.90375
401607613,"February 03, 2024",Howard Bison,47,61,True,73.235,76.44444444444444,73.78
401607611,"February 17, 2024",Howard Bison,47,90,False,74.58500000000001,74.9,73.7255
401606750,"February 19, 2024",Howard Bison,47,68,False,70.445,76.27272727272727,73.80363636363637
401606723,"February 24, 2024",Howard Bison,47,78,False,78.235,75.58333333333333,73.52374999999999
401589749,"February 26, 2024",Howard Bison,47,78,False,68.77000000000001,75.76923076923077,73.88615384615385
401587190,"January 03, 2024",Howard Bison,47,78,False,74.7,79.8,76.3
401630539,"January 13, 2024",Howard Bison,47,72,False,67.025,79.5,76.03333333333333
401607612,"January 15, 2024",Howard Bison,47,78,False,73.235,78.42857142857143,74.74642857142858
401594408,"January 20, 2024",Howard Bison,47,61,False,67.56,78.375,74.5575
401604433,"March 04, 2024",Howard Bison,47,85,False,70.77,75.92857142857143,73.52071428571428
401625568,"March 14, 2024",Howard Bison,47,78,True,74.05,76.53333333333333,73.33733333333333
401625572,"March 16, 2024",Howard Bison,47,70,True,64.165,76.625,73.38187500000001
401591550,"November 06, 2023",Howard Bison,47,92,False,84.26,0.0,0.0
401597962,"November 14, 2023",Howard Bison,47,64,False,70.885,92.0,84.26
401603538,"November 28, 2023",Howard Bison,47,81,False,72.235,78.0,77.5725
401587643,"December 02, 2023",IU Indianapolis Jaguars,85,55,False,69.375,67.5,71.45625
401587247,"December 16, 2023",IU Indianapolis Jaguars,85,67,False,69.375,65.0,71.03999999999999
401594217,"December 21, 2023",IU Indianapolis Jaguars,85,90,False,70.795,65.33333333333333,70.7625
401587646,"December 29, 2023",IU Indianapolis Jaguars,85,67,False,66.56,68.85714285714286,70.76714285714286
401587670,"December 31, 2023",IU Indianapolis Jaguars,85,77,False,67.56,68.625,70.24125
401587730,"February 10, 2024",IU Indianapolis Jaguars,85,65,False,75.025,67.07142857142857,69.27821428571428
401587758,"February 28, 2024",IU Indianapolis Jaguars,85,70,False,73.91,66.93333333333334,69.66133333333333
401587686,"January 10, 2024",IU Indianapolis Jaguars,85,58,False,56.7,69.55555555555556,69.94333333333333
401587692,"January 13, 2024",IU Indianapolis Jaguars,85,66,False,71.42,68.4,68.619
401587703,"January 20, 2024",IU Indianapolis Jaguars,85,63,False,65.42,68.18181818181819,68.87363636363636
401587709,"January 25, 2024",IU Indianapolis Jaguars,85,50,False,72.49,67.75,68.58583333333333
401587714,"January 28, 2024",IU Indianapolis Jaguars,85,76,False,74.375,66.38461538461539,68.88615384615385
401594209,"November 06, 2023",IU Indianapolis Jaguars,85,70,False,71.77,0.0,0.0
401594213,"November 18, 2023",IU Indianapolis Jaguars,85,61,True,69.19,70.0,71.77
401594214,"November 19, 2023",IU Indianapolis Jaguars,85,61,True,63.955,65.5,70.47999999999999
401594215,"November 25, 2023",IU Indianapolis Jaguars,85,78,False,80.91,64.0,68.30499999999999
401587245,"December 02, 2023",Idaho State Bengals,304,76,False,70.375,79.33333333333333,66.92333333333333
401573387,"December 28, 2023",Idaho State Bengals,304,66,False,67.77000000000001,78.5,67.78625
401573391,"December 30, 2023",Idaho State Bengals,304,68,False,64.21,76.0,67.78299999999999
401573434,"February 08, 2024",Idaho State Bengals,304,68,False,55.28,71.33333333333333,65.83611111111111
401573439,"February 10, 2024",Idaho State Bengals,304,68,False,62.05,71.0,64.78049999999999
401573458,"February 24, 2024",Idaho State Bengals,304,80,False,68.7,70.72727272727273,64.53227272727273
401573355,"February 29, 2024",Idaho State Bengals,304,88,False,84.84,71.5,64.87958333333333
401581823,"January 06, 2024",Idaho State Bengals,304,63,False,60.025,74.66666666666667,67.1875
401573404,"January 18, 2024",Idaho State Bengals,304,64,False,62.42,73.0,66.16428571428571
401573407,"January 20, 2024",Idaho State Bengals,304,67,False,66.955,71.875,65.69624999999999
401573463,"March 02, 2024",Idaho State Bengals,304,79,False,71.63,72.76923076923077,66.41499999999999
401593989,"November 06, 2023",Idaho State Bengals,304,92,False,67.60499999999999,0.0,0.0
401593991,"November 16, 2023",Idaho State Bengals,304,85,False,71.535,92.0,67.60499999999999
401593992,"November 20, 2023",Idaho State Bengals,304,61,True,61.63,88.5,69.57
401583740,"December 02, 2023",Idaho Vandals,70,85,False,68.05,79.0,71.206
401575410,"December 05, 2023",Idaho Vandals,70,83,False,72.025,80.0,70.68
401573386,"December 28, 2023",Idaho Vandals,70,61,False,63.7,80.42857142857143,70.87214285714286
401573390,"December 30, 2023",Idaho Vandals,70,72,False,71.515,78.0,69.97562500000001
401573444,"February 15, 2024",Idaho Vandals,70,69,False,63.305,73.0,69.22730769230769
401573448,"February 17, 2024",Idaho Vandals,70,55,False,65.7,72.71428571428571,68.80428571428571
401573354,"February 29, 2024",Idaho Vandals,70,48,False,61.35,71.53333333333333,68.59733333333334
401580030,"January 03, 2024",Idaho Vandals,70,67,False,63.49,77.33333333333333,70.14666666666668
401573398,"January 13, 2024",Idaho Vandals,70,58,False,70.98,76.3,69.48100000000001
401573415,"January 25, 2024",Idaho Vandals,70,60,False,67.88499999999999,74.63636363636364,69.61727272727272
401573419,"January 27, 2024",Idaho Vandals,70,68,False,66.28,73.41666666666667,69.47291666666666
401573462,"March 02, 2024",Idaho Vandals,70,57,False,68.49000000000001,70.0625,68.144375
401625609,"March 09, 2024",Idaho Vandals,70,64,True,67.21000000000001,69.29411764705883,68.16470588235293
401583734,"November 09, 2023",Idaho Vandals,70,73,False,73.21000000000001,0.0,0.0
401583735,"November 14, 2023",Idaho Vandals,70,88,False,78.305,73.0,73.21000000000001
401583736,"November 17, 2023",Idaho Vandals,70,96,False,63.56,80.5,75.75750000000001
401583738,"November 24, 2023",Idaho Vandals,70,73,True,76.42,85.66666666666667,71.69166666666668
401583739,"November 29, 2023",Idaho Vandals,70,65,False,64.535,82.5,72.87375
401580310,"December 05, 2023",Illinois Fighting Illini,356,98,True,76.77,77.83333333333333,72.83916666666667
401584515,"December 17, 2023",Illinois Fighting Illini,356,74,False,66.77,80.71428571428571,73.4007142857143
401584516,"December 22, 2023",Illinois Fighting Illini,356,97,True,77.56,79.875,72.571875
401584517,"December 29, 2023",Illinois Fighting Illini,356,104,False,74.745,81.77777777777777,73.12611111111111
401600369,"February 04, 2024",Illinois Fighting Illini,356,87,False,79.49,82.0,72.24366666666667
401600384,"February 13, 2024",Illinois Fighting Illini,356,97,False,71.025,82.3125,72.6965625
401600404,"February 24, 2024",Illinois Fighting Illini,356,95,False,76.375,83.17647058823529,72.59823529411766
401600412,"February 28, 2024",Illinois Fighting Illini,356,105,False,67.375,83.83333333333333,72.80805555555555
401600307,"January 02, 2024",Illinois Fighting Illini,356,96,False,67.28,84.0,73.288
401600325,"January 11, 2024",Illinois Fighting Illini,356,71,False,66.745,85.0909090909091,72.74181818181818
401600330,"January 14, 2024",Illinois Fighting Illini,356,67,False,70.095,83.91666666666667,72.24208333333333
401600344,"January 21, 2024",Illinois Fighting Illini,356,86,False,78.885,82.61538461538461,72.07692307692308
401600352,"January 27, 2024",Illinois Fighting Illini,356,70,False,67.77,82.85714285714286,72.56321428571428
401600423,"March 05, 2024",Illinois Fighting Illini,356,71,False,67.235,84.94736842105263,72.5221052631579
401625686,"March 15, 2024",Illinois Fighting Illini,356,77,True,71.12,84.25,72.25775
401625689,"March 16, 2024",Illinois Fighting Illini,356,98,True,77.235,83.9047619047619,72.20357142857144
401625690,"March 17, 2024",Illinois Fighting Illini,356,93,True,69.05,84.54545454545455,72.43227272727273
401584510,"November 06, 2023",Illinois Fighting Illini,356,80,False,71.56,0.0,0.0
401584511,"November 10, 2023",Illinois Fighting Illini,356,64,False,63.56,80.0,71.56
401574573,"November 14, 2023",Illinois Fighting Illini,356,64,False,70.7,72.0,67.56
401584512,"November 17, 2023",Illinois Fighting Illini,356,87,False,81.84,69.33333333333333,68.60666666666667
401584513,"November 19, 2023",Illinois Fighting Illini,356,88,False,78.095,73.75,71.915
401584514,"November 24, 2023",Illinois Fighting Illini,356,84,False,71.28,76.6,73.151
401601819,"December 03, 2023",Illinois State Redbirds,2287,76,False,62.885,64.33333333333333,68.35833333333333
401580108,"December 06, 2023",Illinois State Redbirds,2287,62,False,64.815,67.25,66.99
401580109,"December 09, 2023",Illinois State Redbirds,2287,58,False,66.515,66.2,66.55499999999999
401580110,"December 17, 2023",Illinois State Redbirds,2287,75,False,71.955,64.83333333333333,66.54833333333333
401580111,"December 21, 2023",Illinois State Redbirds,2287,85,False,72.095,66.28571428571429,67.32071428571429
401601875,"February 03, 2024",Illinois State Redbirds,2287,60,False,60.745,66.33333333333333,65.98833333333333
401601884,"February 07, 2024",Illinois State Redbirds,2287,56,False,63.165,65.84615384615384,65.58500000000001
401601903,"February 18, 2024",Illinois State Redbirds,2287,86,False,66.88499999999999,65.14285714285714,65.41214285714285
401601906,"February 21, 2024",Illinois State Redbirds,2287,81,False,67.375,66.53333333333333,65.51033333333334
401601920,"February 28, 2024",Illinois State Redbirds,2287,75,False,63.21,67.4375,65.626875
401601830,"January 06, 2024",Illinois State Redbirds,2287,64,False,56.885,68.625,67.9175
401601844,"January 14, 2024",Illinois State Redbirds,2287,50,False,63.7,68.11111111111111,66.69166666666666
401601848,"January 17, 2024",Illinois State Redbirds,2287,56,False,60.7,66.3,66.3925
401601857,"January 23, 2024",Illinois State Redbirds,2287,77,False,67.235,65.36363636363636,65.875
401625661,"March 07, 2024",Illinois State Redbirds,2287,53,True,60.63,67.88235294117646,65.48470588235294
401580104,"November 06, 2023",Illinois State Redbirds,2287,75,False,69.955,0.0,0.0
401580106,"November 15, 2023",Illinois State Redbirds,2287,69,False,62.955,75.0,69.955
401581579,"November 22, 2023",Illinois State Redbirds,2287,49,True,72.165,72.0,66.455
401584366,"December 09, 2023",Incarnate Word Cardinals,2916,75,False,69.955,78.66666666666667,72.32000000000001
401581797,"February 12, 2024",Incarnate Word Cardinals,2916,76,False,76.7,75.33333333333333,72.87055555555555
401579073,"February 17, 2024",Incarnate Word Cardinals,2916,61,False,66.515,75.4,73.2535
401579089,"February 19, 2024",Incarnate Word Cardinals,2916,72,False,81.7,74.0909090909091,72.64090909090909
401604808,"January 02, 2024",Incarnate Word Cardinals,2916,83,False,82.165,77.75,71.72875
401600980,"January 06, 2024",Incarnate Word Cardinals,2916,65,False,69.515,78.8,73.816
401579017,"January 20, 2024",Incarnate Word Cardinals,2916,66,False,73.91,76.5,73.09916666666668
401579058,"January 22, 2024",Incarnate Word Cardinals,2916,74,False,73.235,75.0,73.215
401578970,"January 27, 2024",Incarnate Word Cardinals,2916,79,False,70.095,74.875,73.2175
401579053,"March 02, 2024",Incarnate Word Cardinals,2916,80,False,76.63,73.91666666666667,73.39583333333333
401579084,"March 04, 2024",Incarnate Word Cardinals,2916,56,False,71.655,74.38461538461539,73.64461538461538
401604806,"November 14, 2023",Incarnate Word Cardinals,2916,104,False,82.56,0.0,0.0
401597430,"November 22, 2023",Incarnate Word Cardinals,2916,67,False,68.84,104.0,82.56
401597431,"November 26, 2023",Incarnate Word Cardinals,2916,65,True,65.56,85.5,75.7
401600294,"December 01, 2023",Indiana Hoosiers,84,65,False,67.095,75.2,70.40299999999999
401577616,"December 09, 2023",Indiana Hoosiers,84,76,True,75.515,73.5,69.85166666666667
401575457,"December 16, 2023",Indiana Hoosiers,84,71,False,78.77,73.85714285714286,70.66071428571429
401577617,"December 19, 2023",Indiana Hoosiers,84,69,False,68.885,73.5,71.674375
401577618,"December 21, 2023",Indiana Hoosiers,84,83,False,68.28,73.0,71.36444444444444
401577619,"December 29, 2023",Indiana Hoosiers,84,100,False,81.28,74.0,71.05600000000001
401600367,"February 03, 2024",Indiana Hoosiers,84,71,False,64.16499999999999,75.0,71.35433333333334
401600394,"February 18, 2024",Indiana Hoosiers,84,72,False,68.98,74.75,70.905
401600400,"February 21, 2024",Indiana Hoosiers,84,70,False,71.49,74.58823529411765,70.79176470588236
401600410,"February 27, 2024",Indiana Hoosiers,84,74,False,63.605,74.33333333333333,70.83055555555556
401600315,"January 06, 2024",Indiana Hoosiers,84,71,False,65.815,76.36363636363636,71.98545454545454
401600326,"January 12, 2024",Indiana Hoosiers,84,74,False,72.445,75.91666666666667,71.47125
401600335,"January 16, 2024",Indiana Hoosiers,84,66,False,73.445,75.76923076923077,71.54615384615384
401600359,"January 30, 2024",Indiana Hoosiers,84,74,False,66.77,75.07142857142857,71.68178571428571
401600429,"March 10, 2024",Indiana Hoosiers,84,65,False,66.745,74.3157894736842,70.45026315789474
401625683,"March 14, 2024",Indiana Hoosiers,84,61,True,67.63,73.85,70.265
401577612,"November 07, 2023",Indiana Hoosiers,84,69,False,65.05,0.0,0.0
401577613,"November 12, 2023",Indiana Hoosiers,84,72,False,67.77000000000001,69.0,65.05
401577614,"November 16, 2023",Indiana Hoosiers,84,89,False,78.12,70.5,66.41
401591374,"November 19, 2023",Indiana Hoosiers,84,57,True,67.98,76.66666666666667,70.31333333333333
401577615,"November 26, 2023",Indiana Hoosiers,84,89,True,73.095,71.75,69.73
401594425,"December 09, 2023",Indiana State Sycamores,282,98,False,78.42,88.25,71.94375
401594426,"December 19, 2023",Indiana State Sycamores,282,90,False,75.56,90.2,73.239
401601876,"February 03, 2024",Indiana State Sycamores,282,75,False,76.84,90.5,72.54350000000001
401601885,"February 07, 2024",Indiana State Sycamores,282,101,False,77.7,89.0909090909091,72.93409090909091
401601894,"February 13, 2024",Indiana State Sycamores,282,67,False,74.375,90.08333333333333,73.33125
401601913,"February 24, 2024",Indiana State Sycamores,282,88,False,78.375,88.3076923076923,73.41153846153847
401601825,"January 03, 2024",Indiana State Sycamores,282,87,False,75.14,90.16666666666667,73.62583333333333
401601840,"January 13, 2024",Indiana State Sycamores,282,94,False,73.955,89.71428571428571,73.84214285714286
401601845,"January 16, 2024",Indiana State Sycamores,282,88,False,62.30500000000001,90.25,73.85625
401601866,"January 27, 2024",Indiana State Sycamores,282,95,False,72.28,90.0,72.57277777777777
401601925,"March 03, 2024",Indiana State Sycamores,282,89,False,67.56,88.28571428571429,73.76607142857142
401625664,"March 08, 2024",Indiana State Sycamores,282,75,True,71.63,88.33333333333333,73.35233333333333
401625668,"March 09, 2024",Indiana State Sycamores,282,94,True,69.095,87.5,73.2446875
401625670,"March 10, 2024",Indiana State Sycamores,282,80,True,71.955,87.88235294117646,73.00058823529412
401594423,"November 06, 2023",Indiana State Sycamores,282,90,False,72.56,0.0,0.0
401594211,"November 14, 2023",Indiana State Sycamores,282,96,False,71.7,90.0,72.56
401594424,"November 22, 2023",Indiana State Sycamores,282,90,True,74.815,93.0,72.13
401601809,"November 28, 2023",Indiana State Sycamores,282,77,False,68.7,92.0,73.02499999999999
401581760,"December 06, 2023",Iona Gaels,314,57,False,60.885,77.0,72.575
401581761,"December 10, 2023",Iona Gaels,314,61,False,68.375,73.66666666666667,70.62666666666667
401577549,"December 16, 2023",Iona Gaels,314,58,True,70.84,71.85714285714286,70.30499999999999
401581762,"December 21, 2023",Iona Gaels,314,85,False,66.77000000000001,70.125,70.371875
401594297,"February 02, 2024",Iona Gaels,314,91,False,74.655,73.0,69.34166666666667
401594315,"February 04, 2024",Iona Gaels,314,94,False,75.515,74.38461538461539,69.75038461538462
401594317,"February 16, 2024",Iona Gaels,314,73,False,67.56,75.78571428571429,70.16214285714285
401594318,"February 18, 2024",Iona Gaels,314,53,False,63.7,75.6,69.98866666666666
401594311,"January 07, 2024",Iona Gaels,314,73,False,69.84,71.77777777777777,69.97166666666666
401594312,"January 14, 2024",Iona Gaels,314,87,False,65.49000000000001,71.9,69.9585
401594261,"January 19, 2024",Iona Gaels,314,70,False,67.025,73.27272727272727,69.55227272727274
401594321,"March 01, 2024",Iona Gaels,314,64,False,67.815,74.1875,69.595625
401594324,"March 09, 2024",Iona Gaels,314,68,False,60.955,73.58823529411765,69.49088235294118
401625619,"March 12, 2024",Iona Gaels,314,60,True,59.49,73.27777777777777,69.01666666666667
401577716,"November 10, 2023",Iona Gaels,314,88,False,70.84,0.0,0.0
401581573,"November 20, 2023",Iona Gaels,314,68,True,68.235,88.0,70.84
401581581,"November 21, 2023",Iona Gaels,314,76,True,79.63,78.0,69.5375
401581580,"November 22, 2023",Iona Gaels,314,89,True,68.7,77.33333333333333,72.90166666666666
401594309,"November 29, 2023",Iona Gaels,314,64,False,75.47,80.25,71.85125
401600304,"December 10, 2023",Iowa Hawkeyes,2294,80,False,75.98,91.83333333333333,76.72666666666667
401598901,"December 16, 2023",Iowa Hawkeyes,2294,88,False,76.955,90.14285714285714,76.62
401582137,"December 20, 2023",Iowa Hawkeyes,2294,103,False,77.815,89.875,76.661875
401588613,"December 29, 2023",Iowa Hawkeyes,2294,103,False,83.56,91.33333333333333,76.79
401600364,"February 02, 2024",Iowa Hawkeyes,2294,79,False,65.77,88.71428571428571,75.90892857142856
401600382,"February 11, 2024",Iowa Hawkeyes,2294,90,False,72.165,88.06666666666666,75.23299999999999
401600393,"February 17, 2024",Iowa Hawkeyes,2294,88,False,75.98,88.1875,75.04125
401600411,"February 27, 2024",Iowa Hawkeyes,2294,90,False,80.795,88.17647058823529,75.0964705882353
401600316,"January 06, 2024",Iowa Hawkeyes,2294,86,False,79.165,92.5,77.467
401600327,"January 12, 2024",Iowa Hawkeyes,2294,94,False,71.025,91.9090909090909,77.62136363636364
401600343,"January 20, 2024",Iowa Hawkeyes,2294,70,False,70.235,92.08333333333333,77.07166666666667
401600350,"January 24, 2024",Iowa Hawkeyes,2294,67,False,67.63,90.38461538461539,76.54576923076924
401600428,"March 10, 2024",Iowa Hawkeyes,2294,61,False,73.955,88.27777777777777,75.41305555555556
401625682,"March 14, 2024",Iowa Hawkeyes,2294,78,True,73.445,86.84210526315789,75.33631578947369
401597398,"November 07, 2023",Iowa Hawkeyes,2294,110,False,81.7,0.0,0.0
401600113,"November 10, 2023",Iowa Hawkeyes,2294,98,False,75.7,110.0,81.7
401594611,"November 17, 2023",Iowa Hawkeyes,2294,88,False,79.095,104.0,78.7
401586849,"November 23, 2023",Iowa Hawkeyes,2294,67,True,72.63,98.66666666666667,78.83166666666666
401586852,"November 24, 2023",Iowa Hawkeyes,2294,85,True,71.42,90.75,77.28125
401584341,"November 29, 2023",Iowa Hawkeyes,2294,103,False,79.815,89.6,76.10900000000001
401575447,"December 07, 2023",Iowa State Cyclones,66,90,False,74.56,86.8,71.179
401575448,"December 10, 2023",Iowa State Cyclones,66,107,False,85.68,87.33333333333333,71.7425
401575449,"December 17, 2023",Iowa State Cyclones,66,96,False,70.49000000000001,90.14285714285714,73.73357142857142
401575450,"December 21, 2023",Iowa State Cyclones,66,80,False,66.21000000000001,90.875,73.328125
401574615,"December 31, 2023",Iowa State Cyclones,66,85,False,78.025,89.66666666666667,72.53722222222223
401603466,"February 10, 2024",Iowa State Cyclones,66,71,False,62.63,83.71428571428571,71.58535714285715
401603477,"February 17, 2024",Iowa State Cyclones,66,82,False,74.77,82.86666666666666,70.98833333333333
401603490,"February 24, 2024",Iowa State Cyclones,66,71,False,69.42,82.8125,71.2246875
401603501,"February 28, 2024",Iowa State Cyclones,66,58,False,63.165,82.11764705882354,71.11852941176471
401603407,"January 09, 2024",Iowa State Cyclones,66,57,False,62.42,89.2,73.086
401603413,"January 13, 2024",Iowa State Cyclones,66,66,False,63.885,86.27272727272727,72.11636363636364
401603438,"January 24, 2024",Iowa State Cyclones,66,78,False,73.86500000000001,84.58333333333333,71.43041666666667
401603443,"January 27, 2024",Iowa State Cyclones,66,79,False,71.165,84.07692307692308,71.61769230769231
401603514,"March 06, 2024",Iowa State Cyclones,66,68,False,70.63,80.77777777777777,70.67666666666668
401625442,"March 14, 2024",Iowa State Cyclones,66,76,True,67.58500000000001,80.10526315789474,70.67421052631579
401625445,"March 15, 2024",Iowa State Cyclones,66,76,True,68.955,79.9,70.51975
401575443,"November 06, 2023",Iowa State Cyclones,66,85,False,66.77,0.0,0.0
401575444,"November 09, 2023",Iowa State Cyclones,66,102,False,75.235,85.0,66.77
401575445,"November 12, 2023",Iowa State Cyclones,66,86,False,71.77000000000001,93.5,71.0025
401575446,"November 19, 2023",Iowa State Cyclones,66,92,False,66.745,91.0,71.25833333333334
401581570,"November 26, 2023",Iowa State Cyclones,66,69,True,75.375,91.25,70.13
401581733,"December 17, 2023",Jackson State Tigers,2296,68,True,70.095,0.0,0.0
401583826,"February 03, 2024",Jackson State Tigers,2296,62,True,61.7,72.75,71.31625
401583827,"February 05, 2024",Jackson State Tigers,2296,63,False,77.98,70.6,69.393
401583830,"February 17, 2024",Jackson State Tigers,2296,77,False,69.77,69.33333333333333,70.82416666666667
401574639,"February 19, 2024",Jackson State Tigers,2296,61,False,62.91,70.42857142857143,70.67357142857144
401583820,"January 06, 2024",Jackson State Tigers,2296,88,False,69.7,68.0,70.095
401583823,"January 20, 2024",Jackson State Tigers,2296,62,False,70.095,78.0,69.89750000000001
401583824,"January 22, 2024",Jackson State Tigers,2296,73,False,75.375,72.66666666666667,69.96333333333332
401583834,"March 07, 2024",Jackson State Tigers,2296,89,False,67.955,69.25,69.703125
401583835,"March 09, 2024",Jackson State Tigers,2296,68,False,63.305,71.44444444444444,69.50888888888889
401599989,"December 14, 2023",Jacksonville Dolphins,294,91,False,82.05,86.66666666666667,76.17333333333333
401581867,"December 18, 2023",Jacksonville Dolphins,294,75,False,73.655,87.75,77.6425
401599990,"December 30, 2023",Jacksonville Dolphins,294,79,False,67.63,85.2,76.845
401574431,"February 08, 2024",Jacksonville Dolphins,294,59,False,64.955,80.66666666666667,72.87888888888888
401587124,"February 10, 2024",Jacksonville Dolphins,294,67,False,65.375,78.5,72.0865
401599993,"February 23, 2024",Jacksonville Dolphins,294,62,False,72.095,77.45454545454545,71.47636363636364
401599994,"February 28, 2024",Jacksonville Dolphins,294,73,False,62.49,76.16666666666667,71.52791666666667
401574538,"January 18, 2024",Jacksonville Dolphins,294,79,False,82.005,84.16666666666667,75.30916666666667
401574514,"January 20, 2024",Jacksonville Dolphins,294,79,False,67.235,83.42857142857143,76.26571428571428
401574198,"January 31, 2024",Jacksonville Dolphins,294,63,False,54.815,82.875,75.136875
401593889,"March 01, 2024",Jacksonville Dolphins,294,57,False,61.025,75.92307692307692,70.8326923076923
401599986,"November 06, 2023",Jacksonville Dolphins,294,113,False,91.375,0.0,0.0
401594619,"November 14, 2023",Jacksonville Dolphins,294,85,False,72.445,113.0,91.375
401596809,"November 29, 2023",Jacksonville Dolphins,294,62,False,64.7,99.0,81.91
401597433,"December 03, 2023",Jacksonville State Gamecocks,55,59,False,62.095,80.0,70.08
401577711,"December 08, 2023",Jacksonville State Gamecocks,55,49,False,64.16499999999999,74.75,68.08375
401597436,"December 28, 2023",Jacksonville State Gamecocks,55,93,False,74.84,69.6,67.3
401597437,"December 31, 2023",Jacksonville State Gamecocks,55,107,False,77.77000000000001,73.5,68.55666666666667
401573617,"February 08, 2024",Jacksonville State Gamecocks,55,79,False,69.235,74.8,68.1
401573621,"February 10, 2024",Jacksonville State Gamecocks,55,59,False,74.77,75.18181818181819,68.20318181818182
401573631,"February 21, 2024",Jacksonville State Gamecocks,55,76,False,67.025,73.83333333333333,68.75041666666667
401573357,"February 29, 2024",Jacksonville State Gamecocks,55,65,False,70.095,74.0,68.61769230769231
401573584,"January 06, 2024",Jacksonville State Gamecocks,55,70,False,67.63,78.28571428571429,69.87285714285714
401573597,"January 20, 2024",Jacksonville State Gamecocks,55,57,False,63.165,77.25,69.5925
401573606,"January 27, 2024",Jacksonville State Gamecocks,55,73,False,61.095,75.0,68.87833333333333
401573641,"March 02, 2024",Jacksonville State Gamecocks,55,64,False,67.58500000000001,73.35714285714286,68.72321428571429
401625484,"March 12, 2024",Jacksonville State Gamecocks,55,67,True,66.63,72.73333333333333,68.64733333333334
401597429,"November 07, 2023",Jacksonville State Gamecocks,55,91,False,74.955,0.0,0.0
401591575,"November 11, 2023",Jacksonville State Gamecocks,55,79,False,76.12,91.0,74.955
401597432,"November 30, 2023",Jacksonville State Gamecocks,55,70,False,59.165,85.0,75.5375
401581840,"December 03, 2023",James Madison Dukes,256,130,False,92.49,88.0,72.58333333333333
401581843,"December 19, 2023",James Madison Dukes,256,87,False,79.305,98.5,77.56
401581667,"December 30, 2023",James Madison Dukes,256,82,False,67.49,96.2,77.909
401581635,"February 01, 2024",James Madison Dukes,256,105,False,76.56,86.3,73.311
401581674,"February 03, 2024",James Madison Dukes,256,78,False,71.77000000000001,88.0,73.60636363636364
401634066,"February 10, 2024",James Madison Dukes,256,73,False,63.025,87.16666666666667,73.45333333333333
401581662,"February 15, 2024",James Madison Dukes,256,83,False,68.58500000000001,86.07692307692308,72.65115384615385
401581651,"February 17, 2024",James Madison Dukes,256,87,False,70.86500000000001,85.85714285714286,72.36071428571428
401581670,"January 11, 2024",James Madison Dukes,256,89,False,72.955,93.83333333333333,76.1725
401581497,"January 13, 2024",James Madison Dukes,256,55,False,67.815,93.14285714285714,75.71285714285715
401581671,"January 18, 2024",James Madison Dukes,256,89,False,66.025,88.375,74.725625
401581672,"January 20, 2024",James Madison Dukes,256,67,False,69.28,88.44444444444444,73.75888888888889
401625598,"March 09, 2024",James Madison Dukes,256,81,True,71.885,85.93333333333334,72.261
401625600,"March 10, 2024",James Madison Dukes,256,73,True,67.84,85.625,72.2375
401625601,"March 11, 2024",James Madison Dukes,256,91,True,67.515,84.88235294117646,71.97882352941177
401581836,"November 12, 2023",James Madison Dukes,256,107,False,81.445,0.0,0.0
401581837,"November 17, 2023",James Madison Dukes,256,76,False,69.28,107.0,81.445
401581839,"November 29, 2023",James Madison Dukes,256,81,False,67.025,91.5,75.3625
401581807,"December 12, 2023",Kansas City Roos,140,80,False,65.63,78.0,71.388
401580021,"December 29, 2023",Kansas City Roos,140,77,False,68.885,78.33333333333333,70.42833333333333
401580064,"February 01, 2024",Kansas City Roos,140,85,False,72.98,79.18181818181819,71.36363636363636
401580071,"February 03, 2024",Kansas City Roos,140,56,False,64.42,79.66666666666667,71.49833333333333
401580082,"February 15, 2024",Kansas City Roos,140,72,False,69.375,77.84615384615384,70.95384615384616
401580095,"February 24, 2024",Kansas City Roos,140,63,False,61.91,77.42857142857143,70.84107142857142
401580039,"January 06, 2024",Kansas City Roos,140,83,False,72.025,78.14285714285714,70.20785714285715
401580043,"January 11, 2024",Kansas City Roos,140,91,False,84.05,78.75,70.435
401580045,"January 13, 2024",Kansas City Roos,140,69,False,67.235,80.11111111111111,71.94777777777777
401580062,"January 27, 2024",Kansas City Roos,140,81,False,70.235,79.0,71.4765
401625494,"March 09, 2024",Kansas City Roos,140,60,True,67.025,76.46666666666667,70.24566666666666
401581801,"November 06, 2023",Kansas City Roos,140,79,False,72.77000000000001,0.0,0.0
401581802,"November 11, 2023",Kansas City Roos,140,95,False,71.28,79.0,72.77000000000001
401603091,"November 25, 2023",Kansas City Roos,140,83,True,79.49,87.0,72.025
401603086,"November 26, 2023",Kansas City Roos,140,59,True,63.84,85.66666666666667,74.51333333333334
401581805,"November 30, 2023",Kansas City Roos,140,74,False,69.56,79.0,71.845
401574563,"December 01, 2023",Kansas Jayhawks,2305,69,False,62.025000000000006,85.4,74.095
401575455,"December 05, 2023",Kansas Jayhawks,2305,88,False,71.165,82.66666666666667,72.08333333333333
401575456,"December 09, 2023",Kansas Jayhawks,2305,73,False,69.955,83.42857142857143,71.95214285714286
401575458,"December 22, 2023",Kansas Jayhawks,2305,75,False,65.42,82.125,71.7025
401575459,"December 30, 2023",Kansas Jayhawks,2305,86,True,81.49,81.33333333333333,71.00444444444445
401603453,"February 03, 2024",Kansas Jayhawks,2305,78,False,65.025,81.14285714285714,71.68964285714286
401603467,"February 10, 2024",Kansas Jayhawks,2305,64,False,68.025,80.93333333333334,71.24533333333333
401603491,"February 24, 2024",Kansas Jayhawks,2305,86,False,70.35,79.875,71.0440625
401603499,"February 27, 2024",Kansas Jayhawks,2305,68,False,76.58500000000001,80.23529411764706,71.00323529411764
401603400,"January 06, 2024",Kansas Jayhawks,2305,83,False,71.56,81.8,72.053
401603414,"January 13, 2024",Kansas Jayhawks,2305,78,False,69.095,81.9090909090909,72.00818181818182
401603433,"January 22, 2024",Kansas Jayhawks,2305,74,False,73.305,81.58333333333333,71.76541666666667
401603447,"January 30, 2024",Kansas Jayhawks,2305,83,False,69.165,81.0,71.88384615384615
401603512,"March 05, 2024",Kansas Jayhawks,2305,90,False,76.58500000000001,79.55555555555556,71.31333333333333
401625439,"March 13, 2024",Kansas Jayhawks,2305,52,True,71.35,80.10526315789474,71.59078947368421
401575451,"November 06, 2023",Kansas Jayhawks,2305,99,False,66.63,0.0,0.0
401575452,"November 10, 2023",Kansas Jayhawks,2305,99,False,79.885,99.0,66.63
401575453,"November 14, 2023",Kansas Jayhawks,2305,89,True,85.05,99.0,73.2575
401581599,"November 22, 2023",Kansas Jayhawks,2305,69,True,72.28,95.66666666666667,77.18833333333333
401575454,"November 28, 2023",Kansas Jayhawks,2305,71,False,66.63,89.0,75.96125
401587115,"December 02, 2023",Kansas State Wildcats,2306,75,False,78.68,87.0,74.402
401574568,"December 05, 2023",Kansas State Wildcats,2306,72,False,73.095,85.0,75.115
401574838,"December 17, 2023",Kansas State Wildcats,2306,46,False,68.14,83.14285714285714,74.82642857142856
401577590,"December 21, 2023",Kansas State Wildcats,2306,69,True,69.515,78.5,73.990625
401603459,"February 05, 2024",Kansas State Wildcats,2306,75,False,78.91,73.35714285714286,71.55392857142857
401603478,"February 17, 2024",Kansas State Wildcats,2306,72,False,72.05,73.46666666666667,72.04433333333333
401603492,"February 24, 2024",Kansas State Wildcats,2306,84,False,71.58500000000001,73.375,72.0446875
401603496,"February 26, 2024",Kansas State Wildcats,2306,94,False,78.91,74.0,72.01764705882353
401598975,"January 02, 2024",Kansas State Wildcats,2306,62,False,59.305,77.44444444444444,73.49333333333334
401603401,"January 06, 2024",Kansas State Wildcats,2306,77,False,64.675,75.9,72.0745
401603421,"January 16, 2024",Kansas State Wildcats,2306,68,False,73.77,76.0,71.40181818181819
401603428,"January 20, 2024",Kansas State Wildcats,2306,70,False,70.7,75.33333333333333,71.59916666666668
401603448,"January 30, 2024",Kansas State Wildcats,2306,53,False,71.86500000000001,74.92307692307692,71.53
401603520,"March 09, 2024",Kansas State Wildcats,2306,65,False,66.025,75.11111111111111,72.40055555555556
401598958,"November 10, 2023",Kansas State Wildcats,2306,83,False,72.28,0.0,0.0
401590207,"November 13, 2023",Kansas State Wildcats,2306,91,False,74.025,83.0,72.28
401581158,"November 17, 2023",Kansas State Wildcats,2306,73,True,80.445,87.0,73.1525
401574412,"November 22, 2023",Kansas State Wildcats,2306,100,False,71.955,82.33333333333333,75.58333333333333
401594603,"November 28, 2023",Kansas State Wildcats,2306,88,False,73.305,86.75,74.67625
401593914,"December 02, 2023",Kennesaw State Owls,338,88,False,73.58500000000001,91.0,81.955
401593915,"December 05, 2023",Kennesaw State Owls,338,79,False,77.63,90.25,79.8625
401593918,"December 19, 2023",Kennesaw State Owls,338,91,False,78.305,88.0,79.416
401574516,"February 01, 2024",Kennesaw State Owls,338,95,False,77.84,86.1,79.19550000000001
401574444,"February 03, 2024",Kennesaw State Owls,338,76,False,66.49,86.9090909090909,79.07227272727273
401574518,"February 14, 2024",Kennesaw State Owls,338,66,False,72.375,86.0,78.02374999999999
401574519,"February 16, 2024",Kennesaw State Owls,338,81,False,75.77,84.46153846153847,77.58923076923077
401574510,"January 06, 2024",Kennesaw State Owls,338,80,False,79.095,88.5,79.23083333333334
401574511,"January 10, 2024",Kennesaw State Owls,338,88,False,79.77,87.28571428571429,79.21142857142857
401574512,"January 12, 2024",Kennesaw State Owls,338,78,False,74.84,87.375,79.28125
401574515,"January 24, 2024",Kennesaw State Owls,338,84,False,82.86500000000001,86.33333333333333,78.78777777777778
401625651,"March 04, 2024",Kennesaw State Owls,338,86,False,74.56,84.21428571428571,77.45928571428571
401593909,"November 07, 2023",Kennesaw State Owls,338,93,False,83.28,0.0,0.0
401593910,"November 15, 2023",Kennesaw State Owls,338,101,False,84.49,93.0,83.28
401593912,"November 20, 2023",Kennesaw State Owls,338,79,True,78.095,97.0,83.88499999999999
401594175,"December 09, 2023",Kent State Golden Flashes,2309,83,False,71.445,89.42857142857143,76.04928571428572
401588675,"February 06, 2024",Kent State Golden Flashes,2309,63,False,63.7,82.15384615384616,73.26192307692307
401588685,"February 17, 2024",Kent State Golden Flashes,2309,85,False,63.49,80.78571428571429,72.57892857142858
401588702,"February 27, 2024",Kent State Golden Flashes,2309,76,False,69.745,81.06666666666666,71.973
401588618,"January 02, 2024",Kent State Golden Flashes,2309,82,False,69.56,88.625,75.47375
401588628,"January 09, 2024",Kent State Golden Flashes,2309,75,False,71.955,87.88888888888889,74.81666666666666
401588644,"January 19, 2024",Kent State Golden Flashes,2309,71,False,65.095,86.6,74.5305
401588660,"January 26, 2024",Kent State Golden Flashes,2309,64,False,67.955,85.18181818181819,73.67272727272727
401588662,"January 30, 2024",Kent State Golden Flashes,2309,67,False,74.05,83.41666666666667,73.19625
401588705,"March 02, 2024",Kent State Golden Flashes,2309,79,False,66.84,80.75,71.83375
401597920,"November 06, 2023",Kent State Golden Flashes,2309,79,False,67.84,0.0,0.0
401574579,"November 09, 2023",Kent State Golden Flashes,2309,108,False,102.26,79.0,67.84
401597921,"November 11, 2023",Kent State Golden Flashes,2309,79,False,67.955,93.5,85.05000000000001
401582122,"November 17, 2023",Kent State Golden Flashes,2309,100,True,68.7,88.66666666666667,79.35166666666667
401582128,"November 20, 2023",Kent State Golden Flashes,2309,79,True,78.725,91.5,76.68875
401577649,"November 26, 2023",Kent State Golden Flashes,2309,78,False,71.7,89.0,77.096
401597922,"November 30, 2023",Kent State Golden Flashes,2309,103,False,75.165,87.16666666666667,76.19666666666667
401588945,"December 02, 2023",Kentucky Wildcats,96,73,False,77.375,96.16666666666667,74.32000000000001
401588946,"December 09, 2023",Kentucky Wildcats,96,81,True,71.35,92.85714285714286,74.75642857142857
401581147,"December 16, 2023",Kentucky Wildcats,96,87,True,82.445,91.375,74.330625
401580112,"December 29, 2023",Kentucky Wildcats,96,96,False,71.095,90.88888888888889,75.23222222222222
401597163,"February 03, 2024",Kentucky Wildcats,96,92,False,74.165,92.14285714285714,76.13535714285715
401588942,"February 10, 2024",Kentucky Wildcats,96,85,False,72.84,92.13333333333334,76.00399999999999
401597182,"February 13, 2024",Kentucky Wildcats,96,75,False,73.095,91.6875,75.80625
401597202,"February 24, 2024",Kentucky Wildcats,96,117,False,81.445,90.70588235294117,75.64676470588235
401597118,"January 09, 2024",Kentucky Wildcats,96,90,False,77.77,91.4,74.8185
401597136,"January 17, 2024",Kentucky Wildcats,96,90,False,71.445,91.27272727272727,75.08681818181817
401597142,"January 20, 2024",Kentucky Wildcats,96,105,False,86.725,91.16666666666667,74.78333333333333
401597160,"January 31, 2024",Kentucky Wildcats,96,91,False,81.77,92.23076923076923,75.70192307692308
401597214,"March 02, 2024",Kentucky Wildcats,96,111,False,86.98,92.16666666666667,75.9688888888889
401597224,"March 06, 2024",Kentucky Wildcats,96,93,False,76.955,93.15789473684211,76.54842105263158
401625455,"March 15, 2024",Kentucky Wildcats,96,87,True,76.77,93.15,76.56875
401588940,"November 06, 2023",Kentucky Wildcats,96,86,False,70.165,0.0,0.0
401588943,"November 10, 2023",Kentucky Wildcats,96,81,False,66.35,86.0,70.165
401588944,"November 17, 2023",Kentucky Wildcats,96,101,False,74.42,83.5,68.2575
401577544,"November 20, 2023",Kentucky Wildcats,96,96,False,81.445,89.33333333333333,70.31166666666667
401581847,"November 24, 2023",Kentucky Wildcats,96,118,False,80.305,91.0,73.095
401574549,"November 28, 2023",Kentucky Wildcats,96,95,False,73.235,96.4,74.537
401584430,"December 01, 2023",LSU Tigers,99,73,False,68.515,76.0,70.05799999999999
401584431,"December 09, 2023",LSU Tigers,99,60,False,70.025,75.5,69.80083333333333
401584432,"December 13, 2023",LSU Tigers,99,74,False,67.28,73.28571428571429,69.83285714285714
401581792,"December 21, 2023",LSU Tigers,99,87,False,76.49,73.375,69.51375
401584433,"December 29, 2023",LSU Tigers,99,96,False,75.7,74.88888888888889,70.28888888888889
401597164,"February 03, 2024",LSU Tigers,99,95,False,75.655,77.3076923076923,71.66038461538461
401597178,"February 10, 2024",LSU Tigers,99,92,False,79.095,78.57142857142857,71.94571428571429
401597198,"February 21, 2024",LSU Tigers,99,75,False,71.375,79.46666666666667,72.42233333333334
401597205,"February 24, 2024",LSU Tigers,99,67,False,72.77,79.1875,72.356875
401597208,"February 27, 2024",LSU Tigers,99,67,False,66.63,78.47058823529412,72.38117647058823
401597117,"January 09, 2024",LSU Tigers,99,77,False,75.42,77.0,70.83
401597134,"January 17, 2024",LSU Tigers,99,89,False,80.515,77.0,71.24727272727273
401597139,"January 20, 2024",LSU Tigers,99,69,False,67.35,78.0,72.01958333333333
401597230,"March 09, 2024",LSU Tigers,99,84,False,74.56,77.83333333333333,72.06166666666667
401625449,"March 14, 2024",LSU Tigers,99,60,True,73.445,78.15789473684211,72.19315789473684
401584408,"November 06, 2023",LSU Tigers,99,106,False,77.19,0.0,0.0
401584429,"November 10, 2023",LSU Tigers,99,66,False,70.91,106.0,77.19
401581342,"November 16, 2023",LSU Tigers,99,67,True,66.42,86.0,74.05
401581546,"November 17, 2023",LSU Tigers,99,66,True,64.42,79.66666666666667,71.50666666666666
401584340,"November 24, 2023",LSU Tigers,99,75,False,71.35,76.25,69.735
401604302,"December 02, 2023",La Salle Explorers,2325,93,True,74.49,75.0,65.76
401593773,"December 06, 2023",La Salle Explorers,2325,62,False,67.21,78.0,67.215
401593775,"December 21, 2023",La Salle Explorers,2325,107,False,70.21000000000001,75.71428571428571,67.21428571428571
401593776,"December 30, 2023",La Salle Explorers,2325,66,False,69.095,79.625,67.58875
401596878,"February 03, 2024",La Salle Explorers,2325,82,False,73.095,73.66666666666667,67.58875
401596884,"February 07, 2024",La Salle Explorers,2325,84,False,77.515,74.3076923076923,68.01230769230769
401596905,"February 17, 2024",La Salle Explorers,2325,82,False,70.77,75.0,68.69107142857142
401596912,"February 21, 2024",La Salle Explorers,2325,72,False,63.56,75.46666666666667,68.82966666666667
401596920,"February 25, 2024",La Salle Explorers,2325,84,False,71.815,75.25,68.5003125
401596819,"January 03, 2024",La Salle Explorers,2325,62,False,67.815,78.11111111111111,67.75611111111112
401596834,"January 13, 2024",La Salle Explorers,2325,65,False,70.165,76.5,67.762
401596857,"January 23, 2024",La Salle Explorers,2325,54,False,63.28,75.45454545454545,67.98045454545455
401596935,"March 02, 2024",La Salle Explorers,2325,72,False,60.49,75.76470588235294,68.69529411764705
401625543,"March 12, 2024",La Salle Explorers,2325,61,True,64.28,75.55555555555556,68.23944444444444
401593769,"November 07, 2023",La Salle Explorers,2325,67,False,67.56,0.0,0.0
401593770,"November 11, 2023",La Salle Explorers,2325,79,False,62.42,67.0,67.56
401581527,"November 14, 2023",La Salle Explorers,2325,69,False,66.91,73.0,64.99000000000001
401593771,"November 18, 2023",La Salle Explorers,2325,79,False,69.21000000000001,71.66666666666667,65.63
401589737,"November 26, 2023",La Salle Explorers,2325,81,False,62.7,73.5,66.525
401598577,"December 02, 2023",Lafayette Leopards,322,71,False,74.815,56.666666666666664,68.73833333333333
401593774,"December 09, 2023",Lafayette Leopards,322,51,False,68.815,60.25,70.2575
401577690,"December 21, 2023",Lafayette Leopards,322,60,False,72.42,58.4,69.96900000000001
401600090,"February 07, 2024",Lafayette Leopards,322,75,False,62.235,61.0,67.62318181818182
401594519,"February 14, 2024",Lafayette Leopards,322,64,False,68.795,62.166666666666664,67.17416666666666
401602712,"February 19, 2024",Lafayette Leopards,322,62,False,65.91,62.30769230769231,67.29884615384616
401602999,"February 24, 2024",Lafayette Leopards,322,63,False,70.095,62.285714285714285,67.19964285714285
401604269,"January 03, 2024",Lafayette Leopards,322,52,False,56.955,58.666666666666664,70.3775
401598592,"January 13, 2024",Lafayette Leopards,322,78,False,67.49,57.714285714285715,68.46000000000001
401594490,"January 20, 2024",Lafayette Leopards,322,75,False,70.56,60.25,68.33875
401597970,"January 27, 2024",Lafayette Leopards,322,48,False,64.49000000000001,61.888888888888886,68.58555555555556
401597390,"January 31, 2024",Lafayette Leopards,322,66,False,62.095,60.5,68.176
401625705,"March 07, 2024",Lafayette Leopards,322,61,False,69.815,62.333333333333336,67.39266666666667
401602709,"November 19, 2023",Lafayette Leopards,322,69,False,69.095,0.0,0.0
401581531,"November 25, 2023",Lafayette Leopards,322,53,True,73.095,69.0,69.095
401600768,"November 29, 2023",Lafayette Leopards,322,48,False,64.025,61.0,71.095
401584390,"November 18, 2023",Lake Erie Storm,nd-lake-erie-storm,69,True,77.885,0.0,0.0
401581790,"December 14, 2023",Lamar Cardinals,2320,97,False,71.305,95.66666666666667,82.98
401581791,"December 18, 2023",Lamar Cardinals,2320,79,False,77.77,96.0,80.06125
401581793,"December 30, 2023",Lamar Cardinals,2320,91,False,74.58500000000001,92.6,79.603
401579061,"February 10, 2024",Lamar Cardinals,2320,75,False,66.815,87.9090909090909,75.88681818181819
401581798,"February 24, 2024",Lamar Cardinals,2320,61,False,69.7,86.83333333333333,75.13083333333334
401579026,"February 26, 2024",Lamar Cardinals,2320,56,False,64.815,84.84615384615384,74.71307692307693
401579067,"January 06, 2024",Lamar Cardinals,2320,90,False,75.98,92.33333333333333,78.76666666666667
401581794,"January 08, 2024",Lamar Cardinals,2320,75,False,69.84,92.0,78.36857142857143
401579086,"January 22, 2024",Lamar Cardinals,2320,76,False,72.725,89.875,77.30250000000001
401579079,"January 27, 2024",Lamar Cardinals,2320,74,False,65.025,88.33333333333333,76.79388888888889
401581795,"January 29, 2024",Lamar Cardinals,2320,98,False,78.58500000000001,86.9,75.617
401578981,"March 06, 2024",Lamar Cardinals,2320,78,False,67.49,82.78571428571429,74.00607142857143
401625638,"March 11, 2024",Lamar Cardinals,2320,71,True,59.7,82.46666666666667,73.57166666666667
401581782,"November 06, 2023",Lamar Cardinals,2320,114,False,89.725,0.0,0.0
401581784,"November 14, 2023",Lamar Cardinals,2320,90,False,79.91,114.0,89.725
401581785,"November 24, 2023",Lamar Cardinals,2320,83,True,79.305,102.0,84.8175
401600289,"December 16, 2023",Le Moyne Dolphins,2330,80,False,68.42,98.5,77.01249999999999
401602694,"December 18, 2023",Le Moyne Dolphins,2330,92,False,77.885,92.33333333333333,74.14833333333333
401589507,"February 15, 2024",Le Moyne Dolphins,2330,69,False,67.63,85.625,71.289375
401589460,"February 17, 2024",Le Moyne Dolphins,2330,75,False,74.745,83.77777777777777,70.88277777777778
401589508,"February 24, 2024",Le Moyne Dolphins,2330,58,False,71.77,82.9,71.269
401589480,"February 29, 2024",Le Moyne Dolphins,2330,70,False,67.42,80.63636363636364,71.31454545454545
401589504,"January 13, 2024",Le Moyne Dolphins,2330,62,False,65.955,92.25,75.0825
401589484,"January 15, 2024",Le Moyne Dolphins,2330,73,False,69.84,86.2,73.25699999999999
401589391,"January 21, 2024",Le Moyne Dolphins,2330,94,False,65.56,84.0,72.6875
401589496,"January 27, 2024",Le Moyne Dolphins,2330,87,False,68.63,85.42857142857143,71.66928571428572
401625628,"March 06, 2024",Le Moyne Dolphins,2330,82,False,72.63,79.75,70.99
401602691,"November 13, 2023",Le Moyne Dolphins,2330,105,False,77.21,0.0,0.0
401602693,"November 29, 2023",Le Moyne Dolphins,2330,92,False,76.815,105.0,77.21
401600818,"December 09, 2023",Lehigh Mountain Hawks,2329,88,False,74.0,76.33333333333333,77.41333333333334
401602996,"February 07, 2024",Lehigh Mountain Hawks,2329,57,False,64.63,76.25,74.4525
401602997,"February 10, 2024",Lehigh Mountain Hawks,2329,94,False,82.49,74.11111111111111,73.36111111111111
401594520,"February 17, 2024",Lehigh Mountain Hawks,2329,75,False,68.025,76.1,74.274
401597976,"February 28, 2024",Lehigh Mountain Hawks,2329,62,False,73.7,76.0,73.70590909090909
401594487,"January 10, 2024",Lehigh Mountain Hawks,2329,80,False,77.375,79.25,76.56
401600088,"January 13, 2024",Lehigh Mountain Hawks,2329,66,False,74.7,79.4,76.723
401597387,"January 20, 2024",Lehigh Mountain Hawks,2329,70,False,69.815,77.16666666666667,76.38583333333334
401598595,"January 31, 2024",Lehigh Mountain Hawks,2329,77,False,67.49,76.14285714285714,75.44714285714285
401598643,"March 02, 2024",Lehigh Mountain Hawks,2329,60,False,68.025,74.83333333333333,73.70541666666666
401598574,"November 06, 2023",Lehigh Mountain Hawks,2329,78,False,81.58500000000001,0.0,0.0
401600817,"November 16, 2023",Lehigh Mountain Hawks,2329,90,False,79.42,78.0,81.58500000000001
401589381,"November 29, 2023",Lehigh Mountain Hawks,2329,61,False,71.235,84.0,80.5025
401577650,"December 01, 2023",Liberty Flames,2335,67,True,69.63,88.8,69.337
401584373,"December 05, 2023",Liberty Flames,2335,74,False,58.025000000000006,85.16666666666667,69.38583333333334
401584374,"December 09, 2023",Liberty Flames,2335,64,False,65.56,83.57142857142857,67.76285714285714
401584375,"December 13, 2023",Liberty Flames,2335,74,False,65.56,81.125,67.4875
401584376,"December 16, 2023",Liberty Flames,2335,99,False,68.745,80.33333333333333,67.27333333333334
401573618,"February 08, 2024",Liberty Flames,2335,88,False,68.955,80.07142857142857,66.44857142857143
401573620,"February 10, 2024",Liberty Flames,2335,65,False,67.745,80.6,66.61566666666667
401573358,"February 29, 2024",Liberty Flames,2335,83,False,60.06999999999999,79.625,66.68625
401584379,"January 01, 2024",Liberty Flames,2335,88,False,66.815,82.2,67.4205
401573586,"January 10, 2024",Liberty Flames,2335,51,False,61.025,82.72727272727273,67.36545454545454
401573593,"January 18, 2024",Liberty Flames,2335,78,False,63.14,80.08333333333333,66.83708333333333
401573596,"January 20, 2024",Liberty Flames,2335,82,False,65.095,79.92307692307692,66.55269230769231
401573640,"March 02, 2024",Liberty Flames,2335,51,False,58.815,79.82352941176471,66.29705882352941
401573649,"March 09, 2024",Liberty Flames,2335,82,False,75.095,78.22222222222223,65.88138888888889
401625487,"March 14, 2024",Liberty Flames,2335,57,True,64.77000000000001,78.42105263157895,66.36631578947369
401584370,"November 06, 2023",Liberty Flames,2335,103,False,70.63,0.0,0.0
401581145,"November 16, 2023",Liberty Flames,2335,88,True,73.58500000000001,103.0,70.63
401582111,"November 17, 2023",Liberty Flames,2335,83,True,74.235,95.5,72.1075
401582114,"November 19, 2023",Liberty Flames,2335,71,True,65.42,91.33333333333333,72.81666666666666
401584371,"November 25, 2023",Liberty Flames,2335,99,False,62.815,86.25,70.9675
401581806,"December 09, 2023",Lindenwood Lions,2815,67,False,66.375,74.5,69.66499999999999
401587246,"December 12, 2023",Lindenwood Lions,2815,81,False,68.28,72.0,68.56833333333333
401587248,"December 22, 2023",Lindenwood Lions,2815,81,False,71.7,74.25,68.49625
401587253,"December 31, 2023",Lindenwood Lions,2815,62,False,69.91,75.6,69.137
401587295,"February 01, 2024",Lindenwood Lions,2815,71,False,65.49,69.44444444444444,68.03833333333334
401587306,"February 08, 2024",Lindenwood Lions,2815,55,False,67.26,69.6,67.7835
401587311,"February 10, 2024",Lindenwood Lions,2815,53,False,73.095,68.27272727272727,67.73590909090909
401587328,"February 22, 2024",Lindenwood Lions,2815,82,False,78.955,67.0,68.1825
401587333,"February 24, 2024",Lindenwood Lions,2815,73,False,70.56,68.15384615384616,69.01115384615385
401587276,"January 18, 2024",Lindenwood Lions,2815,59,False,64.955,73.33333333333333,69.26583333333333
401587280,"January 20, 2024",Lindenwood Lions,2815,68,False,65.025,71.28571428571429,68.65
401587293,"January 30, 2024",Lindenwood Lions,2815,58,False,66.77,70.875,68.196875
401587241,"November 13, 2023",Lindenwood Lions,2815,83,False,66.35,0.0,0.0
401587244,"November 27, 2023",Lindenwood Lions,2815,66,False,72.98,83.0,66.35
401593937,"December 10, 2023",Lipscomb Bisons,288,78,False,72.58500000000001,90.5,75.66499999999999
401593939,"December 20, 2023",Lipscomb Bisons,288,101,False,83.815,88.0,75.049
401593941,"February 03, 2024",Lipscomb Bisons,288,84,False,68.77000000000001,89.55555555555556,74.46722222222223
401574541,"February 08, 2024",Lipscomb Bisons,288,90,False,70.745,89.0,73.89750000000001
401574517,"February 10, 2024",Lipscomb Bisons,288,101,False,76.445,89.0909090909091,73.61090909090909
401593942,"February 28, 2024",Lipscomb Bisons,288,90,False,74.235,90.08333333333333,73.84708333333333
401574193,"January 13, 2024",Lipscomb Bisons,288,91,False,71.025,90.16666666666667,76.51
401574426,"January 18, 2024",Lipscomb Bisons,288,86,False,72.305,90.28571428571429,75.72642857142857
401587121,"January 20, 2024",Lipscomb Bisons,288,88,False,67.815,89.75,75.29875
401574509,"March 01, 2024",Lipscomb Bisons,288,81,False,73.63,90.07692307692308,73.87692307692308
401625652,"March 05, 2024",Lipscomb Bisons,288,75,False,69.42,89.42857142857143,73.85928571428572
401593930,"November 11, 2023",Lipscomb Bisons,288,113,False,81.235,0.0,0.0
401593932,"November 18, 2023",Lipscomb Bisons,288,106,False,80.445,113.0,81.235
401608090,"November 25, 2023",Lipscomb Bisons,288,61,True,69.885,109.5,80.84
401593936,"November 29, 2023",Lipscomb Bisons,288,82,False,71.095,93.33333333333333,77.18833333333333
401594613,"December 01, 2023",Little Rock Trojans,2031,77,False,72.375,85.6,78.091
401600059,"December 10, 2023",Little Rock Trojans,2031,68,False,70.77000000000001,84.16666666666667,77.13833333333334
401592098,"December 13, 2023",Little Rock Trojans,2031,93,False,75.98,81.85714285714286,76.22857142857143
401594435,"December 18, 2023",Little Rock Trojans,2031,80,False,71.63,83.25,76.1975
401597435,"December 21, 2023",Little Rock Trojans,2031,60,False,75.91,82.88888888888889,75.69
401587304,"February 06, 2024",Little Rock Trojans,2031,77,False,66.56,80.57142857142857,74.29321428571428
401587318,"February 15, 2024",Little Rock Trojans,2031,69,False,64.14,80.33333333333333,73.77766666666666
401587322,"February 17, 2024",Little Rock Trojans,2031,80,False,67.235,79.625,73.1753125
401587340,"February 29, 2024",Little Rock Trojans,2031,85,False,72.16499999999999,79.6470588235294,72.82588235294118
401587259,"January 04, 2024",Little Rock Trojans,2031,88,False,74.955,80.6,75.712
401587263,"January 06, 2024",Little Rock Trojans,2031,88,False,71.63,81.27272727272727,75.64318181818182
401587285,"January 25, 2024",Little Rock Trojans,2031,80,False,67.77000000000001,81.83333333333333,75.30875
401587290,"January 27, 2024",Little Rock Trojans,2031,66,False,68.63,81.6923076923077,74.72884615384615
401587344,"March 02, 2024",Little Rock Trojans,2031,81,False,65.35,79.94444444444444,72.78916666666666
401625577,"March 08, 2024",Little Rock Trojans,2031,82,True,67.42,80.0,72.39763157894737
401625579,"March 09, 2024",Little Rock Trojans,2031,55,True,61.675,80.1,72.14874999999999
401598008,"November 06, 2023",Little Rock Trojans,2031,71,False,74.77,0.0,0.0
401600082,"November 18, 2023",Little Rock Trojans,2031,93,True,80.84,71.0,74.77
401600083,"November 22, 2023",Little Rock Trojans,2031,90,False,86.19,82.0,77.805
401600084,"November 25, 2023",Little Rock Trojans,2031,84,False,82.91,84.66666666666667,80.60000000000001
401588599,"November 28, 2023",Little Rock Trojans,2031,90,False,65.745,84.5,81.1775
401594053,"December 02, 2023",Long Beach State Beach,299,83,False,73.165,67.0,70.8625
401600068,"December 06, 2023",Long Beach State Beach,299,88,False,91.375,72.33333333333333,71.63
401600070,"December 19, 2023",Long Beach State Beach,299,107,False,89.33,76.25,76.56625
401573480,"December 30, 2023",Long Beach State Beach,299,68,False,81.375,82.4,79.119
401573528,"February 03, 2024",Long Beach State Beach,299,85,False,64.56,78.11111111111111,77.40833333333333
401573540,"February 10, 2024",Long Beach State Beach,299,77,False,75.98,78.8,76.1235
401573554,"February 22, 2024",Long Beach State Beach,299,79,False,70.7,78.63636363636364,76.11045454545454
401573564,"February 29, 2024",Long Beach State Beach,299,71,False,71.63,78.66666666666667,75.65958333333333
401573488,"January 06, 2024",Long Beach State Beach,299,83,False,78.84,80.0,79.495
401573504,"January 18, 2024",Long Beach State Beach,299,79,False,63.025,80.42857142857143,79.40142857142857
401573513,"January 25, 2024",Long Beach State Beach,299,61,False,77.84,80.25,77.354375
401573575,"March 07, 2024",Long Beach State Beach,299,74,False,71.56,78.07692307692308,75.34961538461539
401573580,"March 09, 2024",Long Beach State Beach,299,78,False,73.445,77.78571428571429,75.07892857142858
401625534,"March 14, 2024",Long Beach State Beach,299,86,True,69.235,77.8,74.97
401580107,"November 20, 2023",Long Beach State Beach,299,52,True,73.445,0.0,0.0
401581583,"November 22, 2023",Long Beach State Beach,299,82,True,68.28,52.0,73.445
401576642,"December 28, 2023",Long Island University Sharks,112358,69,True,82.84,33.5,71.305
401589395,"February 03, 2024",Long Island University Sharks,112358,70,False,72.12,55.166666666666664,69.314
401589498,"February 08, 2024",Long Island University Sharks,112358,79,False,88.19,57.285714285714285,69.78166666666668
401589488,"February 10, 2024",Long Island University Sharks,112358,75,False,71.235,60.0,72.41142857142857
401589499,"February 15, 2024",Long Island University Sharks,112358,82,False,82.165,61.666666666666664,72.264375
401589501,"February 22, 2024",Long Island University Sharks,112358,76,False,71.025,63.7,73.36444444444444
401589470,"January 04, 2024",Long Island University Sharks,112358,69,False,67.56,45.333333333333336,77.0725
401589495,"January 21, 2024",Long Island University Sharks,112358,63,False,63.375,51.25,73.90166666666667
401589455,"January 25, 2024",Long Island University Sharks,112358,63,False,61.49,53.6,71.27000000000001
401576633,"November 08, 2023",Long Island University Sharks,112358,0,False,,0.0,0.0
401576634,"November 10, 2023",Long Island University Sharks,112358,67,False,71.305,0.0,0.0
401597910,"December 11, 2023",Longwood Lancers,2344,92,False,65.91,83.16666666666667,74.67666666666666
401575399,"December 17, 2023",Longwood Lancers,2344,68,False,74.955,84.42857142857143,73.42428571428572
401601256,"February 07, 2024",Longwood Lancers,2344,64,False,73.445,78.16666666666667,71.55666666666667
401601258,"February 10, 2024",Longwood Lancers,2344,84,False,70.98,77.07692307692308,71.70192307692308
401601271,"February 21, 2024",Longwood Lancers,2344,80,False,68.63,77.57142857142857,71.65035714285715
401601217,"January 06, 2024",Longwood Lancers,2344,77,False,67.165,82.375,73.615625
401601223,"January 11, 2024",Longwood Lancers,2344,58,False,64.28,81.77777777777777,72.89888888888889
401601235,"January 20, 2024",Longwood Lancers,2344,80,False,66.935,79.4,72.037
401601238,"January 24, 2024",Longwood Lancers,2344,64,False,71.375,79.45454545454545,71.57318181818182
401601283,"March 02, 2024",Longwood Lancers,2344,74,False,72.84,77.73333333333333,71.449
401597903,"November 11, 2023",Longwood Lancers,2344,95,False,66.28,0.0,0.0
401597905,"November 18, 2023",Longwood Lancers,2344,73,False,63.025,95.0,66.28
401597906,"November 24, 2023",Longwood Lancers,2344,84,False,93.235,84.0,64.6525
401581786,"November 25, 2023",Longwood Lancers,2344,83,False,73.375,84.0,74.17999999999999
401574620,"November 26, 2023",Longwood Lancers,2344,69,False,71.84,83.75,73.97874999999999
401597907,"November 30, 2023",Longwood Lancers,2344,95,False,80.305,80.8,73.551
401600454,"December 13, 2023",Louisiana Ragin' Cajuns,309,73,False,73.235,82.0,70.951
401581682,"February 03, 2024",Louisiana Ragin' Cajuns,309,80,False,69.815,71.33333333333333,71.57954545454545
401581661,"February 07, 2024",Louisiana Ragin' Cajuns,309,69,False,71.375,72.0,71.4325
401634059,"February 11, 2024",Louisiana Ragin' Cajuns,309,86,False,66.49000000000001,71.78571428571429,71.42807692307693
401581686,"February 28, 2024",Louisiana Ragin' Cajuns,309,73,False,78.725,72.73333333333333,71.07535714285714
401581668,"January 04, 2024",Louisiana Ragin' Cajuns,309,61,False,73.63,80.5,71.33166666666666
401581630,"January 06, 2024",Louisiana Ragin' Cajuns,309,85,False,76.305,77.71428571428571,71.66
401581618,"January 25, 2024",Louisiana Ragin' Cajuns,309,0,False,,78.625,72.240625
401636059,"January 26, 2024",Louisiana Ragin' Cajuns,309,81,False,74.19,69.88888888888889,72.240625
401581680,"January 28, 2024",Louisiana Ragin' Cajuns,309,66,False,67.815,71.0,72.45722222222223
401581681,"January 31, 2024",Louisiana Ragin' Cajuns,309,80,False,67.445,70.54545454545455,71.99300000000001
401581687,"March 01, 2024",Louisiana Ragin' Cajuns,309,77,False,74.025,72.75,71.58533333333334
401625592,"March 07, 2024",Louisiana Ragin' Cajuns,309,80,True,69.49,73.0,71.7378125
401583776,"November 06, 2023",Louisiana Ragin' Cajuns,309,72,False,73.63,0.0,0.0
401600452,"November 15, 2023",Louisiana Ragin' Cajuns,309,107,False,77.305,72.0,73.63
401581574,"November 20, 2023",Louisiana Ragin' Cajuns,309,85,True,75.98,89.5,75.4675
401581582,"November 21, 2023",Louisiana Ragin' Cajuns,309,68,True,63.095,88.0,75.63833333333334
401600453,"November 27, 2023",Louisiana Ragin' Cajuns,309,78,False,64.745,83.0,72.5025
401584439,"December 02, 2023",Louisiana Tech Bulldogs,2348,68,False,66.235,85.75,70.735
401600076,"December 09, 2023",Louisiana Tech Bulldogs,2348,72,False,71.795,82.2,69.83500000000001
401597379,"December 12, 2023",Louisiana Tech Bulldogs,2348,89,False,74.63,80.5,70.16166666666668
401573616,"February 07, 2024",Louisiana Tech Bulldogs,2348,76,False,72.98,80.81818181818181,70.27090909090909
401573625,"February 15, 2024",Louisiana Tech Bulldogs,2348,63,False,64.235,80.41666666666667,70.49666666666667
401573630,"February 17, 2024",Louisiana Tech Bulldogs,2348,75,False,67.515,79.07692307692308,70.015
401600078,"January 03, 2024",Louisiana Tech Bulldogs,2348,96,False,70.885,81.71428571428571,70.8
401573591,"January 14, 2024",Louisiana Tech Bulldogs,2348,80,False,70.165,83.5,70.810625
401573601,"January 25, 2024",Louisiana Tech Bulldogs,2348,68,False,70.77,83.11111111111111,70.73888888888888
401573605,"January 27, 2024",Louisiana Tech Bulldogs,2348,73,False,65.56,81.6,70.74199999999999
401573644,"March 07, 2024",Louisiana Tech Bulldogs,2348,66,False,71.305,78.78571428571429,69.83642857142857
401573650,"March 09, 2024",Louisiana Tech Bulldogs,2348,84,False,68.515,77.93333333333334,69.93433333333334
401625486,"March 13, 2024",Louisiana Tech Bulldogs,2348,67,True,67.63,78.3125,69.845625
401600071,"November 13, 2023",Louisiana Tech Bulldogs,2348,100,False,77.235,0.0,0.0
401600072,"November 21, 2023",Louisiana Tech Bulldogs,2348,67,False,64.49,100.0,77.235
401579007,"November 22, 2023",Louisiana Tech Bulldogs,2348,71,False,63.515,83.5,70.8625
401600073,"November 25, 2023",Louisiana Tech Bulldogs,2348,105,False,77.7,79.33333333333333,68.41333333333334
401594615,"December 13, 2023",Louisville Cardinals,97,63,False,69.305,76.42857142857143,73.55785714285715
401576687,"December 17, 2023",Louisville Cardinals,97,85,False,72.56,74.75,73.02625
401588941,"December 21, 2023",Louisville Cardinals,97,76,False,78.56,75.88888888888889,72.97444444444444
401604164,"February 03, 2024",Louisville Cardinals,97,101,False,88.725,73.78571428571429,72.11392857142857
401604179,"February 10, 2024",Louisville Cardinals,97,79,False,74.19,75.6,73.22133333333333
401604202,"February 21, 2024",Louisville Cardinals,97,50,False,66.28,75.8125,73.281875
401604109,"January 06, 2024",Louisville Cardinals,97,70,False,66.49000000000001,75.9,73.533
401604122,"January 13, 2024",Louisville Cardinals,97,83,False,75.095,75.36363636363636,72.89272727272727
401604144,"January 23, 2024",Louisville Cardinals,97,69,False,67.84,76.0,73.07625
401604151,"January 27, 2024",Louisville Cardinals,97,52,False,64.84,75.46153846153847,72.67346153846154
401604222,"March 02, 2024",Louisville Cardinals,97,76,False,78.7,74.29411764705883,72.87
401604229,"March 05, 2024",Louisville Cardinals,97,64,False,67.88499999999999,74.38888888888889,73.19388888888889
401604234,"March 09, 2024",Louisville Cardinals,97,61,False,72.98,73.84210526315789,72.91447368421052
401582026,"November 06, 2023",Louisville Cardinals,97,94,False,79.77,0.0,0.0
401594561,"November 10, 2023",Louisville Cardinals,97,71,False,75.165,94.0,79.77
401589736,"November 15, 2023",Louisville Cardinals,97,61,False,64.815,82.5,77.4675
401591375,"November 19, 2023",Louisville Cardinals,97,80,True,67.58500000000001,75.33333333333333,73.25
401601490,"November 20, 2023",Louisville Cardinals,97,66,True,75.19,76.5,71.83375000000001
401598991,"November 26, 2023",Louisville Cardinals,97,90,False,80.215,74.4,72.505
401598960,"November 29, 2023",Louisville Cardinals,97,73,False,72.165,77.0,73.79
401581742,"December 02, 2023",Loyola Chicago Ramblers,2350,75,False,74.955,70.66666666666667,69.905
401597843,"December 09, 2023",Loyola Chicago Ramblers,2350,115,False,79.445,71.28571428571429,70.62642857142858
401597844,"December 19, 2023",Loyola Chicago Ramblers,2350,72,False,63.7,76.75,71.72875
401597845,"December 30, 2023",Loyola Chicago Ramblers,2350,73,False,69.56,76.22222222222223,70.83666666666666
401596880,"February 04, 2024",Loyola Chicago Ramblers,2350,76,False,68.955,74.5,71.27785714285714
401596898,"February 14, 2024",Loyola Chicago Ramblers,2350,64,False,67.56,74.6,71.123
401596918,"February 24, 2024",Loyola Chicago Ramblers,2350,80,False,65.7,73.9375,70.9003125
401596826,"January 06, 2024",Loyola Chicago Ramblers,2350,72,False,79.955,75.9,70.709
401596829,"January 09, 2024",Loyola Chicago Ramblers,2350,56,False,68.28,75.54545454545455,71.54954545454545
401596845,"January 17, 2024",Loyola Chicago Ramblers,2350,79,False,68.58500000000001,73.91666666666667,71.27708333333334
401596869,"January 30, 2024",Loyola Chicago Ramblers,2350,77,False,73.98,74.3076923076923,71.07
401596929,"March 01, 2024",Loyola Chicago Ramblers,2350,77,False,74.165,74.29411764705883,70.59441176470588
401596948,"March 09, 2024",Loyola Chicago Ramblers,2350,64,False,63.84,74.44444444444444,70.79277777777777
401625551,"March 14, 2024",Loyola Chicago Ramblers,2350,74,True,78.445,73.89473684210526,70.42684210526316
401597840,"November 08, 2023",Loyola Chicago Ramblers,2350,62,True,71.16499999999999,0.0,0.0
401587234,"November 11, 2023",Loyola Chicago Ramblers,2350,89,False,70.025,62.0,71.16499999999999
401577708,"November 14, 2023",Loyola Chicago Ramblers,2350,67,False,73.025,75.5,70.595
401579032,"November 18, 2023",Loyola Chicago Ramblers,2350,73,False,70.77,72.66666666666667,71.405
401581585,"November 23, 2023",Loyola Chicago Ramblers,2350,71,True,71.885,72.75,71.24625
401597841,"November 28, 2023",Loyola Chicago Ramblers,2350,62,False,62.56,72.4,71.374
401594506,"December 02, 2023",Loyola Maryland Greyhounds,2352,73,False,73.095,57.0,68.955
401594348,"December 09, 2023",Loyola Maryland Greyhounds,2352,64,False,71.7,65.0,71.025
401594507,"December 22, 2023",Loyola Maryland Greyhounds,2352,91,False,63.42,64.66666666666667,71.25
401594516,"February 03, 2024",Loyola Maryland Greyhounds,2352,67,False,70.7,64.375,67.699375
401594518,"February 10, 2024",Loyola Maryland Greyhounds,2352,62,False,64.745,64.66666666666667,68.03277777777778
401594521,"February 21, 2024",Loyola Maryland Greyhounds,2352,62,False,66.375,64.4,67.704
401594501,"February 28, 2024",Loyola Maryland Greyhounds,2352,46,False,61.21,64.18181818181819,67.58318181818181
401594509,"January 06, 2024",Loyola Maryland Greyhounds,2352,76,False,70.63,71.25,69.2925
401594511,"January 13, 2024",Loyola Maryland Greyhounds,2352,58,False,67.745,72.2,69.56
401594512,"January 15, 2024",Loyola Maryland Greyhounds,2352,52,False,64.7,69.83333333333333,69.25750000000001
401594514,"January 24, 2024",Loyola Maryland Greyhounds,2352,44,False,61.35,67.28571428571429,68.60642857142857
401594523,"March 02, 2024",Loyola Maryland Greyhounds,2352,69,False,63.56,62.666666666666664,67.05208333333333
401574593,"November 15, 2023",Loyola Maryland Greyhounds,2352,57,False,68.955,0.0,0.0
401590982,"December 16, 2023",Loyola Marymount Lions,2351,59,True,65.42,83.83333333333333,73.39
401583757,"December 18, 2023",Loyola Marymount Lions,2351,76,False,71.77,80.28571428571429,72.25142857142858
401590983,"December 22, 2023",Loyola Marymount Lions,2351,67,False,64.025,79.75,72.19125
401590984,"December 29, 2023",Loyola Marymount Lions,2351,66,False,62.025,78.33333333333333,71.2838888888889
401589708,"February 10, 2024",Loyola Marymount Lions,2351,63,False,66.49,76.07142857142857,69.21642857142857
401589711,"February 15, 2024",Loyola Marymount Lions,2351,74,False,61.815,75.2,69.03466666666667
401589717,"February 17, 2024",Loyola Marymount Lions,2351,59,False,62.14,75.125,68.5834375
401589727,"February 29, 2024",Loyola Marymount Lions,2351,96,False,75.05,74.17647058823529,68.20441176470588
401589666,"January 04, 2024",Loyola Marymount Lions,2351,57,False,65.49,77.1,70.358
401589669,"January 06, 2024",Loyola Marymount Lions,2351,64,False,61.63,75.27272727272727,69.91545454545454
401589677,"January 13, 2024",Loyola Marymount Lions,2351,81,False,69.05,74.33333333333333,69.22500000000001
401589687,"January 25, 2024",Loyola Marymount Lions,2351,92,False,69.28,74.84615384615384,69.21153846153847
401590947,"November 07, 2023",Loyola Marymount Lions,2351,109,False,83.655,0.0,0.0
401587186,"November 12, 2023",Loyola Marymount Lions,2351,80,False,72.63,109.0,83.655
401583815,"November 14, 2023",Loyola Marymount Lions,2351,88,False,72.84,94.5,78.1425
401581539,"November 20, 2023",Loyola Marymount Lions,2351,69,True,64.025,92.33333333333333,76.375
401590948,"November 25, 2023",Loyola Marymount Lions,2351,67,False,73.375,86.5,73.2875
401574415,"November 29, 2023",Loyola Marymount Lions,2351,90,False,73.815,82.6,73.30499999999999
401577567,"December 03, 2023",Maine Black Bears,311,60,False,62.28,84.66666666666667,73.79333333333334
401577569,"December 09, 2023",Maine Black Bears,311,69,False,70.7,78.5,70.915
401581214,"February 03, 2024",Maine Black Bears,311,79,False,79.165,73.5,70.714375
401581231,"February 17, 2024",Maine Black Bears,311,57,False,68.235,74.11111111111111,71.65333333333334
401581234,"February 22, 2024",Maine Black Bears,311,62,False,72.165,72.4,71.3115
401581238,"February 24, 2024",Maine Black Bears,311,68,False,65.955,71.45454545454545,71.38909090909091
401581185,"January 11, 2024",Maine Black Bears,311,74,False,75.7,76.6,70.872
401581200,"January 25, 2024",Maine Black Bears,311,81,False,77.305,76.16666666666667,71.67666666666666
401581205,"January 27, 2024",Maine Black Bears,311,50,False,58.35,76.85714285714286,72.48071428571428
401581250,"March 05, 2024",Maine Black Bears,311,71,False,74.7,71.16666666666667,70.93625
401577559,"November 08, 2023",Maine Black Bears,311,111,False,85.56,0.0,0.0
401577560,"November 12, 2023",Maine Black Bears,311,65,False,69.12,111.0,85.56
401577561,"November 16, 2023",Maine Black Bears,311,78,True,66.7,88.0,77.34
401594345,"December 01, 2023",Manhattan Jaspers,2363,75,False,76.49,79.0,76.675
401587230,"December 08, 2023",Manhattan Jaspers,2363,71,False,74.955,77.0,76.5825
401589469,"December 30, 2023",Manhattan Jaspers,2363,56,False,62.49,75.0,76.04
401594375,"February 02, 2024",Manhattan Jaspers,2363,71,False,71.35,70.14285714285714,71.48
401594398,"February 10, 2024",Manhattan Jaspers,2363,63,False,72.56,70.25,71.46375
401594387,"February 18, 2024",Manhattan Jaspers,2363,62,False,66.42,69.44444444444444,71.58555555555556
401594339,"February 23, 2024",Manhattan Jaspers,2363,50,False,63.63,68.7,71.06899999999999
401594364,"January 05, 2024",Manhattan Jaspers,2363,67,False,71.91,70.25,72.6525
401594389,"January 14, 2024",Manhattan Jaspers,2363,68,False,67.095,69.6,72.50399999999999
401594295,"January 21, 2024",Manhattan Jaspers,2363,75,False,70.745,69.33333333333333,71.6025
401594323,"March 07, 2024",Manhattan Jaspers,2363,77,False,62.605,67.0,70.39272727272727
401594274,"March 09, 2024",Manhattan Jaspers,2363,70,False,81.165,67.83333333333333,69.74374999999999
401598923,"November 16, 2023",Manhattan Jaspers,2363,79,False,76.675,0.0,0.0
401594329,"December 03, 2023",Marist Red Foxes,2368,70,False,67.095,73.0,62.815
401584387,"December 18, 2023",Marist Red Foxes,2368,76,False,68.63,71.5,64.955
401584388,"December 30, 2023",Marist Red Foxes,2368,58,False,74.955,73.0,66.17999999999999
401594335,"February 02, 2024",Marist Red Foxes,2368,58,False,68.955,66.42857142857143,67.58
401594336,"February 04, 2024",Marist Red Foxes,2368,63,False,59.745,65.375,67.751875
401594268,"February 16, 2024",Marist Red Foxes,2368,78,False,63.165000000000006,65.11111111111111,66.86222222222221
401594330,"January 12, 2024",Marist Red Foxes,2368,55,False,69.91,69.25,68.37375
401594331,"January 14, 2024",Marist Red Foxes,2368,83,False,64.77,66.4,68.681
401594333,"January 21, 2024",Marist Red Foxes,2368,50,False,64.88499999999999,69.16666666666667,68.02916666666665
401594305,"March 01, 2024",Marist Red Foxes,2368,58,False,66.235,66.4,66.49249999999999
401594322,"March 03, 2024",Marist Red Foxes,2368,64,False,64.16499999999999,65.63636363636364,66.46909090909091
401594342,"March 09, 2024",Marist Red Foxes,2368,63,False,57.42,65.5,66.27708333333332
401625623,"March 14, 2024",Marist Red Foxes,2368,65,True,67.025,65.3076923076923,65.59576923076924
401584385,"November 25, 2023",Marist Red Foxes,2368,73,False,62.815,0.0,0.0
401574566,"December 06, 2023",Marquette Golden Eagles,269,86,False,74.025,83.16666666666667,71.51
401577603,"December 09, 2023",Marquette Golden Eagles,269,78,False,68.955,83.57142857142857,71.86928571428572
401577604,"December 14, 2023",Marquette Golden Eagles,269,84,False,71.98,82.875,71.505
401599443,"December 22, 2023",Marquette Golden Eagles,269,81,False,73.885,83.0,71.55777777777777
401599448,"December 30, 2023",Marquette Golden Eagles,269,72,False,71.56,82.8,71.7905
401599525,"February 10, 2024",Marquette Golden Eagles,269,86,False,67.675,80.28571428571429,70.87071428571429
401599541,"February 21, 2024",Marquette Golden Eagles,269,105,False,76.305,80.66666666666667,70.65766666666667
401599546,"February 25, 2024",Marquette Golden Eagles,269,88,False,78.84,82.1875,71.010625
401599551,"February 28, 2024",Marquette Golden Eagles,269,91,False,69.025,82.52941176470588,71.47117647058823
401599481,"January 10, 2024",Marquette Golden Eagles,269,62,False,74.025,81.81818181818181,71.76954545454545
401599489,"January 15, 2024",Marquette Golden Eagles,269,87,False,65.28,80.16666666666667,71.9575
401599506,"January 27, 2024",Marquette Golden Eagles,269,75,False,63.42,80.6923076923077,71.44384615384615
401599561,"March 06, 2024",Marquette Golden Eagles,269,67,False,67.56,83.0,71.33527777777778
401625562,"March 14, 2024",Marquette Golden Eagles,269,71,True,69.7,82.15789473684211,71.13657894736842
401625564,"March 15, 2024",Marquette Golden Eagles,269,79,True,68.84,81.6,71.06475
401577598,"November 06, 2023",Marquette Golden Eagles,269,92,False,74.235,0.0,0.0
401577599,"November 10, 2023",Marquette Golden Eagles,269,95,False,75.235,92.0,74.235
401575876,"November 20, 2023",Marquette Golden Eagles,269,71,True,65.63,93.5,74.735
401581595,"November 21, 2023",Marquette Golden Eagles,269,73,True,70.56,86.0,71.7
401581598,"November 22, 2023",Marquette Golden Eagles,269,75,True,69.025,82.75,71.41499999999999
401577600,"November 28, 2023",Marquette Golden Eagles,269,93,False,74.375,81.2,70.937
401581848,"December 02, 2023",Marshall Thundering Herd,276,74,False,76.235,80.0,78.525
401581849,"December 06, 2023",Marshall Thundering Herd,276,72,False,80.84,78.0,77.76166666666667
401581851,"December 16, 2023",Marshall Thundering Herd,276,72,False,66.745,76.5,78.53125
401581852,"December 18, 2023",Marshall Thundering Herd,276,103,False,82.91,75.6,76.174
401581853,"December 21, 2023",Marshall Thundering Herd,276,69,False,70.7,80.16666666666667,77.29666666666667
401581676,"December 30, 2023",Marshall Thundering Herd,276,75,False,68.375,78.57142857142857,76.35428571428572
401581702,"February 01, 2024",Marshall Thundering Herd,276,76,False,75.84,79.08333333333333,74.31625
401581636,"February 03, 2024",Marshall Thundering Herd,276,91,False,73.7,78.84615384615384,74.43346153846154
401581675,"February 21, 2024",Marshall Thundering Herd,276,58,False,74.7,79.71428571428571,74.38107142857143
401581508,"February 24, 2024",Marshall Thundering Herd,276,58,False,65.7,78.26666666666667,74.40233333333335
401581645,"January 10, 2024",Marshall Thundering Herd,276,79,False,69.05,78.125,75.356875
401581699,"January 13, 2024",Marshall Thundering Herd,276,85,False,80.165,78.22222222222223,74.6561111111111
401581659,"January 24, 2024",Marshall Thundering Herd,276,77,False,74.375,78.9,75.20700000000001
401581701,"January 27, 2024",Marshall Thundering Herd,276,83,False,65.35,78.72727272727273,75.13136363636364
401581845,"November 06, 2023",Marshall Thundering Herd,276,89,False,80.56,0.0,0.0
401581543,"November 21, 2023",Marshall Thundering Herd,276,71,True,76.49,89.0,80.56
401591553,"December 01, 2023",Maryland Eastern Shore Hawks,2379,0,False,,75.66666666666667,74.83166666666666
401594411,"February 05, 2024",Maryland Eastern Shore Hawks,2379,69,False,70.56,64.22222222222223,72.115625
401604800,"February 10, 2024",Maryland Eastern Shore Hawks,2379,88,False,72.77,64.7,71.94277777777778
401589747,"February 19, 2024",Maryland Eastern Shore Hawks,2379,75,False,68.98,66.81818181818181,72.0255
401604794,"January 02, 2024",Maryland Eastern Shore Hawks,2379,95,False,68.35,56.75,74.83166666666666
401604795,"January 06, 2024",Maryland Eastern Shore Hawks,2379,75,False,72.235,64.4,73.21124999999999
401604796,"January 22, 2024",Maryland Eastern Shore Hawks,2379,71,False,76.77,66.16666666666667,73.01599999999999
401604797,"January 27, 2024",Maryland Eastern Shore Hawks,2379,57,False,68.77,66.85714285714286,73.64166666666667
401604798,"January 29, 2024",Maryland Eastern Shore Hawks,2379,53,False,66.305,65.625,72.94571428571429
401604804,"March 02, 2024",Maryland Eastern Shore Hawks,2379,66,False,60.63,67.5,71.74863636363636
401604434,"March 07, 2024",Maryland Eastern Shore Hawks,2379,67,False,64.095,67.38461538461539,70.82208333333334
401604793,"November 11, 2023",Maryland Eastern Shore Hawks,2379,83,False,71.77,0.0,0.0
401597904,"November 15, 2023",Maryland Eastern Shore Hawks,2379,61,False,71.63,83.0,71.77
401589362,"November 18, 2023",Maryland Eastern Shore Hawks,2379,83,False,81.095,72.0,71.69999999999999
401600301,"December 06, 2023",Maryland Terrapins,120,81,False,80.86500000000001,82.75,71.275
401577624,"December 12, 2023",Maryland Terrapins,120,105,False,75.4,82.4,73.19300000000001
401577625,"December 19, 2023",Maryland Terrapins,120,73,False,67.095,86.16666666666667,73.56083333333333
401577626,"December 28, 2023",Maryland Terrapins,120,75,False,67.235,84.28571428571429,72.63714285714286
401600372,"February 06, 2024",Maryland Terrapins,120,53,False,69.305,76.16666666666667,69.30458333333333
401600386,"February 14, 2024",Maryland Terrapins,120,78,False,66.515,74.38461538461539,69.30461538461539
401600390,"February 17, 2024",Maryland Terrapins,120,80,False,70.515,74.64285714285714,69.10535714285714
401600413,"February 28, 2024",Maryland Terrapins,120,61,False,62.585,75.0,69.19933333333333
401600308,"January 02, 2024",Maryland Terrapins,120,53,False,62.885000000000005,83.125,71.961875
401600324,"January 11, 2024",Maryland Terrapins,120,64,False,66.025,79.77777777777777,70.95333333333333
401600345,"January 21, 2024",Maryland Terrapins,120,59,False,64.56,78.2,70.4605
401600355,"January 27, 2024",Maryland Terrapins,120,73,False,62.49,76.45454545454545,69.9240909090909
401600420,"March 03, 2024",Maryland Terrapins,120,78,False,71.35,74.125,68.7859375
401625678,"March 13, 2024",Maryland Terrapins,120,65,True,70.16499999999999,74.3529411764706,68.93676470588235
401577620,"November 07, 2023",Maryland Terrapins,120,68,False,66.42,0.0,0.0
401577621,"November 21, 2023",Maryland Terrapins,120,92,False,84.49,68.0,66.42
401577622,"November 25, 2023",Maryland Terrapins,120,68,False,61.35,80.0,75.455
401577623,"November 28, 2023",Maryland Terrapins,120,103,False,72.84,76.0,70.75333333333333
401577576,"December 02, 2023",Massachusetts Minutemen,113,66,False,76.445,89.5,75.2525
401581086,"December 09, 2023",Massachusetts Minutemen,113,91,False,79.235,84.8,75.491
401575475,"December 16, 2023",Massachusetts Minutemen,113,87,True,80.12,85.83333333333333,76.115
401581339,"December 21, 2023",Massachusetts Minutemen,113,70,True,73.165,86.0,76.68714285714285
401581558,"December 24, 2023",Massachusetts Minutemen,113,87,True,76.77,84.0,76.246875
401581087,"December 30, 2023",Massachusetts Minutemen,113,79,False,71.165,84.33333333333333,76.305
401596879,"February 03, 2024",Massachusetts Minutemen,113,66,False,66.16499999999999,82.64285714285714,74.87964285714285
401596894,"February 11, 2024",Massachusetts Minutemen,113,81,False,70.63,81.53333333333333,74.29866666666666
401596908,"February 20, 2024",Massachusetts Minutemen,113,74,False,64.42,81.5,74.069375
401596917,"February 24, 2024",Massachusetts Minutemen,113,67,False,65.165,81.05882352941177,73.50176470588235
401596818,"January 03, 2024",Massachusetts Minutemen,113,80,False,73.19,83.8,75.791
401596832,"January 10, 2024",Massachusetts Minutemen,113,81,False,70.235,83.45454545454545,75.55454545454546
401596852,"January 20, 2024",Massachusetts Minutemen,113,81,False,70.885,83.25,75.11125
401596855,"January 23, 2024",Massachusetts Minutemen,113,77,False,76.095,83.07692307692308,74.78615384615385
401596941,"March 06, 2024",Massachusetts Minutemen,113,66,False,62.84,80.27777777777777,73.03861111111111
401625550,"March 14, 2024",Massachusetts Minutemen,113,59,True,62.165000000000006,79.52631578947368,72.50184210526317
401581082,"November 07, 2023",Massachusetts Minutemen,113,92,False,78.91,0.0,0.0
401577683,"November 13, 2023",Massachusetts Minutemen,113,102,False,76.7,92.0,78.91
401581083,"November 17, 2023",Massachusetts Minutemen,113,75,False,75.63,97.0,77.805
401581084,"November 22, 2023",Massachusetts Minutemen,113,89,False,69.77,89.66666666666667,77.08
401579009,"December 02, 2023",McNeese Cowboys,2377,91,False,73.745,95.66666666666667,72.01666666666667
401579010,"December 05, 2023",McNeese Cowboys,2377,92,False,79.095,94.5,72.44875
401579011,"December 13, 2023",McNeese Cowboys,2377,67,False,65.095,94.0,73.77799999999999
401579012,"December 17, 2023",McNeese Cowboys,2377,74,False,65.7,89.5,72.33083333333333
401579022,"February 05, 2024",McNeese Cowboys,2377,77,False,63.375,87.63636363636364,69.29363636363637
401579023,"February 10, 2024",McNeese Cowboys,2377,74,False,77.515,86.75,68.80041666666666
401579025,"February 24, 2024",McNeese Cowboys,2377,87,False,71.955,85.76923076923077,69.47076923076924
401579015,"January 13, 2024",McNeese Cowboys,2377,74,False,62.77,87.28571428571429,71.38357142857143
401579016,"January 15, 2024",McNeese Cowboys,2377,88,False,66.98,85.625,70.306875
401579019,"January 27, 2024",McNeese Cowboys,2377,102,False,66.955,85.88888888888889,69.93722222222222
401579020,"January 29, 2024",McNeese Cowboys,2377,89,False,65.84,87.5,69.639
401579027,"March 02, 2024",McNeese Cowboys,2377,83,False,69.05,85.85714285714286,69.64821428571429
401578980,"March 04, 2024",McNeese Cowboys,2377,87,False,69.235,85.66666666666667,69.60833333333333
401625639,"March 12, 2024",McNeese Cowboys,2377,76,False,64.77000000000001,85.75,69.585
401625641,"March 13, 2024",McNeese Cowboys,2377,92,False,61.165,85.17647058823529,69.30176470588236
401579029,"November 10, 2023",McNeese Cowboys,2377,96,False,68.35,0.0,0.0
401579003,"November 13, 2023",McNeese Cowboys,2377,110,False,78.025,96.0,68.35
401579004,"November 14, 2023",McNeese Cowboys,2377,81,False,69.675,103.0,73.1875
401583604,"December 16, 2023",Memphis Tigers,235,79,False,76.025,90.0,77.63
401575432,"December 19, 2023",Memphis Tigers,235,77,False,68.35,87.25,77.22875
401583605,"December 23, 2023",Memphis Tigers,235,77,False,74.725,85.2,75.453
401583606,"December 30, 2023",Memphis Tigers,235,81,False,75.58500000000001,83.83333333333333,75.33166666666666
401602114,"February 03, 2024",Memphis Tigers,235,65,False,64.7,81.54545454545455,74.83772727272728
401602127,"February 11, 2024",Memphis Tigers,235,90,False,79.445,80.16666666666667,73.99291666666666
401602145,"February 21, 2024",Memphis Tigers,235,76,False,66.375,80.92307692307692,74.41230769230769
401602153,"February 25, 2024",Memphis Tigers,235,78,False,70.56,80.57142857142857,73.83821428571427
401602066,"January 07, 2024",Memphis Tigers,235,62,False,71.16499999999999,83.42857142857143,75.36785714285715
401602070,"January 10, 2024",Memphis Tigers,235,107,False,85.005,80.75,74.8425
401602086,"January 18, 2024",Memphis Tigers,235,73,False,67.235,83.66666666666667,75.97166666666666
401602108,"January 31, 2024",Memphis Tigers,235,71,False,72.235,82.6,75.098
401602167,"March 03, 2024",Memphis Tigers,235,106,False,76.165,80.4,73.61966666666667
401625463,"March 14, 2024",Memphis Tigers,235,65,True,70.35,82.0,73.77875
401583600,"November 06, 2023",Memphis Tigers,235,94,False,81.42,0.0,0.0
401583602,"November 17, 2023",Memphis Tigers,235,92,False,77.025,94.0,81.42
401581521,"November 23, 2023",Memphis Tigers,235,84,True,74.445,93.0,79.2225
401597990,"December 06, 2023",Mercer Bears,2382,62,False,71.77,64.0,67.305
401597991,"December 09, 2023",Mercer Bears,2382,64,False,60.815,63.0,69.5375
401597992,"December 16, 2023",Mercer Bears,2382,70,False,60.165,63.333333333333336,66.63
401583722,"December 19, 2023",Mercer Bears,2382,84,False,71.98,65.0,65.01375
401597993,"December 21, 2023",Mercer Bears,2382,98,False,73.515,68.8,66.407
401597994,"December 29, 2023",Mercer Bears,2382,74,False,66.7,73.66666666666667,67.59166666666667
401587935,"February 03, 2024",Mercer Bears,2382,90,False,73.63,67.7,66.314
401587940,"February 07, 2024",Mercer Bears,2382,78,False,73.025,69.72727272727273,66.97909090909091
401587952,"February 14, 2024",Mercer Bears,2382,60,False,61.025,70.41666666666667,67.48291666666667
401587955,"February 17, 2024",Mercer Bears,2382,88,False,75.91,69.61538461538461,66.98615384615385
401587963,"February 21, 2024",Mercer Bears,2382,87,False,65.56,70.92857142857143,67.62357142857142
401587967,"February 24, 2024",Mercer Bears,2382,86,False,67.515,72.0,67.486
401587904,"January 13, 2024",Mercer Bears,2382,52,False,66.235,73.71428571428571,67.46428571428571
401587910,"January 17, 2024",Mercer Bears,2382,60,False,65.235,71.0,67.310625
401587933,"January 31, 2024",Mercer Bears,2382,49,False,59.42,69.77777777777777,67.08
401625580,"March 08, 2024",Mercer Bears,2382,84,True,69.91,72.875,67.4878125
401597988,"November 06, 2023",Mercer Bears,2382,64,False,67.305,0.0,0.0
401582022,"December 02, 2023",Merrimack Warriors,2771,74,False,73.165,94.5,80.735
401583786,"December 09, 2023",Merrimack Warriors,2771,89,False,76.56,87.66666666666667,78.21166666666666
401583789,"December 22, 2023",Merrimack Warriors,2771,68,False,61.815,88.0,77.79875
401589514,"February 03, 2024",Merrimack Warriors,2771,71,False,67.025,76.66666666666667,72.26555555555555
401589506,"February 10, 2024",Merrimack Warriors,2771,66,False,68.745,76.1,71.7415
401589500,"February 17, 2024",Merrimack Warriors,2771,83,False,76.05,75.18181818181819,71.46909090909092
401589399,"February 22, 2024",Merrimack Warriors,2771,71,False,65.63,75.83333333333333,71.85083333333334
401589512,"January 04, 2024",Merrimack Warriors,2771,60,False,70.095,84.0,74.602
401589482,"January 06, 2024",Merrimack Warriors,2771,82,False,74.235,80.0,73.85083333333334
401589471,"January 19, 2024",Merrimack Warriors,2771,65,False,64.305,80.28571428571429,73.9057142857143
401589454,"January 21, 2024",Merrimack Warriors,2771,63,False,68.745,78.375,72.705625
401625630,"March 06, 2024",Merrimack Warriors,2771,72,False,74.77,75.46153846153847,71.3723076923077
401625633,"March 09, 2024",Merrimack Warriors,2771,61,False,62.955,75.21428571428571,71.615
401625634,"March 12, 2024",Merrimack Warriors,2771,47,False,58.49,74.26666666666667,71.03766666666667
401583785,"November 09, 2023",Merrimack Warriors,2771,93,False,80.955,0.0,0.0
401581727,"November 22, 2023",Merrimack Warriors,2771,96,True,80.515,93.0,80.955
401588611,"December 22, 2023",Miami (OH) RedHawks,193,70,False,67.98,74.75,69.90875
401588730,"December 29, 2023",Miami (OH) RedHawks,193,119,False,88.165,73.8,69.523
401588678,"February 06, 2024",Miami (OH) RedHawks,193,59,False,68.56,77.6,72.22800000000001
401588680,"February 17, 2024",Miami (OH) RedHawks,193,80,False,66.35,75.9090909090909,71.89454545454545
401588695,"February 24, 2024",Miami (OH) RedHawks,193,88,False,66.16499999999999,76.25,71.4325
401588615,"January 02, 2024",Miami (OH) RedHawks,193,74,False,81.98,81.33333333333333,72.63000000000001
401588633,"January 13, 2024",Miami (OH) RedHawks,193,71,False,67.165,80.28571428571429,73.96571428571428
401588641,"January 16, 2024",Miami (OH) RedHawks,193,73,False,72.58500000000001,79.125,73.11562500000001
401588659,"January 27, 2024",Miami (OH) RedHawks,193,70,False,64.77000000000001,78.44444444444444,73.05666666666667
401588711,"March 05, 2024",Miami (OH) RedHawks,193,63,False,78.98,77.15384615384616,71.02730769230769
401588721,"March 08, 2024",Miami (OH) RedHawks,193,59,False,69.7,76.14285714285714,71.59535714285714
401574586,"November 11, 2023",Miami (OH) RedHawks,193,65,False,71.235,0.0,0.0
401588729,"November 17, 2023",Miami (OH) RedHawks,193,76,False,67.56,65.0,71.235
401587236,"November 19, 2023",Miami (OH) RedHawks,193,76,False,71.885,70.5,69.39750000000001
401609951,"November 28, 2023",Miami (OH) RedHawks,193,82,False,68.955,72.33333333333333,70.22666666666667
401604091,"December 02, 2023",Miami Hurricanes,2390,62,False,65.815,89.0,74.932
401576639,"December 06, 2023",Miami Hurricanes,2390,97,False,73.885,84.5,73.41250000000001
401583792,"December 10, 2023",Miami Hurricanes,2390,63,True,71.885,86.28571428571429,73.48
401588938,"December 16, 2023",Miami Hurricanes,2390,84,False,68.235,83.375,73.280625
401588939,"December 21, 2023",Miami Hurricanes,2390,97,False,72.815,83.44444444444444,72.72
401584348,"December 29, 2023",Miami Hurricanes,2390,95,False,80.63,84.8,72.7295
401604163,"February 03, 2024",Miami Hurricanes,2390,82,False,69.515,83.73333333333333,73.54433333333333
401604180,"February 10, 2024",Miami Hurricanes,2390,72,False,73.84,83.625,73.2925
401604203,"February 21, 2024",Miami Hurricanes,2390,55,False,61.49,82.94117647058823,73.32470588235294
401604204,"February 24, 2024",Miami Hurricanes,2390,76,False,68.35,81.38888888888889,72.66722222222222
401604103,"January 03, 2024",Miami Hurricanes,2390,95,False,74.815,85.72727272727273,73.44772727272726
401604116,"January 10, 2024",Miami Hurricanes,2390,71,False,74.56,86.5,73.56166666666667
401604131,"January 17, 2024",Miami Hurricanes,2390,75,False,78.305,85.3076923076923,73.63846153846154
401604152,"January 27, 2024",Miami Hurricanes,2390,72,False,67.56,84.57142857142857,73.97178571428572
401604231,"March 06, 2024",Miami Hurricanes,2390,57,False,68.095,81.10526315789474,72.44000000000001
401588936,"November 06, 2023",Miami Hurricanes,2390,101,False,76.885,0.0,0.0
401575461,"November 10, 2023",Miami Hurricanes,2390,88,False,79.885,101.0,76.885
401588937,"November 13, 2023",Miami Hurricanes,2390,86,False,67.49000000000001,94.5,78.385
401581515,"November 17, 2023",Miami Hurricanes,2390,79,True,76.77,91.66666666666667,74.75333333333334
401581517,"November 19, 2023",Miami Hurricanes,2390,91,True,73.63,88.5,75.25750000000001
401600300,"December 05, 2023",Michigan State Spartans,127,57,False,57.745,76.0,71.93666666666667
401592434,"December 16, 2023",Michigan State Spartans,127,88,True,73.16499999999999,73.28571428571429,69.90928571428572
401592435,"December 18, 2023",Michigan State Spartans,127,79,False,61.56,75.125,70.31625
401592436,"December 21, 2023",Michigan State Spartans,127,99,False,77.21,75.55555555555556,69.34333333333333
401594427,"December 30, 2023",Michigan State Spartans,127,87,False,72.445,77.9,70.13
401600365,"February 03, 2024",Michigan State Spartans,127,63,False,62.56,79.2,69.91066666666667
401600377,"February 10, 2024",Michigan State Spartans,127,88,False,72.19,78.1875,69.45125
401600397,"February 20, 2024",Michigan State Spartans,127,71,False,65.49,78.76470588235294,69.61235294117648
401600408,"February 25, 2024",Michigan State Spartans,127,57,False,63.63,78.33333333333333,69.38333333333334
401600312,"January 04, 2024",Michigan State Spartans,127,92,False,75.77,78.72727272727273,70.34045454545455
401600331,"January 14, 2024",Michigan State Spartans,127,73,False,64.955,79.83333333333333,70.79291666666667
401600339,"January 18, 2024",Michigan State Spartans,127,76,False,71.91,79.3076923076923,70.34384615384616
401600360,"January 30, 2024",Michigan State Spartans,127,81,False,62.28,79.07142857142857,70.45571428571428
401600425,"March 06, 2024",Michigan State Spartans,127,53,False,59.7,77.21052631578948,69.08052631578947
401625680,"March 14, 2024",Michigan State Spartans,127,77,True,65.16499999999999,76.0,68.6115
401581835,"November 06, 2023",Michigan State Spartans,127,76,False,85.795,0.0,0.0
401592369,"November 09, 2023",Michigan State Spartans,127,74,False,67.885,76.0,85.795
401576149,"November 14, 2023",Michigan State Spartans,127,65,True,70.05,75.0,76.84
401574577,"November 17, 2023",Michigan State Spartans,127,74,False,65.84,71.66666666666667,74.57666666666667
401592370,"November 19, 2023",Michigan State Spartans,127,81,False,67.235,72.25,72.3925
401592392,"November 28, 2023",Michigan State Spartans,127,86,False,74.815,74.0,71.361
401600299,"December 05, 2023",Michigan Wolverines,130,75,False,73.235,85.4,73.872
401577631,"December 16, 2023",Michigan Wolverines,130,83,False,68.56,83.66666666666667,73.76583333333333
401575755,"December 19, 2023",Michigan Wolverines,130,101,True,96.515,83.57142857142857,73.02214285714285
401577632,"December 29, 2023",Michigan Wolverines,130,76,False,73.305,85.75,75.95875
401600368,"February 03, 2024",Michigan Wolverines,130,59,False,69.745,81.3076923076923,73.23307692307692
401600375,"February 07, 2024",Michigan Wolverines,130,72,False,69.375,79.71428571428571,72.98392857142856
401600391,"February 17, 2024",Michigan Wolverines,130,63,False,77.235,79.2,72.74333333333334
401600409,"February 25, 2024",Michigan Wolverines,130,76,False,69.165,78.1875,73.0240625
401600311,"January 04, 2024",Michigan Wolverines,130,71,False,62.815,84.66666666666667,75.66388888888889
401600333,"January 15, 2024",Michigan Wolverines,130,73,False,67.49,83.3,74.37899999999999
401600338,"January 18, 2024",Michigan Wolverines,130,73,False,71.05,82.36363636363636,73.75272727272727
401600353,"January 27, 2024",Michigan Wolverines,130,78,False,69.7,81.58333333333333,73.5275
401600431,"March 10, 2024",Michigan Wolverines,130,70,False,70.63,78.05882352941177,72.79705882352941
401577627,"November 07, 2023",Michigan Wolverines,130,99,False,72.98,0.0,0.0
401577628,"November 10, 2023",Michigan Wolverines,130,92,False,77.35,99.0,72.98
401577629,"November 17, 2023",Michigan Wolverines,130,86,False,80.375,95.5,75.16499999999999
401580924,"November 22, 2023",Michigan Wolverines,130,67,True,69.095,92.33333333333333,76.90166666666666
401581522,"November 23, 2023",Michigan Wolverines,130,83,True,69.56,86.0,74.95
401587152,"December 02, 2023",Middle Tennessee Blue Raiders,2393,64,False,74.7,65.42857142857143,67.56642857142857
401577701,"December 05, 2023",Middle Tennessee Blue Raiders,2393,77,False,75.095,65.25,68.458125
401575766,"December 09, 2023",Middle Tennessee Blue Raiders,2393,65,False,65.56,66.55555555555556,69.19555555555556
401573624,"February 15, 2024",Middle Tennessee Blue Raiders,2393,76,False,65.305,67.0,67.929
401573627,"February 17, 2024",Middle Tennessee Blue Raiders,2393,96,False,87.375,67.5625,67.765
401573638,"February 24, 2024",Middle Tennessee Blue Raiders,2393,74,False,75.515,69.23529411764706,68.91852941176471
401587156,"January 03, 2024",Middle Tennessee Blue Raiders,2393,84,False,67.56,66.4,68.83200000000001
401573585,"January 11, 2024",Middle Tennessee Blue Raiders,2393,52,False,63.63,68.0,68.71636363636364
401573590,"January 13, 2024",Middle Tennessee Blue Raiders,2393,51,False,61.63,66.66666666666667,68.2925
401573600,"January 24, 2024",Middle Tennessee Blue Raiders,2393,75,False,69.025,65.46153846153847,67.78
401573607,"January 27, 2024",Middle Tennessee Blue Raiders,2393,79,False,68.77,66.14285714285714,67.86892857142857
401573645,"March 05, 2024",Middle Tennessee Blue Raiders,2393,69,False,65.49,69.5,69.28500000000001
401587148,"November 06, 2023",Middle Tennessee Blue Raiders,2393,74,False,70.095,0.0,0.0
401587149,"November 09, 2023",Middle Tennessee Blue Raiders,2393,67,False,74.28,74.0,70.095
401583803,"November 13, 2023",Middle Tennessee Blue Raiders,2393,64,False,66.375,70.5,72.1875
401587150,"November 18, 2023",Middle Tennessee Blue Raiders,2393,88,False,73.56,68.33333333333333,70.25
401587151,"November 21, 2023",Middle Tennessee Blue Raiders,2393,57,False,61.49,73.25,71.0775
401577710,"November 24, 2023",Middle Tennessee Blue Raiders,2393,40,True,62.815,70.0,69.16
401603087,"November 25, 2023",Middle Tennessee Blue Raiders,2393,68,True,64.35,65.0,68.1025
401597911,"December 13, 2023",Milwaukee Panthers,270,67,False,66.165,80.25,73.15375
401594568,"December 22, 2023",Milwaukee Panthers,270,85,False,75.955,77.6,71.756
401587669,"December 29, 2023",Milwaukee Panthers,270,78,False,73.095,78.83333333333333,72.45583333333333
401587673,"December 31, 2023",Milwaukee Panthers,270,91,False,68.42,78.71428571428571,72.54714285714286
401587722,"February 04, 2024",Milwaukee Panthers,270,87,False,76.515,82.18181818181819,73.58363636363637
401587742,"February 17, 2024",Milwaukee Panthers,270,73,False,68.955,82.58333333333333,73.82791666666667
401587749,"February 23, 2024",Milwaukee Panthers,270,80,False,79.235,81.84615384615384,73.45307692307692
401587751,"February 25, 2024",Milwaukee Panthers,270,96,False,72.05,81.71428571428571,73.86607142857143
401587689,"January 12, 2024",Milwaukee Panthers,270,88,False,72.095,80.25,72.03125
401587706,"January 25, 2024",Milwaukee Panthers,270,87,False,74.235,81.11111111111111,72.03833333333334
401587711,"January 27, 2024",Milwaukee Panthers,270,87,False,86.84,81.7,72.25800000000001
401587761,"March 02, 2024",Milwaukee Panthers,270,90,False,71.49000000000001,82.66666666666667,73.74499999999999
401625693,"March 05, 2024",Milwaukee Panthers,270,83,False,73.7,83.125,73.6040625
401598924,"November 06, 2023",Milwaukee Panthers,270,91,False,77.05,0.0,0.0
401598925,"November 17, 2023",Milwaukee Panthers,270,85,False,79.305,91.0,77.05
401603141,"November 21, 2023",Milwaukee Panthers,270,61,True,65.025,88.0,78.17750000000001
401597420,"November 25, 2023",Milwaukee Panthers,270,84,False,71.235,79.0,73.79333333333334
401600302,"December 06, 2023",Minnesota Golden Gophers,135,76,False,69.025,83.33333333333333,73.01833333333333
401600443,"December 09, 2023",Minnesota Golden Gophers,135,77,False,64.675,82.28571428571429,72.44785714285715
401594216,"December 12, 2023",Minnesota Golden Gophers,135,101,False,72.49,81.625,71.47625
401588609,"December 21, 2023",Minnesota Golden Gophers,135,80,False,65.88499999999999,83.77777777777777,71.58888888888889
401577571,"December 29, 2023",Minnesota Golden Gophers,135,80,False,68.21000000000001,83.4,71.01849999999999
401600366,"February 03, 2024",Minnesota Golden Gophers,135,75,False,72.7,79.64285714285714,70.08678571428571
401600373,"February 06, 2024",Minnesota Golden Gophers,135,59,False,60.165,79.33333333333333,70.261
401600396,"February 18, 2024",Minnesota Golden Gophers,135,81,False,71.19,78.0625,69.63
401600402,"February 22, 2024",Minnesota Golden Gophers,135,88,False,68.58500000000001,78.23529411764706,69.72176470588235
401600317,"January 07, 2024",Minnesota Golden Gophers,135,65,False,65.63,83.0909090909091,70.76318181818182
401600332,"January 15, 2024",Minnesota Golden Gophers,135,77,False,75.84,81.58333333333333,70.33541666666666
401600348,"January 23, 2024",Minnesota Golden Gophers,135,59,False,61.35,81.23076923076923,70.75884615384615
401600419,"March 02, 2024",Minnesota Golden Gophers,135,75,False,69.88499999999999,78.77777777777777,69.65861111111111
401600424,"March 06, 2024",Minnesota Golden Gophers,135,58,False,69.49,78.57894736842105,69.67052631578947
401574616,"November 06, 2023",Minnesota Golden Gophers,135,80,False,72.725,0.0,0.0
401592092,"November 10, 2023",Minnesota Golden Gophers,135,102,False,77.19,80.0,72.725
401594539,"November 16, 2023",Minnesota Golden Gophers,135,68,False,67.095,91.0,74.9575
401600050,"November 18, 2023",Minnesota Golden Gophers,135,67,False,70.165,83.33333333333333,72.33666666666666
401600442,"November 21, 2023",Minnesota Golden Gophers,135,86,False,74.63,79.25,71.79375
401579035,"November 30, 2023",Minnesota Golden Gophers,135,97,False,76.305,80.6,72.361
401597984,"December 03, 2023",Mississippi State Bulldogs,344,59,False,65.56,75.83333333333333,71.8275
401597985,"December 09, 2023",Mississippi State Bulldogs,344,106,True,80.19,73.42857142857143,70.93214285714285
401594433,"December 13, 2023",Mississippi State Bulldogs,344,85,False,68.095,77.5,72.089375
401597986,"December 17, 2023",Mississippi State Bulldogs,344,72,True,61.025,78.33333333333333,71.64555555555555
401597987,"December 23, 2023",Mississippi State Bulldogs,344,70,True,70.49,77.7,70.5835
401606614,"December 31, 2023",Mississippi State Bulldogs,344,85,False,73.84,77.0,70.575
401597173,"February 07, 2024",Mississippi State Bulldogs,344,75,False,69.955,75.9375,70.9978125
401597192,"February 17, 2024",Mississippi State Bulldogs,344,71,False,64.12,75.88235294117646,70.9364705882353
401597196,"February 21, 2024",Mississippi State Bulldogs,344,83,False,70.235,75.61111111111111,70.55777777777777
401597209,"February 27, 2024",Mississippi State Bulldogs,344,89,False,75.095,76.0,70.54078947368421
401597122,"January 10, 2024",Mississippi State Bulldogs,344,77,False,72.56,77.66666666666667,70.84708333333333
401597127,"January 13, 2024",Mississippi State Bulldogs,344,74,False,73.91,77.61538461538461,70.97884615384615
401597140,"January 20, 2024",Mississippi State Bulldogs,344,68,False,69.77,77.35714285714286,71.18821428571428
401597155,"January 27, 2024",Mississippi State Bulldogs,344,64,False,69.56,76.73333333333333,71.09366666666666
401597232,"March 09, 2024",Mississippi State Bulldogs,344,89,False,73.84,76.65,70.76849999999999
401597957,"November 08, 2023",Mississippi State Bulldogs,344,71,True,70.77,0.0,0.0
401597983,"November 11, 2023",Mississippi State Bulldogs,344,87,False,73.375,71.0,70.77
401587111,"November 14, 2023",Mississippi State Bulldogs,344,81,False,77.955,79.0,72.07249999999999
401580928,"November 18, 2023",Mississippi State Bulldogs,344,76,True,70.42,79.66666666666667,74.03333333333333
401581593,"November 19, 2023",Mississippi State Bulldogs,344,66,True,66.745,78.75,73.13
401606613,"November 24, 2023",Mississippi State Bulldogs,344,74,False,71.7,76.2,71.853
401604914,"February 03, 2024",Mississippi Valley State Delta Devils,2400,77,False,74.05,63.75,70.7475
401583828,"February 10, 2024",Mississippi Valley State Delta Devils,2400,69,False,66.84,66.4,71.40799999999999
401602353,"February 12, 2024",Mississippi Valley State Delta Devils,2400,55,False,63.30500000000001,66.83333333333333,70.64666666666666
401603006,"February 24, 2024",Mississippi Valley State Delta Devils,2400,52,False,68.305,65.14285714285714,69.59785714285714
401598034,"February 26, 2024",Mississippi Valley State Delta Devils,2400,57,False,65.235,63.5,69.43625
401600127,"January 06, 2024",Mississippi Valley State Delta Devils,2400,51,False,63.91,0.0,0.0
401600102,"January 08, 2024",Mississippi Valley State Delta Devils,2400,70,False,68.375,51.0,63.91
401574630,"January 20, 2024",Mississippi Valley State Delta Devils,2400,64,False,78.725,60.5,66.1425
401598905,"January 22, 2024",Mississippi Valley State Delta Devils,2400,70,False,71.98,61.666666666666664,70.33666666666666
401577702,"December 09, 2023",Missouri State Bears,2623,69,False,74.165,81.8,76.40299999999999
401577704,"December 19, 2023",Missouri State Bears,2623,79,False,74.77,79.66666666666667,76.03
401601877,"February 03, 2024",Missouri State Bears,2623,87,False,75.49,74.0909090909091,74.085
401601888,"February 10, 2024",Missouri State Bears,2623,71,False,70.35,75.16666666666667,74.20208333333333
401601899,"February 17, 2024",Missouri State Bears,2623,82,False,72.91,74.84615384615384,73.90576923076922
401601907,"February 21, 2024",Missouri State Bears,2623,62,False,64.745,75.35714285714286,73.83464285714285
401601826,"January 03, 2024",Missouri State Bears,2623,62,False,65.42,79.57142857142857,75.85000000000001
401601836,"January 10, 2024",Missouri State Bears,2623,53,False,68.49,77.375,74.54625
401601853,"January 20, 2024",Missouri State Bears,2623,60,False,68.445,74.66666666666667,73.87333333333333
401601860,"January 24, 2024",Missouri State Bears,2623,83,False,81.63,73.2,73.3305
401601926,"March 03, 2024",Missouri State Bears,2623,69,False,71.095,74.46666666666667,73.22866666666667
401577698,"November 13, 2023",Missouri State Bears,2623,84,False,81.305,0.0,0.0
401582124,"November 19, 2023",Missouri State Bears,2623,56,True,69.42,84.0,81.305
401582127,"November 20, 2023",Missouri State Bears,2623,87,True,74.165,70.0,75.36250000000001
401577700,"November 25, 2023",Missouri State Bears,2623,92,False,77.005,75.66666666666667,74.96333333333334
401601813,"November 29, 2023",Missouri State Bears,2623,90,False,80.12,79.75,75.47375
401577587,"December 03, 2023",Missouri Tigers,142,82,False,74.955,76.0,69.4825
401587131,"December 17, 2023",Missouri Tigers,142,87,True,71.305,76.85714285714286,70.26428571428572
401574421,"December 30, 2023",Missouri Tigers,142,92,False,71.56,78.125,70.394375
401597175,"February 07, 2024",Missouri Tigers,142,60,False,61.955,77.3076923076923,70.19346153846153
401597179,"February 10, 2024",Missouri Tigers,142,51,False,72.235,76.07142857142857,69.605
401597194,"February 20, 2024",Missouri Tigers,142,67,False,72.445,74.4,69.78033333333333
401597114,"January 06, 2024",Missouri Tigers,142,68,False,65.745,79.66666666666667,70.52388888888889
401597128,"January 13, 2024",Missouri Tigers,142,69,False,67.63,78.5,70.046
401597141,"January 20, 2024",Missouri Tigers,142,67,False,66.515,77.63636363636364,69.82636363636364
401597162,"January 31, 2024",Missouri Tigers,142,84,False,77.91,76.75,69.55041666666666
401597218,"March 02, 2024",Missouri Tigers,142,78,False,70.445,73.9375,69.946875
401597221,"March 05, 2024",Missouri Tigers,142,74,False,77.515,74.17647058823529,69.97617647058824
401594537,"November 06, 2023",Missouri Tigers,142,101,False,78.58500000000001,0.0,0.0
401583601,"November 10, 2023",Missouri Tigers,142,55,False,70.56,101.0,78.58500000000001
401594538,"November 13, 2023",Missouri Tigers,142,68,False,61.49,78.0,74.5725
401583817,"November 19, 2023",Missouri Tigers,142,72,False,70.88499999999999,74.66666666666667,70.21166666666667
401594540,"November 22, 2023",Missouri Tigers,142,82,False,64.28,74.0,70.38
401594505,"November 25, 2023",Missouri Tigers,142,78,False,71.095,75.6,69.16
401583748,"December 09, 2023",Monmouth Hawks,2405,74,False,69.58500000000001,72.5,69.63
401583750,"December 16, 2023",Monmouth Hawks,2405,77,False,67.56,73.0,69.61500000000001
401583751,"December 21, 2023",Monmouth Hawks,2405,77,False,73.955,74.0,69.10125000000001
401600697,"February 01, 2024",Monmouth Hawks,2405,67,False,69.63,74.55555555555556,69.31722222222223
401600714,"February 08, 2024",Monmouth Hawks,2405,68,False,65.165,73.8,69.3485
401600722,"February 15, 2024",Monmouth Hawks,2405,88,False,78.515,73.27272727272727,68.96818181818182
401600733,"February 17, 2024",Monmouth Hawks,2405,84,False,65.49,74.5,69.76375
401600746,"February 24, 2024",Monmouth Hawks,2405,83,False,71.095,75.23076923076923,69.435
401600625,"January 04, 2024",Monmouth Hawks,2405,51,False,66.56,74.6,70.072
401600652,"January 08, 2024",Monmouth Hawks,2405,81,False,68.955,70.66666666666667,69.48666666666666
401600677,"January 20, 2024",Monmouth Hawks,2405,85,False,71.56,72.14285714285714,69.41071428571429
401600690,"January 27, 2024",Monmouth Hawks,2405,81,False,66.42,73.75,69.67937500000001
401630141,"March 09, 2024",Monmouth Hawks,2405,90,True,66.815,75.78571428571429,69.55357142857143
401583745,"November 18, 2023",Monmouth Hawks,2405,57,False,67.025,0.0,0.0
401583746,"November 21, 2023",Monmouth Hawks,2405,88,False,72.235,57.0,67.025
401602185,"December 02, 2023",Montana Grizzlies,149,75,False,69.49000000000001,84.66666666666667,70.98666666666666
401604767,"December 05, 2023",Montana Grizzlies,149,91,False,68.56,82.25,70.61250000000001
401617382,"December 09, 2023",Montana Grizzlies,149,88,False,76.84,84.0,70.202
401573424,"February 01, 2024",Montana Grizzlies,149,73,False,62.21,84.9,70.7625
401573427,"February 03, 2024",Montana Grizzlies,149,65,False,67.095,83.81818181818181,69.985
401573449,"February 17, 2024",Montana Grizzlies,149,88,False,66.63,82.25,69.74416666666667
401573454,"February 22, 2024",Montana Grizzlies,149,68,False,56.815,82.6923076923077,69.50461538461539
401573459,"February 24, 2024",Montana Grizzlies,149,82,False,74.58500000000001,81.64285714285714,68.59821428571429
401580034,"January 06, 2024",Montana Grizzlies,149,82,False,72.42,84.66666666666667,71.30833333333334
401573395,"January 11, 2024",Montana Grizzlies,149,92,False,81.305,84.28571428571429,71.46714285714286
401573400,"January 13, 2024",Montana Grizzlies,149,90,False,61.42,85.25,72.696875
401573413,"January 22, 2024",Montana Grizzlies,149,77,False,64.63,85.77777777777777,71.44388888888889
401573468,"March 04, 2024",Montana Grizzlies,149,79,False,62.49,81.66666666666667,68.99733333333333
401625614,"March 11, 2024",Montana Grizzlies,149,87,True,78.05,81.5,68.590625
401625616,"March 12, 2024",Montana Grizzlies,149,72,True,61.42,81.82352941176471,69.1470588235294
401625617,"March 13, 2024",Montana Grizzlies,149,70,True,69.77,81.27777777777777,68.71777777777778
401604765,"November 07, 2023",Montana Grizzlies,149,107,False,82.49,0.0,0.0
401597912,"November 12, 2023",Montana Grizzlies,149,78,False,65.165,107.0,82.49
401597996,"November 16, 2023",Montana Grizzlies,149,69,False,65.305,92.5,73.8275
401581177,"December 16, 2023",Montana State Bobcats,147,106,False,85.305,71.2,69.541
401581178,"December 19, 2023",Montana State Bobcats,147,89,False,81.86500000000001,77.0,72.16833333333334
401573423,"February 01, 2024",Montana State Bobcats,147,70,False,72.235,79.16666666666667,72.83375
401573428,"February 03, 2024",Montana State Bobcats,147,75,False,72.7,78.46153846153847,72.78769230769231
401573455,"February 22, 2024",Montana State Bobcats,147,72,False,72.49,78.21428571428571,72.78142857142858
401573460,"February 24, 2024",Montana State Bobcats,147,63,False,70.445,77.8,72.762
401580028,"January 03, 2024",Montana State Bobcats,147,76,False,76.445,78.71428571428571,73.55357142857143
401573396,"January 11, 2024",Montana State Bobcats,147,79,False,69.305,78.375,73.915
401573401,"January 13, 2024",Montana State Bobcats,147,90,False,77.84,78.44444444444444,73.40277777777777
401573409,"January 20, 2024",Montana State Bobcats,147,77,False,70.095,79.6,73.8465
401573412,"January 22, 2024",Montana State Bobcats,147,77,False,65.445,79.36363636363636,73.50545454545455
401573469,"March 04, 2024",Montana State Bobcats,147,76,False,66.28,76.875,72.6171875
401625615,"March 12, 2024",Montana State Bobcats,147,74,True,67.28,76.82352941176471,72.24441176470589
401581169,"November 06, 2023",Montana State Bobcats,147,103,False,78.56,0.0,0.0
401581172,"November 20, 2023",Montana State Bobcats,147,53,False,66.49000000000001,103.0,78.56
401581173,"November 22, 2023",Montana State Bobcats,147,69,False,64.16499999999999,78.0,72.525
401581174,"November 26, 2023",Montana State Bobcats,147,69,False,68.14,75.0,69.73833333333333
401581175,"November 30, 2023",Montana State Bobcats,147,62,False,70.35,73.5,69.33875
401594564,"December 03, 2023",Morehead State Eagles,2413,87,False,68.56,88.0,68.86166666666666
401597955,"December 14, 2023",Morehead State Eagles,2413,102,False,76.885,87.75,68.78625
401597956,"December 21, 2023",Morehead State Eagles,2413,101,False,73.745,90.6,70.40599999999999
401587308,"February 08, 2024",Morehead State Eagles,2413,79,False,71.095,86.2,68.42
401587310,"February 10, 2024",Morehead State Eagles,2413,69,False,62.955,85.54545454545455,68.66318181818181
401587326,"February 20, 2024",Morehead State Eagles,2413,73,False,64.7,84.16666666666667,68.1875
401587341,"February 29, 2024",Morehead State Eagles,2413,72,False,71.375,83.3076923076923,67.91923076923078
401587260,"January 04, 2024",Morehead State Eagles,2413,82,False,65.88499999999999,92.33333333333333,70.96249999999999
401587265,"January 06, 2024",Morehead State Eagles,2413,78,False,67.84,90.85714285714286,70.23714285714286
401587278,"January 18, 2024",Morehead State Eagles,2413,84,False,62.28,89.25,69.9375
401587291,"January 27, 2024",Morehead State Eagles,2413,64,False,62.42,88.66666666666667,69.08666666666666
401587343,"March 02, 2024",Morehead State Eagles,2413,67,False,60.095,82.5,68.16607142857143
401625576,"March 07, 2024",Morehead State Eagles,2413,78,True,67.305,81.46666666666667,67.628
401597950,"November 08, 2023",Morehead State Eagles,2413,96,False,71.60499999999999,0.0,0.0
401597951,"November 14, 2023",Morehead State Eagles,2413,74,False,73.375,96.0,71.60499999999999
401597954,"November 22, 2023",Morehead State Eagles,2413,94,False,61.605,85.0,72.49
401606717,"December 03, 2023",Morgan State Bears,2415,54,False,69.515,87.0,78.22000000000001
401582134,"December 06, 2023",Morgan State Bears,2415,92,False,80.77,78.75,76.04375
401606718,"December 09, 2023",Morgan State Bears,2415,120,False,80.745,81.4,76.989
401581844,"December 22, 2023",Morgan State Bears,2415,75,False,76.515,87.83333333333333,77.615
401604801,"February 17, 2024",Morgan State Bears,2415,70,False,74.91,83.66666666666667,76.96666666666667
401594414,"February 26, 2024",Morgan State Bears,2415,82,False,68.63,82.3,76.761
401604425,"January 08, 2024",Morgan State Bears,2415,66,False,75.84,86.0,77.45785714285715
401606720,"January 27, 2024",Morgan State Bears,2415,85,False,74.655,83.5,77.25562500000001
401606724,"March 02, 2024",Morgan State Bears,2415,61,False,71.305,82.27272727272727,76.02181818181818
401606725,"March 04, 2024",Morgan State Bears,2415,88,False,69.445,80.5,75.62875000000001
401606726,"March 07, 2024",Morgan State Bears,2415,78,False,74.63,81.07692307692308,75.15307692307692
401606715,"November 09, 2023",Morgan State Bears,2415,100,False,77.63,0.0,0.0
401606716,"November 12, 2023",Morgan State Bears,2415,78,False,75.165,100.0,77.63
401601494,"November 22, 2023",Morgan State Bears,2415,83,True,81.86500000000001,89.0,76.39750000000001
401594346,"December 03, 2023",Mount St. Mary's Mountaineers,116,80,False,69.49000000000001,78.5,76.84
401589494,"December 23, 2023",Mount St. Mary's Mountaineers,116,87,False,74.445,79.0,74.39
401594356,"February 08, 2024",Mount St. Mary's Mountaineers,116,82,False,74.305,74.5,70.51375
401594357,"February 10, 2024",Mount St. Mary's Mountaineers,116,96,False,78.7,75.33333333333333,70.935
401594359,"February 23, 2024",Mount St. Mary's Mountaineers,116,65,False,67.095,77.4,71.7115
401594320,"February 25, 2024",Mount St. Mary's Mountaineers,116,72,False,71.7,76.27272727272727,71.29181818181819
401594257,"January 05, 2024",Mount St. Mary's Mountaineers,116,74,False,69.56,81.0,74.40375
401594332,"January 19, 2024",Mount St. Mary's Mountaineers,116,65,False,66.42,79.6,73.435
401594352,"January 21, 2024",Mount St. Mary's Mountaineers,116,71,False,65.42,77.16666666666667,72.26583333333333
401594354,"January 27, 2024",Mount St. Mary's Mountaineers,116,62,False,65.095,76.28571428571429,71.28785714285713
401594306,"March 09, 2024",Mount St. Mary's Mountaineers,116,92,False,76.77,75.91666666666667,71.32583333333334
401625618,"March 12, 2024",Mount St. Mary's Mountaineers,116,61,True,67.35,77.15384615384616,71.74461538461539
401589735,"November 11, 2023",Mount St. Mary's Mountaineers,116,74,False,70.235,0.0,0.0
401594344,"November 25, 2023",Mount St. Mary's Mountaineers,116,83,False,83.445,74.0,70.235
401594434,"December 16, 2023",Murray State Racers,93,55,False,56.955,77.2,70.523
401591585,"December 22, 2023",Murray State Racers,93,65,False,73.84,73.5,68.26166666666667
401587155,"December 30, 2023",Murray State Racers,93,75,False,69.165,72.28571428571429,69.05857142857143
401601889,"February 10, 2024",Murray State Racers,93,73,False,65.305,69.6923076923077,67.38307692307693
401601897,"February 14, 2024",Murray State Racers,93,82,False,68.56,69.92857142857143,67.23464285714286
401601914,"February 24, 2024",Murray State Racers,93,80,False,65.56,70.73333333333333,67.32300000000001
401601921,"February 28, 2024",Murray State Racers,93,61,False,66.025,71.3125,67.2128125
401601823,"January 02, 2024",Murray State Racers,93,85,False,67.305,72.625,69.071875
401601843,"January 14, 2024",Murray State Racers,93,60,False,67.235,74.0,68.87555555555555
401601856,"January 21, 2024",Murray State Racers,93,63,False,69.815,72.6,68.7115
401601867,"January 27, 2024",Murray State Racers,93,58,False,62.49,71.72727272727273,68.81181818181818
401601869,"January 30, 2024",Murray State Racers,93,59,False,56.56,70.58333333333333,68.285
401625659,"March 07, 2024",Murray State Racers,93,35,True,59.56,70.70588235294117,67.14294117647059
401594428,"November 06, 2023",Murray State Racers,93,91,False,74.235,0.0,0.0
401594429,"November 10, 2023",Murray State Racers,93,78,False,69.675,91.0,74.235
401594430,"November 14, 2023",Murray State Racers,93,81,False,75.235,84.5,71.955
401581827,"November 22, 2023",Murray State Racers,93,57,True,68.56,83.33333333333333,73.04833333333333
401601810,"November 29, 2023",Murray State Racers,93,79,False,64.91,76.75,71.92625
401583592,"December 06, 2023",NC State Wolfpack,152,93,False,70.445,81.0,69.32833333333333
401583593,"December 12, 2023",NC State Wolfpack,152,81,False,70.35,84.0,69.6075
401583594,"December 20, 2023",NC State Wolfpack,152,82,False,68.77,83.4,69.756
401583595,"December 23, 2023",NC State Wolfpack,152,83,False,73.165,83.16666666666667,69.59166666666667
401604166,"February 03, 2024",NC State Wolfpack,152,82,False,72.375,78.91666666666667,70.94625
401604174,"February 07, 2024",NC State Wolfpack,152,64,False,63.7,79.15384615384616,71.05615384615385
401604200,"February 20, 2024",NC State Wolfpack,152,83,False,69.165,78.07142857142857,70.5307142857143
401604207,"February 24, 2024",NC State Wolfpack,152,81,False,70.84,78.4,70.43966666666667
401604111,"January 06, 2024",NC State Wolfpack,152,76,False,62.955,83.14285714285714,70.10214285714287
401604117,"January 10, 2024",NC State Wolfpack,152,54,False,74.235,82.25,69.20875
401604129,"January 16, 2024",NC State Wolfpack,152,83,False,77.98,79.11111111111111,69.76722222222222
401604139,"January 20, 2024",NC State Wolfpack,152,78,False,77.84,79.5,70.5885
401604157,"January 30, 2024",NC State Wolfpack,152,74,False,67.63,79.36363636363636,71.24772727272727
401604225,"March 04, 2024",NC State Wolfpack,152,64,False,60.49,78.5625,70.4646875
401625401,"March 12, 2024",NC State Wolfpack,152,94,True,73.4,77.70588235294117,69.87794117647059
401583589,"November 06, 2023",NC State Wolfpack,152,72,False,69.84,0.0,0.0
401583590,"November 10, 2023",NC State Wolfpack,152,84,False,68.84,72.0,69.84
401583591,"November 17, 2023",NC State Wolfpack,152,87,False,69.305,78.0,69.34
401587229,"December 02, 2023",NJIT Highlanders,2885,68,False,71.35,64.5,71.0625
401603545,"December 22, 2023",NJIT Highlanders,2885,127,False,76.88499999999999,65.66666666666667,71.15833333333333
401603546,"December 31, 2023",NJIT Highlanders,2885,69,False,75.05,81.0,72.59
401581219,"February 08, 2024",NJIT Highlanders,2885,63,False,65.49000000000001,71.88888888888889,71.72111111111111
401581223,"February 10, 2024",NJIT Highlanders,2885,71,False,72.725,71.0,71.098
401581229,"February 17, 2024",NJIT Highlanders,2885,55,False,59.56,71.0,71.24590909090908
401581243,"February 29, 2024",NJIT Highlanders,2885,60,False,72.235,69.66666666666667,70.27208333333333
401581180,"January 06, 2024",NJIT Highlanders,2885,73,False,73.375,78.6,73.082
401581195,"January 18, 2024",NJIT Highlanders,2885,62,False,67.42,77.66666666666667,73.13083333333333
401581198,"January 20, 2024",NJIT Highlanders,2885,64,False,64.375,75.42857142857143,72.315
401581202,"January 25, 2024",NJIT Highlanders,2885,55,False,74.91,74.0,71.32249999999999
401598976,"November 11, 2023",NJIT Highlanders,2885,48,False,65.19,0.0,0.0
401603544,"November 20, 2023",NJIT Highlanders,2885,81,False,76.935,48.0,65.19
401589738,"December 03, 2023",Navy Midshipmen,2426,75,False,70.58500000000001,67.5,71.86250000000001
401598590,"December 17, 2023",Navy Midshipmen,2426,91,False,68.305,70.0,71.43666666666667
401594154,"December 30, 2023",Navy Midshipmen,2426,77,False,70.56,75.25,70.65375
401594495,"February 07, 2024",Navy Midshipmen,2426,67,False,69.49000000000001,71.0,68.3815
401597392,"February 14, 2024",Navy Midshipmen,2426,42,False,57.955,70.63636363636364,68.48227272727273
401598598,"February 25, 2024",Navy Midshipmen,2426,76,False,69.63,68.25,67.605
401598599,"February 28, 2024",Navy Midshipmen,2426,62,False,64.025,68.84615384615384,67.76076923076924
401597966,"January 03, 2024",Navy Midshipmen,2426,62,False,66.84,75.6,70.635
401598632,"January 06, 2024",Navy Midshipmen,2426,72,False,68.885,73.33333333333333,70.00250000000001
401598593,"January 17, 2024",Navy Midshipmen,2426,71,False,70.84,73.14285714285714,69.84285714285714
401598594,"January 20, 2024",Navy Midshipmen,2426,57,False,61.49,72.875,69.9675
401594515,"January 27, 2024",Navy Midshipmen,2426,70,False,62.58500000000001,71.11111111111111,69.02555555555556
401625702,"March 05, 2024",Navy Midshipmen,2426,64,False,62.955,68.35714285714286,67.49392857142858
401593850,"November 10, 2023",Navy Midshipmen,2426,68,False,69.56,0.0,0.0
401575395,"November 29, 2023",Navy Midshipmen,2426,67,False,74.165,68.0,69.56
401574837,"December 03, 2023",Nebraska Cornhuskers,158,60,False,72.49,81.57142857142857,69.51714285714286
401600305,"December 10, 2023",Nebraska Cornhuskers,158,77,False,66.815,78.875,69.88875
401574839,"December 20, 2023",Nebraska Cornhuskers,158,83,False,68.095,78.66666666666667,69.54722222222222
401574840,"December 29, 2023",Nebraska Cornhuskers,158,91,False,88.025,79.1,69.402
401600363,"February 01, 2024",Nebraska Cornhuskers,158,80,False,76.91,80.93333333333334,70.36633333333333
401600380,"February 10, 2024",Nebraska Cornhuskers,158,79,False,66.025,80.875,70.7753125
401600392,"February 17, 2024",Nebraska Cornhuskers,158,68,False,68.885,80.76470588235294,70.49588235294118
401600407,"February 25, 2024",Nebraska Cornhuskers,158,73,False,71.165,80.05555555555556,70.4063888888889
401600309,"January 03, 2024",Nebraska Cornhuskers,158,86,False,71.91,80.18181818181819,71.095
401600321,"January 09, 2024",Nebraska Cornhuskers,158,88,False,68.025,80.66666666666667,71.16291666666667
401600341,"January 20, 2024",Nebraska Cornhuskers,158,75,False,68.095,81.23076923076923,70.92153846153846
401600347,"January 23, 2024",Nebraska Cornhuskers,158,83,False,65.42,80.78571428571429,70.71964285714286
401600422,"March 03, 2024",Nebraska Cornhuskers,158,67,False,64.7,79.6842105263158,70.44631578947369
401625687,"March 15, 2024",Nebraska Cornhuskers,158,93,True,75.955,79.05,70.159
401574830,"November 06, 2023",Nebraska Cornhuskers,158,84,False,71.815,0.0,0.0
401574831,"November 09, 2023",Nebraska Cornhuskers,158,81,False,78.095,84.0,71.815
401574832,"November 13, 2023",Nebraska Cornhuskers,158,64,False,66.42,82.5,74.955
401574833,"November 15, 2023",Nebraska Cornhuskers,158,84,False,71.095,76.33333333333333,72.11
401574834,"November 18, 2023",Nebraska Cornhuskers,158,84,True,67.91,78.25,71.85625
401574835,"November 22, 2023",Nebraska Cornhuskers,158,89,False,64.58500000000001,79.4,71.067
401574836,"November 26, 2023",Nebraska Cornhuskers,158,85,False,66.7,81.0,69.98666666666666
401590817,"December 02, 2023",Nevada Wolf Pack,2440,73,False,67.49,87.5,73.445
401590818,"December 06, 2023",Nevada Wolf Pack,2440,80,False,71.49000000000001,84.6,72.25399999999999
401590839,"December 09, 2023",Nevada Wolf Pack,2440,53,True,73.35,83.83333333333333,72.12666666666667
401590840,"December 13, 2023",Nevada Wolf Pack,2440,72,False,67.095,79.42857142857143,72.30142857142857
401590841,"December 30, 2023",Nevada Wolf Pack,2440,92,False,70.095,78.5,71.65062499999999
401602983,"February 02, 2024",Nevada Wolf Pack,2440,90,False,64.655,76.66666666666667,69.88416666666667
401597943,"February 09, 2024",Nevada Wolf Pack,2440,70,False,74.12,77.6923076923077,69.48192307692308
401602984,"February 13, 2024",Nevada Wolf Pack,2440,82,False,67.095,77.14285714285714,69.81321428571428
401602985,"February 20, 2024",Nevada Wolf Pack,2440,76,False,65.16499999999999,77.46666666666667,69.632
401594444,"January 09, 2024",Nevada Wolf Pack,2440,67,False,60.515,80.0,71.47777777777777
401602973,"January 12, 2024",Nevada Wolf Pack,2440,56,False,70.77000000000001,78.7,70.38149999999999
401602981,"January 24, 2024",Nevada Wolf Pack,2440,77,False,64.025,76.63636363636364,70.41681818181819
401600814,"March 01, 2024",Nevada Wolf Pack,2440,74,False,65.63,77.375,69.3528125
401597317,"March 09, 2024",Nevada Wolf Pack,2440,75,False,61.305,77.17647058823529,69.13382352941177
401625527,"March 14, 2024",Nevada Wolf Pack,2440,78,True,71.795,77.05555555555556,68.69888888888889
401590735,"November 07, 2023",Nevada Wolf Pack,2440,77,False,69.445,0.0,0.0
401575403,"November 15, 2023",Nevada Wolf Pack,2440,88,False,74.63,77.0,69.445
401588310,"November 18, 2023",Nevada Wolf Pack,2440,108,False,75.375,82.5,72.0375
401590816,"November 29, 2023",Nevada Wolf Pack,2440,77,False,74.33,91.0,73.14999999999999
401574610,"December 03, 2023",New Hampshire Wildcats,160,80,False,72.7,90.33333333333333,76.27333333333333
401574613,"December 11, 2023",New Hampshire Wildcats,160,75,False,74.885,87.75,75.38
401581221,"February 10, 2024",New Hampshire Wildcats,160,60,False,73.025,81.44444444444444,76.52166666666668
401581235,"February 22, 2024",New Hampshire Wildcats,160,83,False,64.63,79.3,76.172
401581239,"February 24, 2024",New Hampshire Wildcats,160,68,False,72.885,79.63636363636364,75.12272727272727
401581183,"January 06, 2024",New Hampshire Wildcats,160,75,False,76.63,85.2,75.281
401581189,"January 13, 2024",New Hampshire Wildcats,160,74,False,76.955,83.5,75.50583333333334
401581201,"January 25, 2024",New Hampshire Wildcats,160,79,False,77.655,82.14285714285714,75.71285714285715
401581204,"January 27, 2024",New Hampshire Wildcats,160,79,False,81.05,81.75,75.955625
401581251,"March 05, 2024",New Hampshire Wildcats,160,64,False,72.445,78.66666666666667,74.93625
401625603,"March 09, 2024",New Hampshire Wildcats,160,77,False,67.235,77.53846153846153,74.74461538461539
401574604,"November 08, 2023",New Hampshire Wildcats,160,115,False,86.165,0.0,0.0
401574605,"November 14, 2023",New Hampshire Wildcats,160,82,False,73.305,115.0,86.165
401574607,"November 21, 2023",New Hampshire Wildcats,160,74,False,69.35,98.5,79.73500000000001
401604279,"December 02, 2023",New Mexico Lobos,167,106,False,68.98,84.5,75.61875
401601137,"December 06, 2023",New Mexico Lobos,167,84,False,75.35,88.8,74.291
401579116,"December 09, 2023",New Mexico Lobos,167,93,True,81.655,88.0,74.4675
401603533,"December 20, 2023",New Mexico Lobos,167,78,False,74.77,88.71428571428571,75.49428571428572
401606632,"December 29, 2023",New Mexico Lobos,167,87,False,78.305,87.375,75.40375
401597310,"February 10, 2024",New Mexico Lobos,167,77,False,73.05,86.92857142857143,75.5525
401606630,"February 21, 2024",New Mexico Lobos,167,68,False,73.025,86.26666666666667,75.38566666666667
401594456,"February 24, 2024",New Mexico Lobos,167,77,False,67.445,85.125,75.238125
401602992,"January 06, 2024",New Mexico Lobos,167,77,False,73.77,87.33333333333333,75.72611111111111
401597937,"January 13, 2024",New Mexico Lobos,167,88,False,80.58500000000001,86.3,75.53049999999999
401600795,"January 16, 2024",New Mexico Lobos,167,99,False,81.05,86.45454545454545,75.99
401602982,"January 28, 2024",New Mexico Lobos,167,89,False,68.63,87.5,76.41166666666668
401602974,"January 31, 2024",New Mexico Lobos,167,78,False,72.165,87.61538461538461,75.81307692307692
401600815,"March 06, 2024",New Mexico Lobos,167,79,False,72.42,84.6470588235294,74.77970588235294
401625524,"March 13, 2024",New Mexico Lobos,167,82,True,67.955,84.33333333333333,74.64861111111111
401625530,"March 15, 2024",New Mexico Lobos,167,74,True,67.56,84.21052631578948,74.2963157894737
401581868,"November 06, 2023",New Mexico Lobos,167,92,False,79.165,0.0,0.0
401606631,"November 16, 2023",New Mexico Lobos,167,82,False,76.91,92.0,79.165
401593831,"November 22, 2023",New Mexico Lobos,167,90,True,74.63,87.0,78.0375
401600074,"November 29, 2023",New Mexico Lobos,167,74,False,71.77,88.0,76.90166666666666
401604280,"December 12, 2023",New Mexico State Aggies,166,76,False,74.655,75.33333333333333,73.13083333333334
401604281,"December 15, 2023",New Mexico State Aggies,166,72,False,73.16499999999999,75.42857142857143,73.34857142857143
401594652,"December 30, 2023",New Mexico State Aggies,166,66,False,75.7,75.0,73.325625
401573609,"February 01, 2024",New Mexico State Aggies,166,79,False,81.305,72.83333333333333,72.92708333333333
401573614,"February 03, 2024",New Mexico State Aggies,166,67,False,59.35,73.3076923076923,73.57153846153847
401573632,"February 22, 2024",New Mexico State Aggies,166,58,False,66.84,72.85714285714286,72.55571428571429
401573636,"February 24, 2024",New Mexico State Aggies,166,58,False,61.77,71.86666666666666,72.17466666666665
401573581,"January 04, 2024",New Mexico State Aggies,166,63,False,63.235,74.0,73.58944444444445
401573594,"January 18, 2024",New Mexico State Aggies,166,72,False,75.955,72.9,72.554
401573599,"January 20, 2024",New Mexico State Aggies,166,73,False,73.63,72.81818181818181,72.86318181818181
401573648,"March 09, 2024",New Mexico State Aggies,166,77,False,69.35,71.0,71.524375
401604276,"November 08, 2023",New Mexico State Aggies,166,84,False,79.4,0.0,0.0
401604277,"November 14, 2023",New Mexico State Aggies,166,78,False,69.025,84.0,79.4
401594012,"November 18, 2023",New Mexico State Aggies,166,76,False,79.19,81.0,74.2125
401598567,"November 21, 2023",New Mexico State Aggies,166,76,True,78.305,79.33333333333333,75.87166666666667
401601496,"November 22, 2023",New Mexico State Aggies,166,54,True,64.515,78.5,76.48
401604278,"November 28, 2023",New Mexico State Aggies,166,84,False,68.35,73.6,74.087
401579036,"December 05, 2023",New Orleans Privateers,2443,79,False,75.095,103.0,87.4325
401579039,"December 14, 2023",New Orleans Privateers,2443,91,False,75.49,95.0,83.32000000000001
401579047,"February 03, 2024",New Orleans Privateers,2443,80,False,78.91,85.25,77.06625
401578973,"February 05, 2024",New Orleans Privateers,2443,84,False,72.98,84.66666666666667,77.27111111111111
401579050,"February 17, 2024",New Orleans Privateers,2443,72,False,72.49,84.6,76.842
401579051,"February 19, 2024",New Orleans Privateers,2443,77,False,84.05,83.45454545454545,76.44636363636363
401579041,"January 06, 2024",New Orleans Privateers,2443,68,False,63.42,94.0,81.3625
401579042,"January 08, 2024",New Orleans Privateers,2443,88,False,78.445,88.8,77.774
401579043,"January 13, 2024",New Orleans Privateers,2443,83,False,75.26,88.66666666666667,77.88583333333334
401579045,"January 20, 2024",New Orleans Privateers,2443,67,False,73.955,87.85714285714286,77.51071428571429
401579028,"March 06, 2024",New Orleans Privateers,2443,57,False,72.165,82.91666666666667,77.08
401579030,"November 06, 2023",New Orleans Privateers,2443,100,False,84.025,0.0,0.0
401579031,"November 11, 2023",New Orleans Privateers,2443,106,False,90.84,100.0,84.025
401594361,"December 01, 2023",Niagara Purple Eagles,315,67,False,69.025,64.0,64.025
401594362,"December 03, 2023",Niagara Purple Eagles,315,68,False,79.955,65.5,66.525
401575421,"December 06, 2023",Niagara Purple Eagles,315,60,False,62.815,66.33333333333333,71.00166666666667
401584392,"December 10, 2023",Niagara Purple Eagles,315,113,False,78.91,64.75,68.955
401594363,"December 16, 2023",Niagara Purple Eagles,315,89,False,67.77,74.4,70.946
401594266,"February 06, 2024",Niagara Purple Eagles,315,69,False,66.42,79.0,71.893
401594316,"February 08, 2024",Niagara Purple Eagles,315,71,False,71.63,78.0909090909091,71.39545454545454
401594293,"January 12, 2024",Niagara Purple Eagles,315,96,False,67.305,76.83333333333333,70.41666666666667
401594365,"January 15, 2024",Niagara Purple Eagles,315,88,False,79.795,79.57142857142857,69.97214285714286
401594334,"January 26, 2024",Niagara Purple Eagles,315,67,False,67.28,80.625,71.2
401594367,"January 28, 2024",Niagara Purple Eagles,315,78,False,82.05,79.11111111111111,70.76444444444445
401594370,"March 01, 2024",Niagara Purple Eagles,315,61,False,68.56,77.5,71.415
401594360,"March 03, 2024",Niagara Purple Eagles,315,72,False,73.63,76.23076923076923,71.19538461538461
401625620,"March 12, 2024",Niagara Purple Eagles,315,67,True,62.955,75.92857142857143,71.36928571428571
401584389,"November 11, 2023",Niagara Purple Eagles,315,64,False,64.025,0.0,0.0
401584440,"December 09, 2023",Nicholls Colonels,2447,84,False,78.05,74.0,69.74666666666667
401584442,"December 30, 2023",Nicholls Colonels,2447,74,False,69.235,76.5,71.8225
401578972,"February 03, 2024",Nicholls Colonels,2447,83,False,67.375,75.0,70.65375
401579060,"February 05, 2024",Nicholls Colonels,2447,73,False,58.91,75.88888888888889,70.28944444444444
401579062,"February 12, 2024",Nicholls Colonels,2447,67,False,67.63,75.6,69.1515
401579024,"February 17, 2024",Nicholls Colonels,2447,47,False,67.49000000000001,74.81818181818181,69.01318181818182
401579063,"February 24, 2024",Nicholls Colonels,2447,85,False,67.77000000000001,72.5,68.88625
401579064,"February 26, 2024",Nicholls Colonels,2447,92,False,70.165,73.46153846153847,68.80038461538462
401579055,"January 09, 2024",Nicholls Colonels,2447,66,False,65.235,76.0,71.30499999999999
401579056,"January 13, 2024",Nicholls Colonels,2447,76,False,74.165,74.33333333333333,70.29333333333334
401579044,"January 15, 2024",Nicholls Colonels,2447,78,False,69.305,74.57142857142857,70.84642857142858
401625637,"March 11, 2024",Nicholls Colonels,2447,72,True,66.49,74.78571428571429,68.89785714285715
401610799,"November 15, 2023",Nicholls Colonels,2447,85,True,79.05,0.0,0.0
401604346,"November 17, 2023",Nicholls Colonels,2447,51,True,60.63,85.0,79.05
401584436,"November 21, 2023",Nicholls Colonels,2447,86,False,69.56,68.0,69.84
401611803,"December 18, 2023",Norfolk State Spartans,2450,108,False,74.49,90.75,74.75874999999999
401581563,"December 21, 2023",Norfolk State Spartans,2450,84,True,71.095,94.2,74.705
401594410,"February 03, 2024",Norfolk State Spartans,2450,65,False,64.63,91.55555555555556,74.61222222222221
401594412,"February 17, 2024",Norfolk State Spartans,2450,71,False,80.445,88.9,73.614
401594413,"February 19, 2024",Norfolk State Spartans,2450,80,False,73.375,87.27272727272727,74.235
401594407,"January 15, 2024",Norfolk State Spartans,2450,118,False,82.235,92.5,74.10333333333334
401589742,"January 27, 2024",Norfolk State Spartans,2450,68,False,72.955,96.14285714285714,75.265
401594409,"January 29, 2024",Norfolk State Spartans,2450,83,False,71.7,92.625,74.97625
401594416,"March 04, 2024",Norfolk State Spartans,2450,69,False,67.56,86.66666666666667,74.16333333333334
401594417,"March 07, 2024",Norfolk State Spartans,2450,77,False,65.235,85.3076923076923,73.65538461538462
401625566,"March 13, 2024",Norfolk State Spartans,2450,75,True,66.445,84.71428571428571,73.05392857142857
401625570,"March 15, 2024",Norfolk State Spartans,2450,74,True,65.445,84.06666666666666,72.61333333333333
401594401,"November 06, 2023",Norfolk State Spartans,2450,102,False,81.98,0.0,0.0
401594402,"November 09, 2023",Norfolk State Spartans,2450,90,False,72.42,102.0,81.98
401591552,"November 13, 2023",Norfolk State Spartans,2450,75,False,77.19,96.0,77.2
401594152,"November 28, 2023",Norfolk State Spartans,2450,96,False,67.445,89.0,77.19666666666667
401617203,"December 07, 2023",North Alabama Lions,2453,109,False,77.095,80.75,72.8575
401587117,"December 10, 2023",North Alabama Lions,2453,77,False,65.095,86.4,73.705
401587122,"February 01, 2024",North Alabama Lions,2453,79,False,65.885,82.1,72.0955
401587123,"February 03, 2024",North Alabama Lions,2453,70,False,63.955,81.81818181818181,71.53090909090909
401587125,"February 15, 2024",North Alabama Lions,2453,75,False,72.63,80.83333333333333,70.89958333333333
401574203,"February 17, 2024",North Alabama Lions,2453,79,False,65.91,80.38461538461539,71.0326923076923
401574423,"January 06, 2024",North Alabama Lions,2453,81,False,75.84,84.83333333333333,72.27
401575337,"January 11, 2024",North Alabama Lions,2453,69,False,57.49,84.28571428571429,72.78
401574439,"January 13, 2024",North Alabama Lions,2453,72,False,76.235,82.375,70.86875
401574539,"January 27, 2024",North Alabama Lions,2453,90,False,77.77,81.22222222222223,71.46499999999999
401587109,"November 06, 2023",North Alabama Lions,2453,93,False,73.165,0.0,0.0
401587110,"November 09, 2023",North Alabama Lions,2453,83,False,77.26,93.0,73.165
401587112,"November 18, 2023",North Alabama Lions,2453,61,False,75.235,88.0,75.2125
401587114,"November 30, 2023",North Alabama Lions,2453,86,False,65.77,79.0,75.22000000000001
401581729,"December 02, 2023",North Carolina A&T Aggies,2448,68,False,69.49,73.0,70.7
401581731,"December 12, 2023",North Carolina A&T Aggies,2448,62,False,70.445,70.5,70.095
401581732,"December 16, 2023",North Carolina A&T Aggies,2448,85,True,69.49,67.66666666666667,70.21166666666666
401600698,"February 01, 2024",North Carolina A&T Aggies,2448,59,False,59.745000000000005,71.875,69.249375
401600705,"February 03, 2024",North Carolina A&T Aggies,2448,65,False,64.7,70.44444444444444,68.19333333333333
401600716,"February 10, 2024",North Carolina A&T Aggies,2448,49,False,65.84,69.9,67.84400000000001
401600730,"February 17, 2024",North Carolina A&T Aggies,2448,54,False,60.955,68.0,67.66181818181818
401600755,"February 29, 2024",North Carolina A&T Aggies,2448,58,False,72.91,66.83333333333333,67.10291666666667
401600619,"January 04, 2024",North Carolina A&T Aggies,2448,76,False,64.16499999999999,72.0,70.03125
401600654,"January 11, 2024",North Carolina A&T Aggies,2448,63,False,66.165,72.8,68.85799999999999
401600670,"January 18, 2024",North Carolina A&T Aggies,2448,72,False,68.42,71.16666666666667,68.40916666666666
401600679,"January 20, 2024",North Carolina A&T Aggies,2448,76,False,75.12,71.28571428571429,68.41071428571429
401630139,"March 08, 2024",North Carolina A&T Aggies,2448,62,True,65.885,66.15384615384616,67.54961538461538
401581728,"November 24, 2023",North Carolina A&T Aggies,2448,73,True,70.7,0.0,0.0
401590922,"December 02, 2023",North Carolina Central Eagles,2428,82,False,75.33,110.0,83.7925
401590923,"December 15, 2023",North Carolina Central Eagles,2428,102,False,86.12,100.66666666666667,80.97166666666668
401590924,"December 20, 2023",North Carolina Central Eagles,2428,79,False,72.515,101.0,82.25875
401589744,"February 03, 2024",North Carolina Central Eagles,2428,77,False,64.955,91.0,76.84875
401606722,"February 05, 2024",North Carolina Central Eagles,2428,72,False,76.7,89.44444444444444,75.52722222222222
401604802,"February 24, 2024",North Carolina Central Eagles,2428,88,False,71.49000000000001,87.7,75.64450000000001
401604432,"February 26, 2024",North Carolina Central Eagles,2428,93,False,70.84,87.72727272727273,75.26681818181818
401590925,"January 03, 2024",North Carolina Central Eagles,2428,112,False,82.305,96.6,80.31
401607610,"January 06, 2024",North Carolina Central Eagles,2428,73,False,64.56,99.16666666666667,80.6425
401594406,"January 08, 2024",North Carolina Central Eagles,2428,60,False,66.375,95.42857142857143,78.345
401606751,"March 07, 2024",North Carolina Central Eagles,2428,79,False,66.375,88.16666666666667,74.89791666666667
401625567,"March 13, 2024",North Carolina Central Eagles,2428,87,True,75.26,87.46153846153847,74.2423076923077
401625571,"March 15, 2024",North Carolina Central Eagles,2428,58,True,66.375,87.42857142857143,74.31500000000001
401590878,"November 09, 2023",North Carolina Central Eagles,2428,107,False,86.165,0.0,0.0
401590880,"November 14, 2023",North Carolina Central Eagles,2428,113,False,81.42,107.0,86.165
401604092,"December 02, 2023",North Carolina Tar Heels,153,78,False,75.58500000000001,87.42857142857143,74.05857142857144
401583599,"December 29, 2023",North Carolina Tar Heels,153,105,False,73.815,86.25,74.249375
401604165,"February 03, 2024",North Carolina Tar Heels,153,93,False,78.885,89.08333333333333,74.81416666666667
401604171,"February 06, 2024",North Carolina Tar Heels,153,76,False,75.375,89.38461538461539,75.1273076923077
401604190,"February 17, 2024",North Carolina Tar Heels,153,96,False,75.305,88.42857142857143,75.145
401604211,"February 26, 2024",North Carolina Tar Heels,153,75,False,74.235,88.93333333333334,75.15566666666668
401604123,"January 13, 2024",North Carolina Tar Heels,153,103,False,84.235,88.33333333333333,74.20111111111112
401604132,"January 17, 2024",North Carolina Tar Heels,153,86,False,70.955,89.8,75.20450000000001
401604141,"January 22, 2024",North Carolina Tar Heels,153,85,False,74.77,89.45454545454545,74.81818181818181
401604219,"March 02, 2024",North Carolina Tar Heels,153,79,False,70.445,88.0625,75.098125
401604226,"March 05, 2024",North Carolina Tar Heels,153,84,False,67.56,87.52941176470588,74.82441176470589
401625407,"March 14, 2024",North Carolina Tar Heels,153,92,True,75.63,87.33333333333333,74.42083333333333
401625411,"March 15, 2024",North Carolina Tar Heels,153,72,True,65.21,87.57894736842105,74.48447368421053
401625413,"March 16, 2024",North Carolina Tar Heels,153,76,True,76.305,86.8,74.02074999999999
401583596,"November 06, 2023",North Carolina Tar Heels,153,86,False,72.305,0.0,0.0
401583597,"November 12, 2023",North Carolina Tar Heels,153,90,False,76.14,86.0,72.305
401583598,"November 17, 2023",North Carolina Tar Heels,153,77,False,69.815,88.0,74.2225
401580922,"November 22, 2023",North Carolina Tar Heels,153,91,True,74.58500000000001,84.33333333333333,72.75333333333333
401581520,"November 23, 2023",North Carolina Tar Heels,153,81,True,77.305,86.0,73.21125
401581524,"November 24, 2023",North Carolina Tar Heels,153,87,True,71.7,85.0,74.03
401574552,"November 29, 2023",North Carolina Tar Heels,153,100,False,76.56,85.33333333333333,73.64166666666667
401583845,"December 09, 2023",North Dakota Fighting Hawks,155,72,False,71.235,84.0,73.165
401597403,"December 12, 2023",North Dakota Fighting Hawks,155,87,False,64.815,81.6,72.779
401580022,"December 29, 2023",North Dakota Fighting Hawks,155,45,False,62.955,82.5,71.45166666666667
401580070,"February 03, 2024",North Dakota Fighting Hawks,155,60,False,62.885000000000005,80.6,70.0395
401580074,"February 08, 2024",North Dakota Fighting Hawks,155,99,False,77.98,78.72727272727273,69.38909090909091
401580077,"February 10, 2024",North Dakota Fighting Hawks,155,47,False,61.745,80.41666666666667,70.105
401580098,"February 29, 2024",North Dakota Fighting Hawks,155,62,False,61.675,77.84615384615384,69.46192307692307
401594019,"January 03, 2024",North Dakota Fighting Hawks,155,87,False,72.235,77.14285714285714,70.23785714285715
401580050,"January 18, 2024",North Dakota Fighting Hawks,155,87,False,67.05,78.375,70.4875
401580053,"January 20, 2024",North Dakota Fighting Hawks,155,92,False,69.445,79.33333333333333,70.10555555555555
401580103,"March 02, 2024",North Dakota Fighting Hawks,155,95,False,68.815,76.71428571428571,68.90571428571428
401625496,"March 10, 2024",North Dakota Fighting Hawks,155,72,True,66.42,77.93333333333334,68.89966666666666
401588312,"November 12, 2023",North Dakota Fighting Hawks,155,85,False,70.305,0.0,0.0
401597399,"November 16, 2023",North Dakota Fighting Hawks,155,93,False,69.49,85.0,70.305
401579034,"November 25, 2023",North Dakota Fighting Hawks,155,71,True,84.305,89.0,69.89750000000001
401597400,"November 28, 2023",North Dakota Fighting Hawks,155,87,False,68.56,83.0,74.7
401597999,"December 04, 2023",North Dakota State Bison,2449,83,False,75.12,97.0,74.79249999999999
401583844,"December 07, 2023",North Dakota State Bison,2449,78,False,65.955,92.33333333333333,74.90166666666666
401598000,"December 10, 2023",North Dakota State Bison,2449,108,False,70.60499999999999,88.75,72.66499999999999
401580020,"December 29, 2023",North Dakota State Bison,2449,66,False,69.235,92.6,72.253
401580072,"February 08, 2024",North Dakota State Bison,2449,82,False,71.49000000000001,84.11111111111111,71.11555555555555
401580076,"February 10, 2024",North Dakota State Bison,2449,81,False,70.56,83.9,71.15299999999999
401580088,"February 22, 2024",North Dakota State Bison,2449,64,False,61.35,83.63636363636364,71.09909090909092
401580092,"February 24, 2024",North Dakota State Bison,2449,73,False,66.095,82.0,70.28666666666668
401598001,"January 03, 2024",North Dakota State Bison,2449,86,False,71.235,88.16666666666667,71.75
401580048,"January 18, 2024",North Dakota State Bison,2449,70,False,74.49000000000001,87.85714285714286,71.67642857142857
401580052,"January 20, 2024",North Dakota State Bison,2449,72,False,63.815,85.625,72.028125
401580102,"March 02, 2024",North Dakota State Bison,2449,61,False,63.21,81.3076923076923,69.96423076923077
401597995,"November 08, 2023",North Dakota State Bison,2449,93,False,72.815,0.0,0.0
401597997,"November 20, 2023",North Dakota State Bison,2449,101,False,76.77,93.0,72.815
401584342,"December 02, 2023",North Florida Ospreys,2454,79,False,72.16499999999999,77.0,72.01375
401584343,"December 05, 2023",North Florida Ospreys,2454,99,False,72.42,77.4,72.044
401584344,"December 09, 2023",North Florida Ospreys,2454,64,False,69.77,81.0,72.10666666666667
401584345,"December 16, 2023",North Florida Ospreys,2454,113,False,86.375,78.57142857142857,71.77285714285713
401574529,"February 08, 2024",North Florida Ospreys,2454,74,False,69.84,83.75,72.43625
401574432,"February 10, 2024",North Florida Ospreys,2454,77,False,73.235,83.0,72.23653846153846
401574532,"February 28, 2024",North Florida Ospreys,2454,60,False,63.56,82.57142857142857,72.30785714285715
401574525,"January 12, 2024",North Florida Ospreys,2454,82,False,67.56,82.875,73.598125
401574513,"January 18, 2024",North Florida Ospreys,2454,84,False,73.165,82.77777777777777,72.92722222222223
401574526,"January 20, 2024",North Florida Ospreys,2454,91,False,71.42,82.9,72.951
401574528,"January 31, 2024",North Florida Ospreys,2454,85,False,68.305,83.63636363636364,72.81181818181818
401574533,"March 01, 2024",North Florida Ospreys,2454,78,False,64.84,81.06666666666666,71.72466666666666
401584335,"November 06, 2023",North Florida Ospreys,2454,92,False,77.375,0.0,0.0
401584338,"November 16, 2023",North Florida Ospreys,2454,69,False,77.095,92.0,77.375
401584339,"November 17, 2023",North Florida Ospreys,2454,80,False,73.445,80.5,77.235
401577563,"November 18, 2023",North Florida Ospreys,2454,67,False,60.14,80.33333333333333,75.97166666666666
401602609,"December 02, 2023",North Texas Mean Green,249,79,False,58.49,72.25,65.66499999999999
401608796,"December 23, 2023",North Texas Mean Green,249,78,False,62.91,73.6,64.22999999999999
401610339,"December 30, 2023",North Texas Mean Green,249,80,False,73.095,74.33333333333333,64.01
401602115,"February 03, 2024",North Texas Mean Green,249,55,False,60.77,73.81818181818181,64.8690909090909
401602136,"February 15, 2024",North Texas Mean Green,249,76,False,64.49000000000001,72.25,64.5275
401602150,"February 24, 2024",North Texas Mean Green,249,62,False,65.56,72.53846153846153,64.52461538461537
401602063,"January 06, 2024",North Texas Mean Green,249,70,False,62.30500000000001,75.14285714285714,65.30785714285715
401602075,"January 13, 2024",North Texas Mean Green,249,69,False,58.56,74.5,64.9325
401602099,"January 25, 2024",North Texas Mean Green,249,68,False,64.165,73.88888888888889,64.22444444444444
401602109,"January 31, 2024",North Texas Mean Green,249,79,False,71.375,73.3,64.21849999999999
401602168,"March 03, 2024",North Texas Mean Green,249,84,False,59.025000000000006,71.78571428571429,64.59857142857143
401602171,"March 06, 2024",North Texas Mean Green,249,76,False,70.05,72.6,64.227
401625464,"March 14, 2024",North Texas Mean Green,249,81,True,70.63,72.8125,64.5909375
401608973,"November 07, 2023",North Texas Mean Green,249,83,False,71.77,0.0,0.0
401581811,"November 11, 2023",North Texas Mean Green,249,75,False,60.375,83.0,71.77
401581341,"November 16, 2023",North Texas Mean Green,249,52,True,65.16499999999999,79.0,66.07249999999999
401609950,"November 26, 2023",North Texas Mean Green,249,79,False,65.35,70.0,65.77
401581859,"December 02, 2023",Northeastern Huskies,111,81,False,75.285,80.0,68.025
401594131,"December 06, 2023",Northeastern Huskies,111,71,False,62.745000000000005,80.33333333333333,70.445
401600717,"February 10, 2024",Northeastern Huskies,111,77,False,67.305,69.44444444444444,65.29166666666667
401600723,"February 15, 2024",Northeastern Huskies,111,73,False,64.28,70.2,65.49300000000001
401600738,"February 22, 2024",Northeastern Huskies,111,61,False,63.35,70.45454545454545,65.38272727272728
401600745,"February 24, 2024",Northeastern Huskies,111,70,False,71.63,69.66666666666667,65.21333333333334
401600624,"January 04, 2024",Northeastern Huskies,111,53,False,67.7,78.0,68.52
401600656,"January 11, 2024",Northeastern Huskies,111,71,False,65.16499999999999,73.0,68.356
401600665,"January 13, 2024",Northeastern Huskies,111,67,False,56.095,72.66666666666667,67.82416666666667
401600686,"January 25, 2024",Northeastern Huskies,111,54,False,62.35,71.85714285714286,66.14857142857143
401600694,"January 27, 2024",Northeastern Huskies,111,68,False,62.235,69.625,65.67375
401594129,"November 06, 2023",Northeastern Huskies,111,67,False,68.63,0.0,0.0
401594130,"November 21, 2023",Northeastern Huskies,111,93,True,67.42,67.0,68.63
401575409,"December 02, 2023",Northern Arizona Lumberjacks,2464,78,False,61.955,72.5,75.38499999999999
401584367,"December 16, 2023",Northern Arizona Lumberjacks,2464,76,False,73.42,74.33333333333333,70.90833333333333
401573426,"February 01, 2024",Northern Arizona Lumberjacks,2464,70,False,68.98,75.28571428571429,71.65642857142858
401573429,"February 03, 2024",Northern Arizona Lumberjacks,2464,79,False,67.98,74.625,71.321875
401573435,"February 08, 2024",Northern Arizona Lumberjacks,2464,66,False,69.42,75.11111111111111,70.95055555555557
401573441,"February 10, 2024",Northern Arizona Lumberjacks,2464,76,False,77.095,74.2,70.7975
401573452,"February 22, 2024",Northern Arizona Lumberjacks,2464,78,False,70.165,74.36363636363636,71.37
401573457,"February 24, 2024",Northern Arizona Lumberjacks,2464,76,False,73.91,74.66666666666667,71.26958333333333
401584369,"January 06, 2024",Northern Arizona Lumberjacks,2464,74,False,70.63,74.75,71.53625
401573405,"January 18, 2024",Northern Arizona Lumberjacks,2464,84,False,75.98,74.6,71.35499999999999
401573410,"January 20, 2024",Northern Arizona Lumberjacks,2464,70,False,68.84,76.16666666666667,72.12583333333333
401573470,"March 04, 2024",Northern Arizona Lumberjacks,2464,74,False,67.42,74.76923076923077,71.47269230769231
401625610,"March 09, 2024",Northern Arizona Lumberjacks,2464,60,True,63.745,74.71428571428571,71.18321428571429
401584362,"November 17, 2023",Northern Arizona Lumberjacks,2464,67,True,79.35,0.0,0.0
401601486,"November 18, 2023",Northern Arizona Lumberjacks,2464,78,True,71.42,67.0,79.35
401594015,"December 02, 2023",Northern Colorado Bears,2458,75,False,82.49,77.33333333333333,72.60000000000001
401573393,"December 30, 2023",Northern Colorado Bears,2458,92,False,66.305,76.75,75.0725
401573425,"February 01, 2024",Northern Colorado Bears,2458,91,False,80.515,81.5,72.3425
401573430,"February 03, 2024",Northern Colorado Bears,2458,63,False,73.235,82.55555555555556,73.25055555555555
401573436,"February 08, 2024",Northern Colorado Bears,2458,73,False,70.745,80.6,73.249
401573440,"February 10, 2024",Northern Colorado Bears,2458,87,False,70.235,79.9090909090909,73.02136363636363
401573453,"February 22, 2024",Northern Colorado Bears,2458,76,False,64.49000000000001,80.5,72.78916666666667
401573456,"February 24, 2024",Northern Colorado Bears,2458,76,False,72.025,80.15384615384616,72.15076923076923
401580038,"January 06, 2024",Northern Colorado Bears,2458,86,False,75.63,79.8,73.319
401573406,"January 18, 2024",Northern Colorado Bears,2458,77,False,63.885000000000005,80.83333333333333,73.70416666666667
401573411,"January 20, 2024",Northern Colorado Bears,2458,90,False,72.63,80.28571428571429,72.30142857142857
401625612,"March 10, 2024",Northern Colorado Bears,2458,76,True,72.7,79.85714285714286,72.14178571428572
401594009,"November 06, 2023",Northern Colorado Bears,2458,87,False,76.86500000000001,0.0,0.0
401594010,"November 08, 2023",Northern Colorado Bears,2458,81,False,67.235,87.0,76.86500000000001
401594011,"November 14, 2023",Northern Colorado Bears,2458,64,False,73.7,84.0,72.05000000000001
401588602,"December 05, 2023",Northern Illinois Huskies,2459,67,False,72.63,99.0,82.015
401588606,"December 18, 2023",Northern Illinois Huskies,2459,92,False,77.77,88.33333333333333,78.88666666666667
401588610,"December 21, 2023",Northern Illinois Huskies,2459,63,False,64.91,89.25,78.6075
401588672,"February 03, 2024",Northern Illinois Huskies,2459,76,False,68.095,76.88888888888889,73.11388888888888
401588679,"February 13, 2024",Northern Illinois Huskies,2459,72,False,68.515,76.8,72.612
401588691,"February 20, 2024",Northern Illinois Huskies,2459,63,False,73.84,76.36363636363636,72.23954545454545
401588697,"February 24, 2024",Northern Illinois Huskies,2459,59,False,68.77,75.25,72.37291666666667
401588619,"January 02, 2024",Northern Illinois Huskies,2459,51,False,64.49000000000001,84.0,75.868
401588637,"January 13, 2024",Northern Illinois Huskies,2459,72,False,74.655,78.5,73.97166666666666
401588643,"January 16, 2024",Northern Illinois Huskies,2459,76,False,66.49000000000001,77.57142857142857,74.06928571428571
401588654,"January 23, 2024",Northern Illinois Huskies,2459,73,False,73.05,77.375,73.121875
401588715,"March 05, 2024",Northern Illinois Huskies,2459,63,False,65.375,74.0,72.09576923076924
401574585,"November 11, 2023",Northern Illinois Huskies,2459,91,False,81.515,0.0,0.0
401588587,"November 13, 2023",Northern Illinois Huskies,2459,107,False,82.515,91.0,81.515
401593793,"December 06, 2023",Northern Iowa Panthers,2460,78,False,73.7,75.75,71.1125
401598020,"December 12, 2023",Northern Iowa Panthers,2460,74,False,68.19,76.2,71.63
401602188,"December 17, 2023",Northern Iowa Panthers,2460,100,False,72.235,75.83333333333333,71.05666666666667
401601878,"February 03, 2024",Northern Iowa Panthers,2460,43,False,57.35,74.45454545454545,69.6809090909091
401601886,"February 07, 2024",Northern Iowa Panthers,2460,72,False,64.7,71.83333333333333,68.65333333333334
401601904,"February 18, 2024",Northern Iowa Panthers,2460,74,False,68.7,71.84615384615384,68.34923076923077
401601915,"February 24, 2024",Northern Iowa Panthers,2460,91,False,73.77,72.0,68.37428571428572
401601917,"February 27, 2024",Northern Iowa Panthers,2460,68,False,71.28,73.26666666666667,68.734
401601832,"January 07, 2024",Northern Iowa Panthers,2460,66,False,69.56,79.28571428571429,71.225
401601837,"January 10, 2024",Northern Iowa Panthers,2460,67,False,67.63,77.625,71.016875
401601854,"January 20, 2024",Northern Iowa Panthers,2460,61,False,64.42,76.44444444444444,70.64055555555555
401601858,"January 23, 2024",Northern Iowa Panthers,2460,70,False,66.305,74.9,70.01849999999999
401625665,"March 08, 2024",Northern Iowa Panthers,2460,67,True,77.515,72.9375,68.893125
401608974,"November 14, 2023",Northern Iowa Panthers,2460,90,False,74.98,0.0,0.0
401581519,"November 23, 2023",Northern Iowa Panthers,2460,70,True,68.165,90.0,74.98
401581526,"November 24, 2023",Northern Iowa Panthers,2460,73,True,68.955,80.0,71.5725
401601811,"November 29, 2023",Northern Iowa Panthers,2460,70,False,72.35,77.66666666666667,70.7
401594232,"December 09, 2023",Northern Kentucky Norse,94,76,False,67.84,80.5,74.665
401594233,"December 14, 2023",Northern Kentucky Norse,94,94,False,79.05,79.6,73.3
401587723,"February 04, 2024",Northern Kentucky Norse,94,78,False,76.305,79.3,72.316
401587727,"February 08, 2024",Northern Kentucky Norse,94,99,False,79.49,79.18181818181819,72.67863636363637
401587731,"February 10, 2024",Northern Kentucky Norse,94,79,False,72.7,80.83333333333333,73.24625
401587745,"February 22, 2024",Northern Kentucky Norse,94,75,False,69.375,80.6923076923077,73.20423076923076
401587752,"February 25, 2024",Northern Kentucky Norse,94,80,False,72.305,80.28571428571429,72.93071428571429
401587679,"January 04, 2024",Northern Kentucky Norse,94,79,False,68.49000000000001,82.0,74.25833333333334
401587699,"January 18, 2024",Northern Kentucky Norse,94,90,False,72.745,81.57142857142857,73.4342857142857
401587701,"January 20, 2024",Northern Kentucky Norse,94,74,False,62.885,82.625,73.34812500000001
401587705,"January 25, 2024",Northern Kentucky Norse,94,58,False,73.49000000000001,81.66666666666667,72.18555555555557
401625699,"March 11, 2024",Northern Kentucky Norse,94,75,True,75.05,80.26666666666667,72.889
401594229,"November 14, 2023",Northern Kentucky Norse,94,85,False,78.56,0.0,0.0
401594231,"November 22, 2023",Northern Kentucky Norse,94,88,False,74.305,85.0,78.56
401576637,"November 25, 2023",Northern Kentucky Norse,94,72,False,71.91,86.5,76.4325
401587639,"November 29, 2023",Northern Kentucky Norse,94,77,False,73.885,81.66666666666667,74.925
401593836,"December 16, 2023",Northwestern State Demons,2466,51,False,64.35,82.0,77.28166666666667
401604271,"December 19, 2023",Northwestern State Demons,2466,99,False,73.885,74.25,74.04875
401579071,"February 03, 2024",Northwestern State Demons,2466,70,False,66.63,76.55555555555556,73.85
401579072,"February 10, 2024",Northwestern State Demons,2466,59,False,66.63,75.9,73.128
401579049,"February 12, 2024",Northwestern State Demons,2466,70,False,72.165,74.36363636363636,72.53727272727272
401579014,"January 08, 2024",Northwestern State Demons,2466,59,False,74.375,79.2,74.01599999999999
401579068,"January 13, 2024",Northwestern State Demons,2466,97,False,76.375,75.83333333333333,74.07583333333334
401578967,"January 15, 2024",Northwestern State Demons,2466,69,False,77.305,78.85714285714286,74.40428571428572
401579070,"January 27, 2024",Northwestern State Demons,2466,68,False,66.515,77.625,74.766875
401579075,"March 02, 2024",Northwestern State Demons,2466,77,False,80.63,74.0,72.50625000000001
401579065,"March 04, 2024",Northwestern State Demons,2466,62,False,62.98,74.23076923076923,73.13115384615385
401625635,"March 10, 2024",Northwestern State Demons,2466,64,True,65.12,73.35714285714286,72.40607142857142
401602356,"November 06, 2023",Northwestern State Demons,2466,101,False,82.63,0.0,0.0
401602357,"November 13, 2023",Northwestern State Demons,2466,70,False,80.7,101.0,82.63
401594072,"November 18, 2023",Northwestern State Demons,2466,75,True,68.515,85.5,81.66499999999999
401600295,"December 01, 2023",Northwestern Wildcats,77,92,False,81.12,73.75,63.525000000000006
401581721,"December 10, 2023",Northwestern Wildcats,77,91,False,69.7,77.4,67.04400000000001
401581722,"December 13, 2023",Northwestern Wildcats,77,73,False,67.77000000000001,79.66666666666667,67.48666666666666
401581725,"December 29, 2023",Northwestern Wildcats,77,74,False,68.56,78.71428571428571,67.52714285714286
401600374,"February 07, 2024",Northwestern Wildcats,77,80,False,71.77,80.33333333333333,67.63208333333334
401600383,"February 11, 2024",Northwestern Wildcats,77,68,False,70.445,80.3076923076923,67.95038461538462
401600401,"February 22, 2024",Northwestern Wildcats,77,76,False,59.63,79.42857142857143,68.12857142857143
401600318,"January 07, 2024",Northwestern Wildcats,77,88,False,65.63,78.125,67.65625
401600336,"January 17, 2024",Northwestern Wildcats,77,72,False,62.77,79.22222222222223,67.43111111111111
401600349,"January 24, 2024",Northwestern Wildcats,77,96,False,77.84,78.5,66.965
401600356,"January 27, 2024",Northwestern Wildcats,77,83,False,64.095,80.0909090909091,67.95363636363636
401600417,"March 02, 2024",Northwestern Wildcats,77,80,False,63.56,79.2,67.562
401600427,"March 09, 2024",Northwestern Wildcats,77,90,False,62.025000000000006,79.25,67.311875
401625685,"March 15, 2024",Northwestern Wildcats,77,61,True,64.63,79.88235294117646,67.00088235294118
401574590,"November 06, 2023",Northwestern Wildcats,77,72,False,69.42,0.0,0.0
401577531,"November 10, 2023",Northwestern Wildcats,77,71,False,58.7,72.0,69.42
401581719,"November 14, 2023",Northwestern Wildcats,77,63,False,59.42,71.5,64.06
401581720,"November 27, 2023",Northwestern Wildcats,77,89,False,66.56,68.66666666666667,62.51333333333334
401581766,"December 05, 2023",Notre Dame Fighting Irish,87,86,False,67.885,66.25,68.025
401575488,"December 16, 2023",Notre Dame Fighting Irish,87,68,False,72.305,70.2,67.997
401582014,"December 19, 2023",Notre Dame Fighting Irish,87,45,False,67.025,69.83333333333333,68.715
401582015,"December 22, 2023",Notre Dame Fighting Irish,87,60,False,58.7,66.28571428571429,68.47357142857143
401604096,"December 30, 2023",Notre Dame Fighting Irish,87,76,False,64.095,65.5,67.251875
401604181,"February 10, 2024",Notre Dame Fighting Irish,87,74,False,66.88499999999999,63.42857142857143,66.58321428571428
401604189,"February 14, 2024",Notre Dame Fighting Irish,87,58,False,58.885,64.13333333333334,66.60333333333332
401604214,"February 27, 2024",Notre Dame Fighting Irish,87,70,False,66.77,63.75,66.1209375
401604104,"January 03, 2024",Notre Dame Fighting Irish,87,52,False,60.35,66.66666666666667,66.9011111111111
401604110,"January 06, 2024",Notre Dame Fighting Irish,87,59,False,71.235,65.2,66.24600000000001
401604124,"January 13, 2024",Notre Dame Fighting Irish,87,58,False,64.88499999999999,64.63636363636364,66.69954545454546
401604146,"January 24, 2024",Notre Dame Fighting Irish,87,61,False,71.095,64.08333333333333,66.54833333333333
401604153,"January 27, 2024",Notre Dame Fighting Irish,87,58,False,62.49,63.84615384615385,66.89807692307691
401604223,"March 02, 2024",Notre Dame Fighting Irish,87,69,False,66.49,64.11764705882354,66.15911764705882
401625400,"March 12, 2024",Notre Dame Fighting Irish,87,84,True,68.77,64.38888888888889,66.1775
401582011,"November 06, 2023",Notre Dame Fighting Irish,87,70,False,64.56,0.0,0.0
401582012,"November 11, 2023",Notre Dame Fighting Irish,87,61,False,67.63,70.0,64.56
401582155,"November 16, 2023",Notre Dame Fighting Irish,87,59,True,71.165,65.5,66.095
401582013,"November 22, 2023",Notre Dame Fighting Irish,87,75,False,68.745,63.333333333333336,67.78500000000001
401587640,"December 02, 2023",Oakland Golden Grizzlies,2473,77,False,72.21000000000001,81.0,77.445
401577694,"December 06, 2023",Oakland Golden Grizzlies,2473,68,False,69.745,79.0,74.8275
401587718,"February 01, 2024",Oakland Golden Grizzlies,2473,87,False,65.235,77.85714285714286,74.32785714285716
401587720,"February 03, 2024",Oakland Golden Grizzlies,2473,83,False,63.955,79.0,73.19125
401587741,"February 17, 2024",Oakland Golden Grizzlies,2473,107,False,68.56,79.44444444444444,72.165
401587753,"February 25, 2024",Oakland Golden Grizzlies,2473,75,False,78.095,82.2,71.8045
401587677,"January 04, 2024",Oakland Golden Grizzlies,2473,100,False,86.86500000000001,75.33333333333333,73.13333333333334
401587680,"January 06, 2024",Oakland Golden Grizzlies,2473,79,False,68.515,81.5,76.56625
401587687,"January 10, 2024",Oakland Golden Grizzlies,2473,70,False,79.56,81.0,74.956
401587697,"January 17, 2024",Oakland Golden Grizzlies,2473,70,False,65.955,79.16666666666667,75.72333333333334
401587760,"March 02, 2024",Oakland Golden Grizzlies,2473,75,False,58.63,81.54545454545455,72.37636363636364
401625697,"March 07, 2024",Oakland Golden Grizzlies,2473,75,False,71.815,81.0,71.23083333333334
401625698,"March 11, 2024",Oakland Golden Grizzlies,2473,74,True,73.77,80.53846153846153,71.27576923076923
401625700,"March 12, 2024",Oakland Golden Grizzlies,2473,83,True,70.445,80.07142857142857,71.45392857142858
401588588,"November 14, 2023",Oakland Golden Grizzlies,2473,81,False,77.445,0.0,0.0
401587200,"December 02, 2023",Ohio Bobcats,195,74,False,70.165,84.33333333333333,81.32833333333333
401583780,"December 06, 2023",Ohio Bobcats,195,72,False,70.63,81.75,78.5375
401581850,"December 09, 2023",Ohio Bobcats,195,69,False,77.025,79.8,76.95599999999999
401587201,"December 18, 2023",Ohio Bobcats,195,108,False,71.14,78.0,76.9675
401587203,"December 30, 2023",Ohio Bobcats,195,69,True,78.445,82.28571428571429,76.135
401588670,"February 03, 2024",Ohio Bobcats,195,78,False,61.49,80.6923076923077,73.22576923076923
401588689,"February 20, 2024",Ohio Bobcats,195,63,False,61.84,80.5,72.3875
401588701,"February 27, 2024",Ohio Bobcats,195,74,False,65.7,79.33333333333333,71.68433333333334
401588614,"January 02, 2024",Ohio Bobcats,195,77,False,68.58500000000001,80.625,76.42375
401588620,"January 06, 2024",Ohio Bobcats,195,78,False,62.35,80.22222222222223,75.55277777777778
401588642,"January 16, 2024",Ohio Bobcats,195,73,False,67.815,80.0,74.2325
401588645,"January 20, 2024",Ohio Bobcats,195,85,False,67.7,79.36363636363636,73.6490909090909
401588665,"January 30, 2024",Ohio Bobcats,195,91,False,74.095,79.83333333333333,73.15333333333334
401588707,"March 01, 2024",Ohio Bobcats,195,66,False,63.56,79.0,71.31031250000001
401625503,"March 14, 2024",Ohio Bobcats,195,82,True,70.56,78.23529411764706,70.85441176470589
401574578,"November 08, 2023",Ohio Bobcats,195,88,False,78.12,0.0,0.0
401583754,"November 18, 2023",Ohio Bobcats,195,71,False,67.42,88.0,78.12
401581075,"November 24, 2023",Ohio Bobcats,195,94,True,98.445,79.5,72.77000000000001
401600297,"December 03, 2023",Ohio State Buckeyes,194,84,False,70.7,79.0,69.1575
401577638,"December 06, 2023",Ohio State Buckeyes,194,84,False,66.375,79.71428571428571,69.37785714285714
401581146,"December 16, 2023",Ohio State Buckeyes,194,67,True,72.235,80.25,69.0025
401577639,"December 21, 2023",Ohio State Buckeyes,194,78,False,68.235,78.77777777777777,69.36166666666666
401575478,"December 30, 2023",Ohio State Buckeyes,194,78,True,78.56,78.7,69.249
401600371,"February 06, 2024",Ohio State Buckeyes,194,73,False,71.58500000000001,77.0,69.148
401600379,"February 10, 2024",Ohio State Buckeyes,194,79,False,79.05,76.75,69.3003125
401600395,"February 18, 2024",Ohio State Buckeyes,194,73,False,62.885,76.88235294117646,69.87382352941177
401600415,"February 29, 2024",Ohio State Buckeyes,194,78,False,71.28,76.66666666666667,69.48555555555555
401600310,"January 03, 2024",Ohio State Buckeyes,194,76,False,71.42,78.63636363636364,70.09545454545454
401600323,"January 10, 2024",Ohio State Buckeyes,194,60,False,59.35,78.41666666666667,70.20583333333333
401600342,"January 20, 2024",Ohio State Buckeyes,194,79,False,69.375,77.0,69.37076923076924
401600358,"January 30, 2024",Ohio State Buckeyes,194,75,False,66.025,77.14285714285714,69.37107142857143
401600421,"March 03, 2024",Ohio State Buckeyes,194,84,False,73.77,76.73684210526316,69.58
401577633,"November 06, 2023",Ohio State Buckeyes,194,79,False,68.05,0.0,0.0
401575510,"November 10, 2023",Ohio State Buckeyes,194,66,False,67.095,79.0,68.05
401577634,"November 15, 2023",Ohio State Buckeyes,194,76,False,67.305,72.5,67.57249999999999
401577635,"November 19, 2023",Ohio State Buckeyes,194,73,False,66.885,73.66666666666667,67.48333333333333
401577636,"November 24, 2023",Ohio State Buckeyes,194,92,True,74.91,73.5,67.33375000000001
401577637,"November 29, 2023",Ohio State Buckeyes,194,88,False,70.7,77.2,68.849
401574567,"December 05, 2023",Oklahoma Sooners,201,72,False,69.21000000000001,92.2,73.575
401584354,"December 09, 2023",Oklahoma Sooners,201,79,True,73.58500000000001,88.83333333333333,72.8475
401584355,"December 16, 2023",Oklahoma Sooners,201,81,False,68.745,87.42857142857143,72.95285714285714
401578668,"December 20, 2023",Oklahoma Sooners,201,69,True,76.84,86.625,72.426875
401574420,"December 28, 2023",Oklahoma Sooners,201,88,False,73.49,84.66666666666667,72.91722222222222
401583752,"December 31, 2023",Oklahoma Sooners,201,72,False,63.28,85.0,72.9745
401603463,"February 06, 2024",Oklahoma Sooners,201,82,False,71.56,80.93333333333334,70.96033333333334
401603468,"February 10, 2024",Oklahoma Sooners,201,66,False,71.98,81.0,70.9978125
401603479,"February 17, 2024",Oklahoma Sooners,201,57,False,68.305,80.11764705882354,71.05558823529411
401603402,"January 06, 2024",Oklahoma Sooners,201,71,False,64.885,83.81818181818181,72.09318181818182
401603424,"January 17, 2024",Oklahoma Sooners,201,77,False,69.7,82.75,71.49249999999999
401603435,"January 23, 2024",Oklahoma Sooners,201,60,False,66.63,82.3076923076923,71.35461538461539
401603444,"January 27, 2024",Oklahoma Sooners,201,84,False,70.165,80.71428571428571,71.01714285714286
401603506,"March 02, 2024",Oklahoma Sooners,201,85,False,64.63,78.83333333333333,70.90277777777777
401603511,"March 05, 2024",Oklahoma Sooners,201,74,False,80.19,79.15789473684211,70.57263157894738
401584349,"November 06, 2023",Oklahoma Sooners,201,89,False,74.05,0.0,0.0
401584350,"November 10, 2023",Oklahoma Sooners,201,82,False,64.49000000000001,89.0,74.05
401584351,"November 14, 2023",Oklahoma Sooners,201,93,False,71.445,85.5,69.27000000000001
401584352,"November 17, 2023",Oklahoma Sooners,201,90,False,77.445,88.0,69.995
401584353,"November 30, 2023",Oklahoma Sooners,201,107,False,80.445,88.5,71.8575
401603542,"December 10, 2023",Oklahoma State Cowboys,197,72,True,78.91,76.83333333333333,72.35083333333334
401594607,"December 17, 2023",Oklahoma State Cowboys,197,81,False,68.28,76.14285714285714,73.28785714285713
401594585,"December 20, 2023",Oklahoma State Cowboys,197,76,False,73.675,76.75,72.661875
401603543,"December 31, 2023",Oklahoma State Cowboys,197,86,False,76.7,76.66666666666667,72.77444444444444
401603454,"February 03, 2024",Oklahoma State Cowboys,197,75,False,68.63,74.86666666666666,71.799
401603480,"February 17, 2024",Oklahoma State Cowboys,197,93,False,70.515,74.875,71.6009375
401603493,"February 24, 2024",Oklahoma State Cowboys,197,82,False,64.885,75.94117647058823,71.53705882352942
401603502,"February 28, 2024",Oklahoma State Cowboys,197,71,False,74.26,76.27777777777777,71.1675
401600246,"January 03, 2024",Oklahoma State Cowboys,197,72,False,67.025,77.6,73.167
401603403,"January 06, 2024",Oklahoma State Cowboys,197,70,False,70.7,77.0909090909091,72.60863636363636
401603422,"January 16, 2024",Oklahoma State Cowboys,197,66,False,72.84,76.5,72.44958333333334
401603436,"January 23, 2024",Oklahoma State Cowboys,197,69,False,62.84,75.6923076923077,72.47961538461539
401603445,"January 27, 2024",Oklahoma State Cowboys,197,70,False,71.91,75.21428571428571,71.79107142857143
401603513,"March 05, 2024",Oklahoma State Cowboys,197,58,False,68.095,76.0,71.33026315789475
401600131,"November 06, 2023",Oklahoma State Cowboys,197,59,False,69.88499999999999,0.0,0.0
401603540,"November 12, 2023",Oklahoma State Cowboys,197,85,False,68.63,59.0,69.88499999999999
401582157,"November 17, 2023",Oklahoma State Cowboys,197,64,True,72.56,72.0,69.2575
401579033,"November 20, 2023",Oklahoma State Cowboys,197,96,False,73.84,69.33333333333333,70.35833333333333
401603541,"November 24, 2023",Oklahoma State Cowboys,197,92,False,80.305,76.0,71.22874999999999
401574560,"November 30, 2023",Oklahoma State Cowboys,197,65,False,68.885,79.2,73.04400000000001
401581841,"December 09, 2023",Old Dominion Monarchs,295,69,False,71.885,66.0,68.9325
401581338,"December 21, 2023",Old Dominion Monarchs,295,87,True,85.33,66.6,69.523
401581555,"December 22, 2023",Old Dominion Monarchs,295,78,True,70.025,70.0,72.1575
401581704,"December 30, 2023",Old Dominion Monarchs,295,59,False,73.815,71.14285714285714,71.85285714285715
401634064,"February 10, 2024",Old Dominion Monarchs,295,57,False,63.745,71.08333333333333,72.88416666666667
401581683,"February 15, 2024",Old Dominion Monarchs,295,60,False,72.63,70.0,72.18115384615385
401581663,"February 17, 2024",Old Dominion Monarchs,295,65,False,64.025,69.28571428571429,72.21321428571429
401581507,"February 22, 2024",Old Dominion Monarchs,295,67,False,69.955,69.0,71.66733333333333
401581641,"February 24, 2024",Old Dominion Monarchs,295,75,False,75.235,68.875,71.5603125
401581700,"January 18, 2024",Old Dominion Monarchs,295,91,False,75.49,69.625,72.098125
401581691,"January 20, 2024",Old Dominion Monarchs,295,73,False,70.26,72.0,72.475
401581673,"January 24, 2024",Old Dominion Monarchs,295,62,False,75.095,72.1,72.2535
401581648,"January 27, 2024",Old Dominion Monarchs,295,70,False,76.98,71.18181818181819,72.51181818181819
401581854,"November 06, 2023",Old Dominion Monarchs,295,71,False,73.375,0.0,0.0
401581856,"November 22, 2023",Old Dominion Monarchs,295,56,False,63.49,71.0,73.375
401581857,"November 26, 2023",Old Dominion Monarchs,295,68,False,73.165,63.5,68.4325
401581858,"November 29, 2023",Old Dominion Monarchs,295,69,False,65.7,65.0,70.01
401583603,"December 02, 2023",Ole Miss Rebels,145,80,False,75.025,71.2,68.146
401594347,"December 05, 2023",Ole Miss Rebels,145,77,False,71.28,72.66666666666667,69.2925
401578030,"December 16, 2023",Ole Miss Rebels,145,88,True,69.56,73.28571428571429,69.57642857142858
401591573,"December 19, 2023",Ole Miss Rebels,145,74,False,70.025,75.125,69.574375
401594546,"December 23, 2023",Ole Miss Rebels,145,89,True,69.98,75.0,69.62444444444445
401594547,"December 31, 2023",Ole Miss Rebels,145,95,False,80.095,76.4,69.66
401597165,"February 03, 2024",Ole Miss Rebels,145,77,False,67.955,79.6,69.96166666666666
401597187,"February 17, 2024",Ole Miss Rebels,145,79,False,65.05,79.4375,69.83625
401597203,"February 24, 2024",Ole Miss Rebels,145,59,False,68.12,79.41176470588235,69.55470588235295
401597212,"February 28, 2024",Ole Miss Rebels,145,88,False,75.77,78.27777777777777,69.475
401597120,"January 10, 2024",Ole Miss Rebels,145,103,False,74.7,78.0909090909091,70.60863636363636
401597125,"January 13, 2024",Ole Miss Rebels,145,69,False,64.7,80.16666666666667,70.94958333333334
401597148,"January 24, 2024",Ole Miss Rebels,145,77,False,65.63,79.3076923076923,70.46884615384616
401597157,"January 30, 2024",Ole Miss Rebels,145,86,False,67.7,79.14285714285714,70.12321428571428
401597231,"March 09, 2024",Ole Miss Rebels,145,60,False,66.025,78.78947368421052,69.80631578947369
401594542,"November 06, 2023",Ole Miss Rebels,145,69,False,72.375,0.0,0.0
401593970,"November 10, 2023",Ole Miss Rebels,145,75,False,71.955,69.0,72.375
401594543,"November 14, 2023",Ole Miss Rebels,145,70,False,63.21,72.0,72.16499999999999
401594544,"November 17, 2023",Ole Miss Rebels,145,70,False,66.49,71.33333333333333,69.17999999999999
401574550,"November 28, 2023",Ole Miss Rebels,145,72,False,66.7,71.0,68.5075
401581820,"December 17, 2023",Omaha Mavericks,2437,88,False,72.4,83.66666666666667,72.63833333333334
401580023,"December 29, 2023",Omaha Mavericks,2437,80,False,72.725,84.28571428571429,72.60428571428572
401580067,"February 01, 2024",Omaha Mavericks,2437,69,False,62.235,83.16666666666667,71.10375
401580083,"February 15, 2024",Omaha Mavericks,2437,91,False,69.235,82.07692307692308,70.42153846153846
401580087,"February 17, 2024",Omaha Mavericks,2437,77,False,79.91,82.71428571428571,70.33678571428571
401580091,"February 22, 2024",Omaha Mavericks,2437,71,False,68.955,82.33333333333333,70.975
401581822,"January 03, 2024",Omaha Mavericks,2437,81,False,65.26,83.75,72.619375
401580041,"January 11, 2024",Omaha Mavericks,2437,79,False,67.305,83.44444444444444,71.80166666666668
401580047,"January 13, 2024",Omaha Mavericks,2437,96,False,72.7,83.0,71.352
401580055,"January 20, 2024",Omaha Mavericks,2437,72,False,67.025,84.18181818181819,71.47454545454546
401625498,"March 11, 2024",Omaha Mavericks,2437,63,True,69.84,81.625,70.84875
401581810,"November 06, 2023",Omaha Mavericks,2437,85,False,73.56,0.0,0.0
401581814,"November 16, 2023",Omaha Mavericks,2437,89,True,74.98,85.0,73.56
401581813,"November 17, 2023",Omaha Mavericks,2437,70,True,70.235,87.0,74.27000000000001
401581815,"November 22, 2023",Omaha Mavericks,2437,76,False,68.84,81.33333333333333,72.925
401581874,"November 27, 2023",Omaha Mavericks,2437,104,False,76.56,80.0,71.90375
401581817,"November 30, 2023",Omaha Mavericks,2437,78,False,71.655,84.8,72.83500000000001
401594604,"December 02, 2023",Oral Roberts Golden Eagles,198,79,False,71.095,69.5,66.71000000000001
401594605,"December 09, 2023",Oral Roberts Golden Eagles,198,110,False,71.21000000000001,72.66666666666667,68.17166666666667
401594608,"December 19, 2023",Oral Roberts Golden Eagles,198,71,False,71.21000000000001,82.0,68.93125
401580068,"February 03, 2024",Oral Roberts Golden Eagles,198,82,False,77.235,79.8,69.9505
401580080,"February 15, 2024",Oral Roberts Golden Eagles,198,60,False,72.35,80.0,70.61272727272727
401580084,"February 17, 2024",Oral Roberts Golden Eagles,198,65,False,74.795,78.33333333333333,70.75750000000001
401580037,"January 06, 2024",Oral Roberts Golden Eagles,198,78,False,67.305,79.8,69.387
401580040,"January 11, 2024",Oral Roberts Golden Eagles,198,84,False,75.095,79.5,69.04
401580044,"January 13, 2024",Oral Roberts Golden Eagles,198,76,False,71.98,80.14285714285714,69.905
401580058,"January 25, 2024",Oral Roberts Golden Eagles,198,74,False,68.49,79.625,70.164375
401580061,"January 27, 2024",Oral Roberts Golden Eagles,198,87,False,69.7,79.0,69.97833333333334
401580101,"March 03, 2024",Oral Roberts Golden Eagles,198,54,False,65.49000000000001,77.3076923076923,71.06807692307692
401625492,"March 08, 2024",Oral Roberts Golden Eagles,198,77,True,65.49000000000001,75.64285714285714,70.66964285714286
401594602,"November 10, 2023",Oral Roberts Golden Eagles,198,74,False,69.14,0.0,0.0
401581870,"November 21, 2023",Oral Roberts Golden Eagles,198,65,False,64.28,74.0,69.14
401577630,"December 02, 2023",Oregon Ducks,2483,86,False,70.63,84.4,76.15599999999999
401600242,"December 09, 2023",Oregon Ducks,2483,71,False,69.63,84.66666666666667,75.235
401594628,"December 12, 2023",Oregon Ducks,2483,76,False,67.235,82.71428571428571,74.4342857142857
401586913,"December 17, 2023",Oregon Ducks,2483,63,True,79.77,81.875,73.534375
401597923,"December 21, 2023",Oregon Ducks,2483,84,False,72.63,79.77777777777777,74.22722222222222
401607351,"December 28, 2023",Oregon Ducks,2483,82,False,72.12,80.2,74.0675
401607357,"December 30, 2023",Oregon Ducks,2483,64,False,64.88499999999999,80.36363636363636,73.89045454545455
401607414,"February 08, 2024",Oregon Ducks,2483,85,False,80.655,79.06666666666666,72.72333333333333
401607452,"February 10, 2024",Oregon Ducks,2483,56,False,64.49,79.4375,73.21906249999999
401607468,"February 28, 2024",Oregon Ducks,2483,78,False,67.28,78.05882352941177,72.70558823529412
401607379,"January 13, 2024",Oregon Ducks,2483,80,False,72.165,79.0,73.14
401607394,"January 25, 2024",Oregon Ducks,2483,80,False,69.56,79.07692307692308,73.065
401607398,"January 27, 2024",Oregon Ducks,2483,78,False,71.445,79.14285714285714,72.81464285714286
401607460,"March 07, 2024",Oregon Ducks,2483,75,False,64.21000000000001,78.05555555555556,72.40416666666667
401607446,"March 09, 2024",Oregon Ducks,2483,66,False,71.165,77.89473684210526,71.9728947368421
401625478,"March 14, 2024",Oregon Ducks,2483,68,True,63.84,77.3,71.9325
401581587,"November 06, 2023",Oregon Ducks,2483,82,True,86.05,0.0,0.0
401600291,"November 10, 2023",Oregon Ducks,2483,75,False,68.49,82.0,86.05
401594463,"November 17, 2023",Oregon Ducks,2483,92,False,72.025,78.5,77.27
401579113,"November 24, 2023",Oregon Ducks,2483,82,True,75.235,83.0,75.52166666666666
401582161,"November 25, 2023",Oregon Ducks,2483,91,True,78.98,82.75,75.45
401602634,"December 04, 2023",Oregon State Beavers,204,70,False,81.165,77.4,76.784
401584454,"December 09, 2023",Oregon State Beavers,204,74,False,66.84,76.16666666666667,77.51416666666667
401592099,"December 17, 2023",Oregon State Beavers,204,66,False,65.815,75.85714285714286,75.98928571428571
401593996,"December 21, 2023",Oregon State Beavers,204,76,False,64.235,74.625,74.7175
401607352,"December 28, 2023",Oregon State Beavers,204,62,False,64.42,74.77777777777777,73.55277777777778
401607358,"December 30, 2023",Oregon State Beavers,204,86,False,75.58500000000001,73.5,72.6395
401607415,"February 08, 2024",Oregon State Beavers,204,58,False,63.42,76.57142857142857,73.76
401607461,"February 10, 2024",Oregon State Beavers,204,55,False,65.7,75.33333333333333,73.07066666666667
401607426,"February 17, 2024",Oregon State Beavers,204,58,False,58.955,74.0625,72.61
401607376,"January 11, 2024",Oregon State Beavers,204,84,False,81.7,74.63636363636364,72.90727272727273
401607395,"January 25, 2024",Oregon State Beavers,204,83,False,70.58500000000001,75.41666666666667,73.64
401607399,"January 27, 2024",Oregon State Beavers,204,84,False,78.375,76.0,73.405
401607443,"March 07, 2024",Oregon State Beavers,204,92,False,79.795,73.11764705882354,71.80676470588236
401607462,"March 09, 2024",Oregon State Beavers,204,57,False,59.42,74.16666666666667,72.25055555555555
401602729,"November 06, 2023",Oregon State Beavers,204,82,False,67.955,0.0,0.0
401591566,"November 10, 2023",Oregon State Beavers,204,81,False,93.515,82.0,67.955
401581825,"November 14, 2023",Oregon State Beavers,204,81,False,74.235,81.5,80.735
401581799,"November 22, 2023",Oregon State Beavers,204,72,True,73.235,81.33333333333333,78.56833333333333
401597914,"November 30, 2023",Oregon State Beavers,204,71,False,74.98,79.0,77.235
401575412,"December 16, 2023",Pacific Tigers,279,61,False,68.955,69.16666666666667,77.07666666666667
401575413,"December 18, 2023",Pacific Tigers,279,68,False,67.88499999999999,68.0,75.91642857142857
401575415,"December 30, 2023",Pacific Tigers,279,80,False,75.56,68.0,74.9125
401589698,"February 01, 2024",Pacific Tigers,279,60,False,66.16499999999999,71.16666666666667,74.86125
401589703,"February 06, 2024",Pacific Tigers,279,43,False,60.35,70.3076923076923,74.1923076923077
401589707,"February 10, 2024",Pacific Tigers,279,84,False,68.05,68.35714285714286,73.20357142857142
401589720,"February 21, 2024",Pacific Tigers,279,70,False,72.91,69.4,72.86
401589724,"February 24, 2024",Pacific Tigers,279,63,False,61.49,69.4375,72.863125
401589665,"January 04, 2024",Pacific Tigers,279,88,False,79.795,69.33333333333333,74.98444444444445
401589682,"January 18, 2024",Pacific Tigers,279,69,False,72.77,71.2,75.46549999999999
401589692,"January 27, 2024",Pacific Tigers,279,73,False,70.91,71.0,75.22045454545454
401575401,"November 06, 2023",Pacific Tigers,279,57,False,78.655,0.0,0.0
401575404,"November 18, 2023",Pacific Tigers,279,77,False,81.56,57.0,78.655
401575405,"November 20, 2023",Pacific Tigers,279,71,False,71.77,67.0,80.1075
401575406,"November 24, 2023",Pacific Tigers,279,73,False,73.445,68.33333333333333,77.32833333333333
401575407,"November 26, 2023",Pacific Tigers,279,68,False,78.235,69.5,76.3575
401575408,"November 29, 2023",Pacific Tigers,279,69,False,78.795,69.2,76.73299999999999
401594483,"December 02, 2023",Penn State Nittany Lions,213,67,False,65.88499999999999,77.5,75.0025
401600303,"December 09, 2023",Penn State Nittany Lions,213,83,False,72.77,75.4,73.179
401608453,"December 16, 2023",Penn State Nittany Lions,213,81,True,75.095,76.66666666666667,73.11083333333333
401600441,"December 21, 2023",Penn State Nittany Lions,213,72,False,67.88499999999999,77.28571428571429,73.39428571428572
401594383,"December 29, 2023",Penn State Nittany Lions,213,90,False,78.98,76.625,72.705625
401600376,"February 08, 2024",Penn State Nittany Lions,213,89,False,73.35,78.07692307692308,72.77692307692308
401600387,"February 14, 2024",Penn State Nittany Lions,213,72,False,67.56,78.85714285714286,72.81785714285715
401600399,"February 21, 2024",Penn State Nittany Lions,213,90,False,76.7,78.4,72.46733333333333
401600405,"February 24, 2024",Penn State Nittany Lions,213,83,False,72.375,79.125,72.731875
401600319,"January 07, 2024",Penn State Nittany Lions,213,79,True,73.7,78.11111111111111,73.40277777777777
401600322,"January 10, 2024",Penn State Nittany Lions,213,72,False,70.84,78.2,73.4325
401600334,"January 16, 2024",Penn State Nittany Lions,213,87,False,72.305,77.63636363636364,73.19681818181817
401600354,"January 27, 2024",Penn State Nittany Lions,213,74,False,68.63,78.41666666666667,73.1225
401600430,"March 10, 2024",Penn State Nittany Lions,213,85,False,73.375,79.3529411764706,72.71088235294118
401625679,"March 13, 2024",Penn State Nittany Lions,213,66,True,66.63,79.66666666666667,72.74777777777778
401600439,"November 06, 2023",Penn State Nittany Lions,213,79,False,77.235,0.0,0.0
401600440,"November 10, 2023",Penn State Nittany Lions,213,74,False,76.165,79.0,77.235
401589378,"November 14, 2023",Penn State Nittany Lions,213,83,False,68.28,76.5,76.7
401597952,"November 17, 2023",Penn State Nittany Lions,213,74,False,78.33,78.66666666666667,73.89333333333333
401589363,"December 06, 2023",Pennsylvania Quakers,219,111,False,67.60499999999999,81.16666666666667,69.48666666666666
401589364,"December 11, 2023",Pennsylvania Quakers,219,78,False,65.815,85.42857142857143,69.21785714285714
401587195,"February 16, 2024",Pennsylvania Quakers,219,62,False,61.885000000000005,81.7,68.5995
401577675,"February 17, 2024",Pennsylvania Quakers,219,64,False,71.49000000000001,79.9090909090909,67.9890909090909
401589366,"January 06, 2024",Pennsylvania Quakers,219,80,False,66.955,84.5,68.7925
401581748,"January 20, 2024",Pennsylvania Quakers,219,61,False,68.7,84.0,68.58833333333332
401589370,"March 01, 2024",Pennsylvania Quakers,219,81,False,73.095,78.58333333333333,68.28083333333333
401589371,"March 02, 2024",Pennsylvania Quakers,219,84,False,69.28,78.76923076923077,68.65115384615385
401587183,"March 09, 2024",Pennsylvania Quakers,219,83,False,67.165,79.14285714285714,68.69607142857143
401589360,"November 06, 2023",Pennsylvania Quakers,219,102,False,77.375,0.0,0.0
401589361,"November 08, 2023",Pennsylvania Quakers,219,80,False,70.165,102.0,77.375
401584358,"November 13, 2023",Pennsylvania Quakers,219,76,False,69.19,91.0,73.77000000000001
401581530,"November 24, 2023",Pennsylvania Quakers,219,74,False,63.675,86.0,72.24333333333334
401575763,"November 25, 2023",Pennsylvania Quakers,219,79,False,73.165,83.0,70.10125
401581532,"November 26, 2023",Pennsylvania Quakers,219,76,False,63.35,82.2,70.714
401576685,"December 06, 2023",Pepperdine Waves,2492,55,False,64.42,73.71428571428571,58.77571428571429
401576686,"December 09, 2023",Pepperdine Waves,2492,68,False,62.63,71.375,59.48125
401576688,"December 21, 2023",Pepperdine Waves,2492,71,False,65.77000000000001,71.0,59.83111111111111
401576689,"December 29, 2023",Pepperdine Waves,2492,83,False,69.56,71.0,60.425
401589706,"February 08, 2024",Pepperdine Waves,2492,74,False,70.77,71.6875,63.6021875
401589715,"February 17, 2024",Pepperdine Waves,2492,91,False,71.235,71.82352941176471,64.02382352941176
401589729,"February 29, 2024",Pepperdine Waves,2492,57,False,64.88499999999999,72.88888888888889,64.42444444444445
401589670,"January 06, 2024",Pepperdine Waves,2492,72,False,70.84,72.0909090909091,61.25545454545455
401589673,"January 11, 2024",Pepperdine Waves,2492,93,False,69.35,72.08333333333333,62.054166666666674
401589680,"January 18, 2024",Pepperdine Waves,2492,61,False,68.49000000000001,73.6923076923077,62.61538461538461
401589685,"January 20, 2024",Pepperdine Waves,2492,61,False,63.44499999999999,72.78571428571429,63.035000000000004
401589691,"January 27, 2024",Pepperdine Waves,2492,67,False,71.7,72.0,63.062333333333335
401625642,"March 07, 2024",Pepperdine Waves,2492,102,True,75.84,72.05263157894737,64.44868421052632
401576679,"November 06, 2023",Pepperdine Waves,2492,76,False,65.025,0.0,0.0
401576681,"November 12, 2023",Pepperdine Waves,2492,76,False,70.955,76.0,65.025
401576635,"November 13, 2023",Pepperdine Waves,2492,88,False,77.375,76.0,67.99000000000001
401576682,"November 17, 2023",Pepperdine Waves,2492,68,False,66.955,80.0,71.11833333333334
401603092,"November 21, 2023",Pepperdine Waves,2492,60,True,66.375,77.0,70.0775
401603093,"November 24, 2023",Pepperdine Waves,2492,71,True,0.0,73.6,69.337
401576683,"November 28, 2023",Pepperdine Waves,2492,77,False,64.745,73.16666666666667,57.780833333333334
401604094,"December 03, 2023",Pittsburgh Panthers,221,70,False,66.77,84.71428571428571,73.01928571428572
401577555,"December 09, 2023",Pittsburgh Panthers,221,82,False,66.42,82.875,72.238125
401577556,"December 16, 2023",Pittsburgh Panthers,221,86,False,68.56,82.77777777777777,71.59166666666667
401577557,"December 20, 2023",Pittsburgh Panthers,221,62,False,70.095,83.1,71.2885
401604167,"February 03, 2024",Pittsburgh Panthers,221,70,False,65.77000000000001,75.86666666666666,69.85799999999999
401604196,"February 17, 2024",Pittsburgh Panthers,221,86,False,66.235,75.5,69.6025
401604208,"February 24, 2024",Pittsburgh Panthers,221,79,False,70.095,76.11764705882354,69.40441176470588
401604101,"January 02, 2024",Pittsburgh Panthers,221,57,False,67.77,81.18181818181819,71.18
401604115,"January 09, 2024",Pittsburgh Panthers,221,53,False,61.815,79.16666666666667,70.89583333333333
401604130,"January 16, 2024",Pittsburgh Panthers,221,58,False,65.885,77.15384615384616,70.19730769230769
401604160,"January 31, 2024",Pittsburgh Panthers,221,77,False,69.42,75.78571428571429,69.88928571428572
401604227,"March 05, 2024",Pittsburgh Panthers,221,88,False,70.63,76.27777777777777,69.44277777777778
401604235,"March 09, 2024",Pittsburgh Panthers,221,81,False,65.42,76.89473684210526,69.50526315789473
401625408,"March 14, 2024",Pittsburgh Panthers,221,81,True,68.375,77.1,69.301
401577552,"November 06, 2023",Pittsburgh Panthers,221,100,False,75.095,0.0,0.0
401574591,"November 10, 2023",Pittsburgh Panthers,221,89,False,75.63,100.0,75.095
401577553,"November 13, 2023",Pittsburgh Panthers,221,86,False,71.12,94.5,75.3625
401577554,"November 17, 2023",Pittsburgh Panthers,221,107,False,77.725,91.66666666666667,73.94833333333334
401581800,"November 22, 2023",Pittsburgh Panthers,221,71,True,78.235,95.5,74.8925
401582119,"November 24, 2023",Pittsburgh Panthers,221,76,True,66.84,90.6,75.561
401574546,"November 28, 2023",Pittsburgh Panthers,221,64,False,66.49,88.16666666666667,74.1075
401583842,"December 01, 2023",Portland Pilots,2501,81,False,75.305,83.0,76.886
401583843,"December 03, 2023",Portland Pilots,2501,58,False,71.49,82.66666666666667,76.6225
401581556,"December 22, 2023",Portland Pilots,2501,78,True,72.91,79.14285714285714,75.88928571428572
401581557,"December 24, 2023",Portland Pilots,2501,54,True,68.815,79.0,75.516875
401589700,"February 03, 2024",Portland Pilots,2501,93,False,68.025,69.92307692307692,74.25791666666667
401589709,"February 10, 2024",Portland Pilots,2501,51,False,64.955,71.57142857142857,73.77846153846154
401589721,"February 22, 2024",Portland Pilots,2501,65,False,66.235,70.2,73.14821428571429
401589730,"February 29, 2024",Portland Pilots,2501,80,False,71.77,69.875,72.68733333333333
401589668,"January 06, 2024",Portland Pilots,2501,78,False,68.42,76.22222222222223,74.77222222222223
401589679,"January 18, 2024",Portland Pilots,2501,0,False,,76.4,74.137
401632759,"January 23, 2024",Portland Pilots,2501,81,False,70.235,69.45454545454545,74.137
401589694,"January 27, 2024",Portland Pilots,2501,64,False,79.49,70.41666666666667,73.78227272727273
401589732,"March 02, 2024",Portland Pilots,2501,70,False,60.21,70.47058823529412,72.63
401625644,"March 08, 2024",Portland Pilots,2501,78,True,59.63,70.44444444444444,71.89941176470587
401583836,"November 06, 2023",Portland Pilots,2501,78,False,77.58500000000001,0.0,0.0
401583837,"November 08, 2023",Portland Pilots,2501,89,False,78.21,78.0,77.58500000000001
401583838,"November 12, 2023",Portland Pilots,2501,76,False,72.445,83.5,77.89750000000001
401583839,"November 15, 2023",Portland Pilots,2501,65,False,70.49,81.0,76.08
401583840,"November 25, 2023",Portland Pilots,2501,107,False,85.7,77.0,74.6825
401594035,"December 06, 2023",Portland State Vikings,2502,104,False,75.42,72.66666666666667,68.21833333333333
401594036,"December 09, 2023",Portland State Vikings,2502,83,False,78.955,80.5,70.01875
401573431,"February 03, 2024",Portland State Vikings,2502,58,False,56.28,78.11111111111111,70.02222222222223
401573432,"February 05, 2024",Portland State Vikings,2502,77,False,84.58500000000001,76.1,68.648
401573446,"February 15, 2024",Portland State Vikings,2502,82,False,74.955,76.18181818181819,70.0968181818182
401573450,"February 17, 2024",Portland State Vikings,2502,83,False,73.05,76.66666666666667,70.50166666666667
401573394,"January 11, 2024",Portland State Vikings,2502,63,False,66.025,81.0,71.806
401573402,"January 13, 2024",Portland State Vikings,2502,69,False,70.35,78.0,70.8425
401573416,"January 25, 2024",Portland State Vikings,2502,72,False,56.815,76.71428571428571,70.77214285714285
401573422,"January 27, 2024",Portland State Vikings,2502,94,False,77.98,76.125,69.0275
401573467,"March 04, 2024",Portland State Vikings,2502,72,False,64.84,77.15384615384616,70.69769230769231
401594031,"November 12, 2023",Portland State Vikings,2502,70,False,67.28,0.0,0.0
401594033,"November 18, 2023",Portland State Vikings,2502,73,True,67.885,70.0,67.28
401583841,"November 28, 2023",Portland State Vikings,2502,75,False,69.49,71.5,67.58250000000001
401598021,"December 18, 2023",Prairie View A&M Panthers,2504,92,False,81.16499999999999,83.5,79.41
401598029,"February 03, 2024",Prairie View A&M Panthers,2504,69,False,73.58500000000001,69.14285714285714,79.50666666666667
401633439,"February 05, 2024",Prairie View A&M Panthers,2504,75,False,73.235,69.125,78.66071428571429
401598031,"February 17, 2024",Prairie View A&M Panthers,2504,71,False,73.12,69.77777777777777,77.9825
401598032,"February 19, 2024",Prairie View A&M Panthers,2504,74,False,69.515,69.9,77.44222222222223
401598024,"January 13, 2024",Prairie View A&M Panthers,2504,71,False,73.56,86.33333333333333,79.995
401598025,"January 15, 2024",Prairie View A&M Panthers,2504,0,False,,82.5,78.38625
401598027,"January 27, 2024",Prairie View A&M Panthers,2504,67,False,77.58500000000001,66.0,78.38625
401598028,"January 29, 2024",Prairie View A&M Panthers,2504,87,False,85.91,66.16666666666667,78.226
401598035,"March 02, 2024",Prairie View A&M Panthers,2504,65,False,71.305,70.27272727272727,76.6495
401583833,"March 04, 2024",Prairie View A&M Panthers,2504,74,False,67.49,69.83333333333333,76.16363636363637
401598014,"November 06, 2023",Prairie View A&M Panthers,2504,89,False,83.98,0.0,0.0
401598017,"November 19, 2023",Prairie View A&M Panthers,2504,78,True,74.84,89.0,83.98
401598899,"December 06, 2023",Presbyterian Blue Hose,2506,60,False,68.63,78.0,74.54375
401594075,"December 13, 2023",Presbyterian Blue Hose,2506,118,False,71.515,74.4,73.361
401593917,"December 16, 2023",Presbyterian Blue Hose,2506,84,False,80.33,81.66666666666667,73.05333333333333
401594077,"December 30, 2023",Presbyterian Blue Hose,2506,91,False,74.095,82.0,74.09285714285714
401601254,"February 07, 2024",Presbyterian Blue Hose,2506,77,False,69.445,81.58333333333333,72.13458333333334
401601259,"February 10, 2024",Presbyterian Blue Hose,2506,76,False,63.235,81.23076923076923,71.9276923076923
401601268,"February 17, 2024",Presbyterian Blue Hose,2506,73,False,73.305,80.85714285714286,71.30678571428571
401601219,"January 06, 2024",Presbyterian Blue Hose,2506,80,False,67.375,83.125,74.093125
401601224,"January 10, 2024",Presbyterian Blue Hose,2506,71,False,67.375,82.77777777777777,73.34666666666666
401601230,"January 17, 2024",Presbyterian Blue Hose,2506,83,False,70.77,81.6,72.7495
401601248,"January 31, 2024",Presbyterian Blue Hose,2506,80,False,67.35,81.72727272727273,72.56954545454545
401601281,"March 02, 2024",Presbyterian Blue Hose,2506,72,False,72.025,80.33333333333333,71.44
401594070,"November 09, 2023",Presbyterian Blue Hose,2506,100,False,80.98,0.0,0.0
401594071,"November 13, 2023",Presbyterian Blue Hose,2506,71,False,71.05,100.0,80.98
401577562,"November 17, 2023",Presbyterian Blue Hose,2506,66,True,66.91,85.5,76.015
401594073,"November 22, 2023",Presbyterian Blue Hose,2506,75,False,79.235,79.0,72.98
401587169,"December 02, 2023",Princeton Tigers,163,70,False,74.16499999999999,80.0,58.885
401587170,"December 05, 2023",Princeton Tigers,163,81,False,65.84,75.0,66.52499999999999
401587171,"December 13, 2023",Princeton Tigers,163,92,False,66.49000000000001,77.0,66.29666666666667
401587172,"December 22, 2023",Princeton Tigers,163,84,False,72.955,80.75,66.345
401587178,"February 10, 2024",Princeton Tigers,163,77,False,66.49,81.71428571428571,67.075
401577674,"February 16, 2024",Princeton Tigers,163,72,False,64.58500000000001,81.125,67.001875
401587179,"February 17, 2024",Princeton Tigers,163,73,False,63.025,80.11111111111111,66.73333333333333
401581747,"January 06, 2024",Princeton Tigers,163,89,False,67.88499999999999,81.4,67.667
401587174,"January 15, 2024",Princeton Tigers,163,76,False,63.305,82.66666666666667,67.70333333333333
401587181,"March 01, 2024",Princeton Tigers,163,84,False,68.025,79.4,66.3625
401587182,"March 02, 2024",Princeton Tigers,163,79,False,68.305,79.81818181818181,66.51363636363637
401625539,"March 16, 2024",Princeton Tigers,163,81,True,79.77,79.75,66.66291666666667
401587167,"November 25, 2023",Princeton Tigers,163,80,False,58.885,0.0,0.0
401581161,"December 02, 2023",Providence Friars,2507,84,False,71.025,78.6,71.644
401577663,"December 10, 2023",Providence Friars,2507,74,False,71.095,79.5,71.54083333333334
401577722,"December 16, 2023",Providence Friars,2507,78,False,70.7,78.71428571428571,71.47714285714287
401599439,"December 19, 2023",Providence Friars,2507,72,False,73.98,78.625,71.38
401599445,"December 23, 2023",Providence Friars,2507,85,False,77.7,77.88888888888889,71.66888888888889
401599520,"February 07, 2024",Providence Friars,2507,91,False,75.49,76.3076923076923,71.82153846153847
401599530,"February 13, 2024",Providence Friars,2507,75,False,75.84,77.35714285714286,72.08357142857143
401599535,"February 17, 2024",Providence Friars,2507,81,False,68.305,77.2,72.334
401599472,"January 03, 2024",Providence Friars,2507,57,False,69.56,78.6,72.272
401599487,"January 13, 2024",Providence Friars,2507,65,False,67.77,76.63636363636364,72.02545454545454
401599507,"January 27, 2024",Providence Friars,2507,84,False,73.63,75.66666666666667,71.67083333333333
401599556,"March 02, 2024",Providence Friars,2507,60,False,60.815,77.4375,72.0821875
401599564,"March 09, 2024",Providence Friars,2507,60,False,69.56,76.41176470588235,71.41941176470588
401625557,"March 13, 2024",Providence Friars,2507,74,True,63.63,75.5,71.31611111111111
401581156,"November 06, 2023",Providence Friars,2507,78,False,77.955,0.0,0.0
401581157,"November 11, 2023",Providence Friars,2507,79,False,72.305,78.0,77.955
401574572,"November 14, 2023",Providence Friars,2507,72,False,68.445,78.5,75.13
401581159,"November 24, 2023",Providence Friars,2507,78,False,68.21000000000001,76.33333333333333,72.90166666666666
401581160,"November 28, 2023",Providence Friars,2507,86,False,71.305,76.75,71.72875
401600298,"December 04, 2023",Purdue Boilermakers,2509,87,False,66.095,87.6,75.259
401577643,"December 09, 2023",Purdue Boilermakers,2509,92,True,73.49,87.5,73.73166666666667
401577644,"December 16, 2023",Purdue Boilermakers,2509,92,True,78.56,88.14285714285714,73.69714285714285
401577645,"December 21, 2023",Purdue Boilermakers,2509,100,False,76.955,88.625,74.305
401577646,"December 29, 2023",Purdue Boilermakers,2509,80,False,68.49,89.88888888888889,74.59944444444444
401600378,"February 10, 2024",Purdue Boilermakers,2509,79,False,70.655,90.78571428571429,73.8782142857143
401600388,"February 15, 2024",Purdue Boilermakers,2509,84,False,65.56,90.0,73.66333333333334
401600403,"February 22, 2024",Purdue Boilermakers,2509,96,False,68.7,89.625,73.156875
401600313,"January 05, 2024",Purdue Boilermakers,2509,83,False,67.375,88.9,73.9885
401600329,"January 13, 2024",Purdue Boilermakers,2509,95,False,74.515,88.36363636363636,73.38727272727273
401600346,"January 23, 2024",Purdue Boilermakers,2509,99,False,72.91,88.91666666666667,73.48125
401600361,"January 31, 2024",Purdue Boilermakers,2509,105,False,79.61,89.6923076923077,73.43730769230768
401600418,"March 02, 2024",Purdue Boilermakers,2509,80,False,69.095,90.0,72.89470588235294
401600433,"March 10, 2024",Purdue Boilermakers,2509,78,False,68.235,89.44444444444444,72.68361111111112
401625684,"March 15, 2024",Purdue Boilermakers,2509,67,True,66.445,88.84210526315789,72.44947368421053
401625688,"March 16, 2024",Purdue Boilermakers,2509,75,True,72.815,87.75,72.14925
401577640,"November 06, 2023",Purdue Boilermakers,2509,98,False,76.77,0.0,0.0
401577641,"November 10, 2023",Purdue Boilermakers,2509,87,False,68.21,98.0,76.77
401574570,"November 13, 2023",Purdue Boilermakers,2509,83,False,74.235,92.5,72.49
401581594,"November 21, 2023",Purdue Boilermakers,2509,71,True,78.68,89.33333333333333,73.07166666666666
401577642,"November 28, 2023",Purdue Boilermakers,2509,99,False,78.4,84.75,74.47375
401587163,"December 09, 2023",Purdue Fort Wayne Mastodons,2870,89,False,77.63,96.5,75.51375
401574624,"December 16, 2023",Purdue Fort Wayne Mastodons,2870,86,False,76.98,95.0,75.937
401587647,"December 29, 2023",Purdue Fort Wayne Mastodons,2870,73,False,71.49,93.5,76.11083333333333
401587671,"December 31, 2023",Purdue Fort Wayne Mastodons,2870,91,False,77.305,90.57142857142857,75.45071428571428
401587716,"February 01, 2024",Purdue Fort Wayne Mastodons,2870,65,False,72.49,90.2,76.821
401587724,"February 04, 2024",Purdue Fort Wayne Mastodons,2870,82,False,78.58500000000001,87.9090909090909,76.42727272727274
401587725,"February 07, 2024",Purdue Fort Wayne Mastodons,2870,72,False,69.49000000000001,87.41666666666667,76.60708333333334
401587735,"February 14, 2024",Purdue Fort Wayne Mastodons,2870,63,False,66.095,86.23076923076923,76.05961538461538
401587682,"January 06, 2024",Purdue Fort Wayne Mastodons,2870,98,False,85.655,90.625,75.6825
401587696,"January 17, 2024",Purdue Fort Wayne Mastodons,2870,79,False,77.095,91.44444444444444,76.79055555555556
401587764,"March 02, 2024",Purdue Fort Wayne Mastodons,2870,83,False,70.49,84.57142857142857,75.34785714285715
401625691,"March 05, 2024",Purdue Fort Wayne Mastodons,2870,78,False,72.63,84.46666666666667,75.02400000000002
401587158,"November 09, 2023",Purdue Fort Wayne Mastodons,2870,130,False,87.56,0.0,0.0
401587159,"November 12, 2023",Purdue Fort Wayne Mastodons,2870,86,False,72.095,130.0,87.56
401587161,"November 25, 2023",Purdue Fort Wayne Mastodons,2870,95,False,75.025,108.0,79.8275
401587637,"November 29, 2023",Purdue Fort Wayne Mastodons,2870,75,False,67.375,103.66666666666667,78.22666666666667
401583719,"December 01, 2023",Queens University Royals,2511,134,False,79.375,84.66666666666667,76.60000000000001
401583721,"December 09, 2023",Queens University Royals,2511,112,False,75.305,97.0,77.29375
401581832,"December 13, 2023",Queens University Royals,2511,81,False,72.56,100.0,76.896
401574443,"February 01, 2024",Queens University Royals,2511,94,False,78.305,91.22222222222223,76.53222222222223
401574540,"February 03, 2024",Queens University Royals,2511,85,False,72.49,91.5,76.7095
401574530,"February 14, 2024",Queens University Royals,2511,79,False,74.77,90.9090909090909,76.3259090909091
401574542,"February 16, 2024",Queens University Royals,2511,74,False,68.49,89.91666666666667,76.19625
401574536,"January 10, 2024",Queens University Royals,2511,78,False,74.885,96.83333333333333,76.17333333333333
401574537,"January 12, 2024",Queens University Royals,2511,66,False,73.56,94.14285714285714,75.98928571428573
401574427,"January 24, 2024",Queens University Royals,2511,96,False,83.305,90.625,75.685625
401574522,"March 01, 2024",Queens University Royals,2511,91,False,79.7,88.6923076923077,75.60346153846154
401583714,"November 14, 2023",Queens University Royals,2511,74,False,71.235,0.0,0.0
401583716,"November 22, 2023",Queens University Royals,2511,97,False,80.98,74.0,71.235
401583718,"November 29, 2023",Queens University Royals,2511,83,False,77.58500000000001,85.5,76.1075
401577687,"December 08, 2023",Quinnipiac Bobcats,2514,71,False,76.26,88.75,74.96124999999999
401577688,"December 11, 2023",Quinnipiac Bobcats,2514,66,False,65.955,85.2,75.221
401594265,"February 04, 2024",Quinnipiac Bobcats,2514,88,False,73.49,82.6,75.0765
401594376,"February 08, 2024",Quinnipiac Bobcats,2514,84,False,73.05,83.0909090909091,74.93227272727273
401594369,"February 18, 2024",Quinnipiac Bobcats,2514,66,False,70.885,83.16666666666667,74.77541666666666
401594303,"February 23, 2024",Quinnipiac Bobcats,2514,81,False,71.7,81.84615384615384,74.47615384615384
401594372,"January 05, 2024",Quinnipiac Bobcats,2514,88,False,81.095,82.0,73.67666666666666
401594373,"January 07, 2024",Quinnipiac Bobcats,2514,76,False,82.025,82.85714285714286,74.73642857142856
401594313,"January 21, 2024",Quinnipiac Bobcats,2514,91,False,73.77,82.0,75.6475
401594353,"January 25, 2024",Quinnipiac Bobcats,2514,79,False,71.815,83.0,75.4388888888889
401594378,"March 03, 2024",Quinnipiac Bobcats,2514,71,False,70.885,81.78571428571429,74.27785714285713
401594341,"March 07, 2024",Quinnipiac Bobcats,2514,73,False,71.235,81.06666666666666,74.05166666666668
401625621,"March 13, 2024",Quinnipiac Bobcats,2514,76,True,65.21,80.5625,73.875625
401625626,"March 15, 2024",Quinnipiac Bobcats,2514,60,True,61.63,80.29411764705883,73.36588235294118
401577681,"November 06, 2023",Quinnipiac Bobcats,2514,116,False,79.35,0.0,0.0
401577682,"November 10, 2023",Quinnipiac Bobcats,2514,74,False,73.49,116.0,79.35
401577685,"November 19, 2023",Quinnipiac Bobcats,2514,85,False,81.05,95.0,76.41999999999999
401577686,"November 26, 2023",Quinnipiac Bobcats,2514,80,False,65.955,91.66666666666667,77.96333333333332
401587138,"December 03, 2023",Radford Highlanders,2515,82,False,67.05,82.2,70.216
401587139,"December 09, 2023",Radford Highlanders,2515,82,False,68.91,82.16666666666667,69.68833333333333
401575398,"December 12, 2023",Radford Highlanders,2515,73,False,62.49,82.14285714285714,69.57714285714285
401601264,"February 15, 2024",Radford Highlanders,2515,69,False,65.77,75.6923076923077,66.83038461538462
401601275,"February 24, 2024",Radford Highlanders,2515,88,False,71.63,75.21428571428571,66.75464285714285
401601214,"January 03, 2024",Radford Highlanders,2515,71,False,64.095,81.0,68.69125
401601229,"January 17, 2024",Radford Highlanders,2515,68,False,67.56,79.88888888888889,68.18055555555556
401601236,"January 20, 2024",Radford Highlanders,2515,64,False,64.63,78.7,68.1185
401601244,"January 27, 2024",Radford Highlanders,2515,73,False,59.49,77.36363636363636,67.80136363636365
401601245,"January 31, 2024",Radford Highlanders,2515,60,False,63.49,77.0,67.10875
401601284,"March 02, 2024",Radford Highlanders,2515,62,False,62.885000000000005,76.06666666666666,67.07966666666667
401581846,"November 10, 2023",Radford Highlanders,2515,66,True,68.77,0.0,0.0
401587135,"November 12, 2023",Radford Highlanders,2515,84,False,67.56,66.0,68.77
401587136,"November 21, 2023",Radford Highlanders,2515,82,True,72.165,75.0,68.16499999999999
401601495,"November 22, 2023",Radford Highlanders,2515,79,True,72.49,77.33333333333333,69.49833333333333
401587137,"November 26, 2023",Radford Highlanders,2515,100,False,70.095,77.75,70.24625
401577662,"December 06, 2023",Rhode Island Rams,227,64,False,65.375,79.5,68.99833333333333
401574614,"December 21, 2023",Rhode Island Rams,227,71,False,76.84,77.28571428571429,68.48071428571428
401586903,"December 30, 2023",Rhode Island Rams,227,82,False,70.7,76.5,69.525625
401596875,"February 03, 2024",Rhode Island Rams,227,71,False,69.095,76.92307692307692,70.34076923076924
401596907,"February 18, 2024",Rhode Island Rams,227,67,False,70.77,76.5,70.25178571428572
401596913,"February 21, 2024",Rhode Island Rams,227,77,False,72.63,75.86666666666666,70.28633333333333
401596817,"January 03, 2024",Rhode Island Rams,227,78,False,75.725,77.11111111111111,69.6561111111111
401596838,"January 13, 2024",Rhode Island Rams,227,89,False,67.98,77.2,70.263
401596860,"January 24, 2024",Rhode Island Rams,227,68,False,71.375,78.27272727272727,70.05545454545455
401596873,"January 31, 2024",Rhode Island Rams,227,71,False,72.445,77.41666666666667,70.16541666666667
401596934,"March 02, 2024",Rhode Island Rams,227,91,False,70.12,75.9375,70.4328125
401596940,"March 06, 2024",Rhode Island Rams,227,51,False,64.91,76.82352941176471,70.41441176470589
401625544,"March 12, 2024",Rhode Island Rams,227,71,True,69.84,75.38888888888889,70.1086111111111
401586898,"November 06, 2023",Rhode Island Rams,227,81,False,72.305,0.0,0.0
401576157,"November 09, 2023",Rhode Island Rams,227,93,False,81.515,81.0,72.305
401586899,"November 14, 2023",Rhode Island Rams,227,69,False,63.91,87.0,76.91
401581591,"November 18, 2023",Rhode Island Rams,227,61,True,61.955,81.0,72.57666666666667
401586900,"November 22, 2023",Rhode Island Rams,227,97,False,71.885,76.0,69.92125
401586901,"November 26, 2023",Rhode Island Rams,227,76,False,62.42,80.2,70.314
401593834,"December 02, 2023",Rice Owls,242,65,False,75.025,86.2,74.886
401593835,"December 13, 2023",Rice Owls,242,80,False,67.56,82.66666666666667,74.90916666666668
401593837,"December 20, 2023",Rice Owls,242,82,False,70.35,82.28571428571429,73.85928571428572
401593838,"December 22, 2023",Rice Owls,242,67,False,66.63,82.25,73.420625
401602120,"February 07, 2024",Rice Owls,242,69,False,65.14,78.84615384615384,72.29538461538462
401602125,"February 10, 2024",Rice Owls,242,65,False,63.955,78.14285714285714,71.78428571428572
401602151,"February 24, 2024",Rice Owls,242,70,False,62.885,77.26666666666667,71.26233333333333
401602157,"February 28, 2024",Rice Owls,242,43,False,60.30500000000001,76.8125,70.73875
401602064,"January 06, 2024",Rice Owls,242,82,False,78.63,80.55555555555556,72.6661111111111
401602080,"January 16, 2024",Rice Owls,242,79,False,65.095,80.7,73.2625
401602096,"January 24, 2024",Rice Owls,242,56,False,66.095,80.54545454545455,72.52
401602100,"January 27, 2024",Rice Owls,242,83,False,76.025,78.5,71.98458333333333
401602177,"March 09, 2024",Rice Owls,242,55,False,62.56,74.82352941176471,70.125
401593829,"November 07, 2023",Rice Owls,242,101,False,66.815,0.0,0.0
401581737,"November 10, 2023",Rice Owls,242,76,False,71.98,101.0,66.815
401593830,"November 21, 2023",Rice Owls,242,88,True,81.445,88.5,69.39750000000001
401593832,"November 24, 2023",Rice Owls,242,68,True,74.305,88.33333333333333,73.41333333333334
401593833,"November 30, 2023",Rice Owls,242,98,False,79.885,83.25,73.63625
401593792,"December 02, 2023",Richmond Spiders,257,88,False,66.56,82.8,70.20599999999999
401593794,"December 16, 2023",Richmond Spiders,257,64,False,66.7,83.66666666666667,69.59833333333333
401593795,"December 21, 2023",Richmond Spiders,257,72,False,75.42,80.85714285714286,69.1842857142857
401593796,"December 30, 2023",Richmond Spiders,257,59,False,68.955,79.75,69.96375
401596892,"February 10, 2024",Richmond Spiders,257,82,False,68.815,76.15384615384616,69.15730769230768
401596900,"February 14, 2024",Richmond Spiders,257,59,False,70.84,76.57142857142857,69.13285714285715
401596919,"February 24, 2024",Richmond Spiders,257,66,False,66.77000000000001,75.4,69.24666666666667
401596825,"January 06, 2024",Richmond Spiders,257,65,False,63.49,77.44444444444444,69.85166666666666
401596837,"January 13, 2024",Richmond Spiders,257,77,False,64.235,76.2,69.21549999999999
401596858,"January 24, 2024",Richmond Spiders,257,82,False,73.955,76.27272727272727,68.76272727272728
401596865,"January 27, 2024",Richmond Spiders,257,69,False,68.7,76.75,69.19541666666667
401596933,"March 02, 2024",Richmond Spiders,257,79,False,70.91,74.8125,69.091875
401596938,"March 06, 2024",Richmond Spiders,257,73,False,70.77,75.05882352941177,69.19882352941177
401625549,"March 14, 2024",Richmond Spiders,257,61,True,65.63,74.94444444444444,69.28611111111111
401575389,"November 06, 2023",Richmond Spiders,257,93,False,77.49,0.0,0.0
401593789,"November 11, 2023",Richmond Spiders,257,90,False,67.88499999999999,93.0,77.49
401593791,"November 20, 2023",Richmond Spiders,257,59,True,62.885,91.5,72.6875
401603139,"November 21, 2023",Richmond Spiders,257,82,True,64.42,80.66666666666667,69.42
401583717,"November 25, 2023",Richmond Spiders,257,90,False,78.35,81.0,68.16999999999999
401594290,"December 03, 2023",Rider Broncs,2520,81,False,75.84,113.0,87.165
401589299,"December 08, 2023",Rider Broncs,2520,73,False,70.375,97.0,81.5025
401589365,"December 23, 2023",Rider Broncs,2520,73,False,76.165,89.0,77.79333333333334
401594386,"February 02, 2024",Rider Broncs,2520,91,False,67.745,80.57142857142857,75.45428571428572
401594338,"February 10, 2024",Rider Broncs,2520,62,False,67.955,81.875,74.49062500000001
401594358,"February 16, 2024",Rider Broncs,2520,61,False,72.63,79.66666666666667,73.76444444444445
401594319,"February 23, 2024",Rider Broncs,2520,78,False,75.375,77.8,73.651
401594377,"February 25, 2024",Rider Broncs,2520,88,False,75.445,77.81818181818181,73.80772727272728
401594258,"January 07, 2024",Rider Broncs,2520,79,False,77.375,85.0,77.38625
401594384,"January 12, 2024",Rider Broncs,2520,71,False,71.025,83.8,77.384
401594366,"January 19, 2024",Rider Broncs,2520,74,False,70.235,81.66666666666667,76.32416666666667
401594388,"March 07, 2024",Rider Broncs,2520,61,False,69.33,78.66666666666667,73.94416666666667
401625624,"March 14, 2024",Rider Broncs,2520,48,True,66.095,77.3076923076923,73.58923076923077
401594380,"November 06, 2023",Rider Broncs,2520,113,False,87.165,0.0,0.0
401587644,"December 02, 2023",Robert Morris Colonials,2523,57,False,71.42,76.0,72.77
401597375,"December 11, 2023",Robert Morris Colonials,2523,69,False,71.98,71.25,72.4325
401604890,"December 17, 2023",Robert Morris Colonials,2523,95,False,77.305,70.8,72.34200000000001
401598578,"December 22, 2023",Robert Morris Colonials,2523,85,False,78.305,74.83333333333333,73.16916666666667
401587728,"February 08, 2024",Robert Morris Colonials,2523,76,False,76.84,81.36363636363636,75.25181818181818
401587734,"February 10, 2024",Robert Morris Colonials,2523,71,False,69.63,80.91666666666667,75.38416666666667
401587746,"February 22, 2024",Robert Morris Colonials,2523,43,False,67.07,80.15384615384616,74.94153846153846
401587750,"February 25, 2024",Robert Morris Colonials,2523,71,False,63.56,77.5,74.37928571428571
401587759,"February 28, 2024",Robert Morris Colonials,2523,60,False,63.885,77.06666666666666,73.658
401587678,"January 04, 2024",Robert Morris Colonials,2523,92,False,64.42,76.28571428571429,73.90285714285714
401587688,"January 10, 2024",Robert Morris Colonials,2523,76,False,73.56,78.25,72.7175
401587690,"January 12, 2024",Robert Morris Colonials,2523,91,False,82.165,78.0,72.81111111111112
401587695,"January 17, 2024",Robert Morris Colonials,2523,102,False,90.305,79.3,73.7465
401604889,"November 09, 2023",Robert Morris Colonials,2523,66,False,69.095,0.0,0.0
401599987,"November 24, 2023",Robert Morris Colonials,2523,65,False,76.165,66.0,69.095
401587228,"November 26, 2023",Robert Morris Colonials,2523,97,False,73.05,65.5,72.63
401600296,"December 02, 2023",Rutgers Scarlet Knights,164,58,False,69.885,70.5,69.27333333333333
401576641,"December 16, 2023",Rutgers Scarlet Knights,164,83,False,75.91,68.71428571428571,69.36071428571428
401589301,"December 30, 2023",Rutgers Scarlet Knights,164,59,False,71.725,70.5,70.179375
401600381,"February 10, 2024",Rutgers Scarlet Knights,164,78,False,69.77,67.84615384615384,71.37807692307692
401600389,"February 15, 2024",Rutgers Scarlet Knights,164,63,False,65.375,68.57142857142857,71.26321428571428
401600406,"February 25, 2024",Rutgers Scarlet Knights,164,46,False,62.84,68.2,70.87066666666666
401600414,"February 29, 2024",Rutgers Scarlet Knights,164,82,False,66.42,66.8125,70.36875
401600320,"January 09, 2024",Rutgers Scarlet Knights,164,66,False,75.98,69.22222222222223,70.35111111111111
401600337,"January 17, 2024",Rutgers Scarlet Knights,164,87,False,82.05,68.9,70.914
401600357,"January 28, 2024",Rutgers Scarlet Knights,164,60,False,65.955,70.54545454545455,71.92636363636365
401600362,"January 31, 2024",Rutgers Scarlet Knights,164,46,False,70.77000000000001,69.66666666666667,71.42875
401600432,"March 10, 2024",Rutgers Scarlet Knights,164,51,False,68.235,67.70588235294117,70.13647058823528
401587164,"November 06, 2023",Rutgers Scarlet Knights,164,61,True,62.745000000000005,0.0,0.0
401597961,"November 10, 2023",Rutgers Scarlet Knights,164,69,False,67.63,61.0,62.745000000000005
401600448,"November 12, 2023",Rutgers Scarlet Knights,164,66,False,72.885,65.0,65.1875
401574575,"November 15, 2023",Rutgers Scarlet Knights,164,71,False,72.235,65.33333333333333,67.75333333333333
401600449,"November 18, 2023",Rutgers Scarlet Knights,164,85,False,72.91,66.75,68.87375
401600079,"November 27, 2023",Rutgers Scarlet Knights,164,71,False,67.235,70.4,69.681
401597380,"December 20, 2023",SE Louisiana Lions,2545,48,False,54.675,89.33333333333333,76.56833333333333
401597381,"December 30, 2023",SE Louisiana Lions,2545,87,False,63.30500000000001,79.0,71.095
401579021,"February 03, 2024",SE Louisiana Lions,2545,77,False,67.305,74.25,67.938125
401579080,"February 05, 2024",SE Louisiana Lions,2545,76,False,66.35,74.55555555555556,67.86777777777777
401578976,"February 17, 2024",SE Louisiana Lions,2545,81,False,74.095,74.7,67.716
401579082,"February 19, 2024",SE Louisiana Lions,2545,72,False,68.56,75.27272727272727,68.29590909090909
401579052,"February 24, 2024",SE Louisiana Lions,2545,77,False,76.445,75.0,68.31791666666668
401579077,"January 15, 2024",SE Louisiana Lions,2545,68,False,63.235,80.6,69.537
401579078,"January 20, 2024",SE Louisiana Lions,2545,52,False,63.095,78.5,68.48666666666666
401579069,"January 22, 2024",SE Louisiana Lions,2545,71,False,69.49,74.71428571428571,67.71642857142857
401579066,"March 07, 2024",SE Louisiana Lions,2545,54,False,64.49,75.15384615384616,68.94307692307692
401625636,"March 10, 2024",SE Louisiana Lions,2545,66,True,71.91,73.64285714285714,68.625
401597376,"November 06, 2023",SE Louisiana Lions,2545,90,False,77.235,0.0,0.0
401582162,"November 25, 2023",SE Louisiana Lions,2545,77,True,71.445,90.0,77.235
401597377,"November 28, 2023",SE Louisiana Lions,2545,101,False,81.025,83.5,74.34
401594193,"December 06, 2023",SIU Edwardsville Cougars,2565,78,False,68.49000000000001,84.0,68.345
401604348,"December 18, 2023",SIU Edwardsville Cougars,2565,99,False,72.35,82.8,68.374
401587252,"December 29, 2023",SIU Edwardsville Cougars,2565,67,False,64.77,85.5,69.03666666666668
401587257,"December 31, 2023",SIU Edwardsville Cougars,2565,70,False,64.7,82.85714285714286,68.42714285714285
401587296,"February 01, 2024",SIU Edwardsville Cougars,2565,68,False,67.07,77.45454545454545,68.32545454545455
401587302,"February 03, 2024",SIU Edwardsville Cougars,2565,79,False,75.58500000000001,76.66666666666667,68.22083333333333
401587317,"February 15, 2024",SIU Edwardsville Cougars,2565,91,False,75.91,76.84615384615384,68.78730769230769
401587324,"February 17, 2024",SIU Edwardsville Cougars,2565,80,False,72.77,77.85714285714286,69.29607142857142
401587269,"January 11, 2024",SIU Edwardsville Cougars,2565,67,False,71.26,81.25,67.96125
401587274,"January 13, 2024",SIU Edwardsville Cougars,2565,61,False,65.955,79.66666666666667,68.32777777777778
401587292,"January 27, 2024",SIU Edwardsville Cougars,2565,74,False,70.675,77.8,68.09049999999999
401625574,"March 06, 2024",SIU Edwardsville Cougars,2565,68,True,66.025,78.0,69.52766666666666
401604334,"November 09, 2023",SIU Edwardsville Cougars,2565,92,False,70.56,0.0,0.0
401604335,"November 16, 2023",SIU Edwardsville Cougars,2565,77,True,66.63,92.0,70.56
401583755,"November 25, 2023",SIU Edwardsville Cougars,2565,81,False,62.165,84.5,68.595
401604347,"November 28, 2023",SIU Edwardsville Cougars,2565,86,False,74.025,83.33333333333333,66.45166666666667
401591582,"December 03, 2023",SMU Mustangs,2567,90,False,65.35,72.85714285714286,69.62
401591584,"December 19, 2023",SMU Mustangs,2567,89,False,69.35,75.0,69.08625
401602111,"February 01, 2024",SMU Mustangs,2567,80,False,74.7,77.91666666666667,69.03666666666666
401602117,"February 04, 2024",SMU Mustangs,2567,72,False,65.095,78.07692307692308,69.4723076923077
401602128,"February 11, 2024",SMU Mustangs,2567,71,False,59.165,77.64285714285714,69.15964285714286
401602141,"February 18, 2024",SMU Mustangs,2567,106,False,77.375,77.2,68.49333333333334
401602057,"January 02, 2024",SMU Mustangs,2567,66,False,61.49,76.55555555555556,69.11555555555555
401602081,"January 16, 2024",SMU Mustangs,2567,77,False,65.42,75.5,68.353
401602088,"January 20, 2024",SMU Mustangs,2567,103,False,79.49,75.63636363636364,68.08636363636364
401602164,"March 02, 2024",SMU Mustangs,2567,73,False,72.42,79.0,69.0484375
401602172,"March 06, 2024",SMU Mustangs,2567,80,False,78.445,78.6470588235294,69.24676470588236
401625465,"March 14, 2024",SMU Mustangs,2567,60,True,67.025,78.72222222222223,69.75777777777778
401591580,"November 06, 2023",SMU Mustangs,2567,82,False,76.955,0.0,0.0
401591581,"November 08, 2023",SMU Mustangs,2567,90,False,77.025,82.0,76.955
401581783,"November 09, 2023",SMU Mustangs,2567,78,False,74.33,86.0,76.99000000000001
401575511,"November 14, 2023",SMU Mustangs,2567,66,False,71.955,83.33333333333333,76.10333333333334
401603135,"November 22, 2023",SMU Mustangs,2567,61,True,61.42,79.0,75.06625
401581863,"November 26, 2023",SMU Mustangs,2567,70,False,62.375,75.4,72.337
401577533,"November 29, 2023",SMU Mustangs,2567,63,False,63.28,74.5,70.67666666666666
401594054,"December 09, 2023",Sacramento State Hornets,16,60,False,67.98,99.5,76.0375
401594055,"December 18, 2023",Sacramento State Hornets,16,52,False,67.42,86.33333333333333,73.35166666666667
401594056,"December 21, 2023",Sacramento State Hornets,16,100,False,74.49000000000001,77.75,71.86875
401573433,"February 05, 2024",Sacramento State Hornets,16,45,False,55.42,74.4,67.54400000000001
401573445,"February 15, 2024",Sacramento State Hornets,16,58,False,58.7,71.72727272727273,66.44181818181818
401573451,"February 17, 2024",Sacramento State Hornets,16,75,False,65.815,70.58333333333333,65.79666666666667
401580032,"January 03, 2024",Sacramento State Hornets,16,67,False,67.095,82.2,72.393
401573397,"January 11, 2024",Sacramento State Hornets,16,71,False,62.49,79.66666666666667,71.51
401573399,"January 13, 2024",Sacramento State Hornets,16,66,False,56.815,78.42857142857143,70.22142857142858
401573417,"January 25, 2024",Sacramento State Hornets,16,62,False,64.305,76.875,68.545625
401573421,"January 27, 2024",Sacramento State Hornets,16,67,False,62.77,75.22222222222223,68.07444444444445
401573465,"March 02, 2024",Sacramento State Hornets,16,73,False,75.84,70.92307692307692,65.79807692307692
401573466,"March 04, 2024",Sacramento State Hornets,16,88,False,73.42,71.07142857142857,66.51535714285714
401594050,"November 14, 2023",Sacramento State Hornets,16,128,False,81.955,0.0,0.0
401604308,"November 22, 2023",Sacramento State Hornets,16,71,True,70.12,128.0,81.955
401577720,"December 02, 2023",Sacred Heart Pioneers,2529,49,False,65.955,83.5,76.0025
401576162,"December 09, 2023",Sacred Heart Pioneers,2529,57,False,68.63,76.6,73.99300000000001
401577724,"December 21, 2023",Sacred Heart Pioneers,2529,67,False,64.84,73.33333333333333,73.09916666666668
401577725,"December 30, 2023",Sacred Heart Pioneers,2529,92,False,73.42,72.42857142857143,71.91928571428572
401589456,"February 01, 2024",Sacred Heart Pioneers,2529,77,False,72.095,75.72727272727273,70.56863636363636
401589486,"February 03, 2024",Sacred Heart Pioneers,2529,87,False,72.98,75.83333333333333,70.69583333333334
401589489,"February 22, 2024",Sacred Heart Pioneers,2529,99,False,81.235,76.6923076923077,70.87153846153846
401589490,"February 24, 2024",Sacred Heart Pioneers,2529,67,False,69.885,78.28571428571429,71.61178571428572
401589386,"January 04, 2024",Sacred Heart Pioneers,2529,79,False,68.095,74.875,72.106875
401589483,"January 13, 2024",Sacred Heart Pioneers,2529,89,False,69.885,75.33333333333333,71.66111111111111
401589472,"January 21, 2024",Sacred Heart Pioneers,2529,66,False,61.42,76.7,71.4835
401589492,"March 02, 2024",Sacred Heart Pioneers,2529,89,False,72.305,77.53333333333333,71.49666666666667
401625629,"March 06, 2024",Sacred Heart Pioneers,2529,57,False,61.095,78.25,71.5471875
401577715,"November 06, 2023",Sacred Heart Pioneers,2529,95,False,74.56,0.0,0.0
401577719,"November 18, 2023",Sacred Heart Pioneers,2529,66,True,73.7,95.0,74.56
401574595,"November 21, 2023",Sacred Heart Pioneers,2529,89,False,68.7,80.5,74.13
401574609,"November 30, 2023",Sacred Heart Pioneers,2529,84,False,87.05,83.33333333333333,72.32000000000001
401604301,"December 02, 2023",Saint Joseph's Hawks,2603,74,True,68.7,73.6,71.946
401577547,"December 06, 2023",Saint Joseph's Hawks,2603,69,False,56.21,73.66666666666667,71.405
401577548,"December 10, 2023",Saint Joseph's Hawks,2603,74,False,61.21,73.0,69.23428571428572
401577551,"December 29, 2023",Saint Joseph's Hawks,2603,97,False,73.025,73.125,68.23125
401596882,"February 06, 2024",Saint Joseph's Hawks,2603,79,False,74.77,75.76923076923077,68.56884615384615
401596889,"February 10, 2024",Saint Joseph's Hawks,2603,87,False,80.375,76.0,69.01178571428571
401596911,"February 21, 2024",Saint Joseph's Hawks,2603,79,False,65.445,76.73333333333333,69.76933333333334
401596836,"January 13, 2024",Saint Joseph's Hawks,2603,75,False,76.84,75.77777777777777,68.76388888888889
401596840,"January 15, 2024",Saint Joseph's Hawks,2603,82,False,63.42,75.7,69.5715
401596849,"January 20, 2024",Saint Joseph's Hawks,2603,71,False,65.165,76.27272727272727,69.01227272727273
401596871,"January 31, 2024",Saint Joseph's Hawks,2603,75,False,67.095,75.83333333333333,68.69166666666668
401596930,"March 02, 2024",Saint Joseph's Hawks,2603,82,False,73.235,76.875,69.49906250000001
401596945,"March 09, 2024",Saint Joseph's Hawks,2603,89,False,73.58500000000001,77.17647058823529,69.71882352941176
401577540,"November 06, 2023",Saint Joseph's Hawks,2603,81,False,69.165,0.0,0.0
401577541,"November 10, 2023",Saint Joseph's Hawks,2603,69,False,71.885,81.0,69.165
401577542,"November 14, 2023",Saint Joseph's Hawks,2603,100,False,75.815,75.0,70.525
401577543,"November 17, 2023",Saint Joseph's Hawks,2603,54,False,68.095,83.33333333333333,72.28833333333334
401577545,"November 26, 2023",Saint Joseph's Hawks,2603,64,False,74.77,76.0,71.24000000000001
401600251,"December 09, 2023",Saint Louis Billikens,139,71,False,65.025,77.83333333333333,72.25833333333334
401600077,"December 16, 2023",Saint Louis Billikens,139,75,False,62.025,76.85714285714286,71.22500000000001
401596876,"February 03, 2024",Saint Louis Billikens,139,65,False,66.885,75.66666666666667,69.84541666666667
401596901,"February 16, 2024",Saint Louis Billikens,139,85,False,75.05,74.84615384615384,69.61769230769231
401596916,"February 24, 2024",Saint Louis Billikens,139,96,False,73.655,75.57142857142857,70.00571428571429
401596927,"February 28, 2024",Saint Louis Billikens,139,64,False,67.49,76.93333333333334,70.24900000000001
401596816,"January 03, 2024",Saint Louis Billikens,139,73,False,70.305,76.625,70.075
401596831,"January 10, 2024",Saint Louis Billikens,139,88,False,68.98,76.22222222222223,70.10055555555556
401596859,"January 24, 2024",Saint Louis Billikens,139,61,False,70.7,77.4,69.9885
401596864,"January 27, 2024",Saint Louis Billikens,139,73,False,67.56,75.9090909090909,70.05318181818183
401596937,"March 05, 2024",Saint Louis Billikens,139,83,False,71.49,76.125,70.07656250000001
401598584,"November 06, 2023",Saint Louis Billikens,139,75,False,73.98,0.0,0.0
401600250,"November 08, 2023",Saint Louis Billikens,139,102,False,81.86500000000001,75.0,73.98
401580105,"November 11, 2023",Saint Louis Billikens,139,80,False,78.77,88.5,77.92250000000001
401582110,"November 17, 2023",Saint Louis Billikens,139,68,True,65.49000000000001,85.66666666666667,78.205
401600269,"November 25, 2023",Saint Louis Billikens,139,66,False,66.095,81.25,75.02625
401597412,"November 28, 2023",Saint Louis Billikens,139,76,False,67.35,78.2,73.24000000000001
401594174,"December 05, 2023",Saint Mary's Gaels,2608,70,False,68.165,74.16666666666667,66.50166666666667
401587153,"December 19, 2023",Saint Mary's Gaels,2608,71,False,60.42,73.57142857142857,66.73928571428571
401598042,"December 21, 2023",Saint Mary's Gaels,2608,92,False,64.955,73.25,65.949375
401577705,"December 23, 2023",Saint Mary's Gaels,2608,64,False,63.63,75.33333333333333,65.83888888888889
401597924,"December 29, 2023",Saint Mary's Gaels,2608,66,False,64.815,74.2,65.61800000000001
401589713,"February 15, 2024",Saint Mary's Gaels,2608,103,False,69.28,75.4,64.8
401589719,"February 20, 2024",Saint Mary's Gaels,2608,70,False,59.28,77.125,65.08
401589723,"February 24, 2024",Saint Mary's Gaels,2608,88,False,67.56,76.70588235294117,64.73882352941176
401589672,"January 11, 2024",Saint Mary's Gaels,2608,95,False,62.28,73.45454545454545,65.545
401589689,"January 25, 2024",Saint Mary's Gaels,2608,76,False,61.815,75.25,65.27291666666666
401589693,"January 27, 2024",Saint Mary's Gaels,2608,70,False,60.14,75.3076923076923,65.00692307692307
401589696,"January 31, 2024",Saint Mary's Gaels,2608,82,False,66.77,74.92857142857143,64.65928571428572
401589731,"March 02, 2024",Saint Mary's Gaels,2608,57,False,59.21,77.33333333333333,64.89555555555555
401625647,"March 11, 2024",Saint Mary's Gaels,2608,79,True,61.42,76.26315789473684,64.59631578947368
401625649,"March 12, 2024",Saint Mary's Gaels,2608,69,True,63.49,76.4,64.4375
401598037,"November 06, 2023",Saint Mary's Gaels,2608,107,False,70.28,0.0,0.0
401598038,"November 09, 2023",Saint Mary's Gaels,2608,72,False,67.375,107.0,70.28
401598039,"November 12, 2023",Saint Mary's Gaels,2608,57,False,64.42,89.5,68.8275
401601493,"November 19, 2023",Saint Mary's Gaels,2608,49,True,66.025,78.66666666666667,67.35833333333333
401597833,"November 24, 2023",Saint Mary's Gaels,2608,89,False,63.28,71.25,67.025
401598040,"November 27, 2023",Saint Mary's Gaels,2608,71,False,67.63,74.8,66.276
401582136,"December 12, 2023",Saint Peter's Peacocks,2612,66,False,70.98,61.0,66.84
401598977,"December 22, 2023",Saint Peter's Peacocks,2612,73,False,73.86500000000001,63.5,68.91
401594368,"February 02, 2024",Saint Peter's Peacocks,2612,59,False,72.165,66.57142857142857,69.63071428571429
401594300,"February 10, 2024",Saint Peter's Peacocks,2612,62,False,64.235,65.625,69.9475
401594391,"February 16, 2024",Saint Peter's Peacocks,2612,75,False,65.165,65.22222222222223,69.31277777777778
401594340,"February 25, 2024",Saint Peter's Peacocks,2612,69,False,70.795,66.2,68.898
401594310,"January 05, 2024",Saint Peter's Peacocks,2612,69,False,71.375,66.66666666666667,70.56166666666667
401594351,"January 07, 2024",Saint Peter's Peacocks,2612,70,False,69.095,67.25,70.765
401594262,"January 21, 2024",Saint Peter's Peacocks,2612,70,False,68.7,67.8,70.43100000000001
401594385,"January 25, 2024",Saint Peter's Peacocks,2612,57,False,66.56,68.16666666666667,70.1425
401594392,"March 03, 2024",Saint Peter's Peacocks,2612,89,False,70.49,66.45454545454545,69.07045454545455
401594379,"March 09, 2024",Saint Peter's Peacocks,2612,74,False,71.025,68.33333333333333,69.18875
401582020,"November 20, 2023",Saint Peter's Peacocks,2612,61,False,66.84,0.0,0.0
401581789,"December 03, 2023",Sam Houston Bearkats,2534,90,False,67.63,75.5,80.0375
401581866,"December 12, 2023",Sam Houston Bearkats,2534,63,False,69.655,80.33333333333333,75.90166666666666
401598012,"December 15, 2023",Sam Houston Bearkats,2534,60,False,70.35,76.0,74.34
401573626,"February 15, 2024",Sam Houston Bearkats,2534,70,False,71.955,75.5,73.9
401573629,"February 17, 2024",Sam Houston Bearkats,2534,83,False,72.84,75.0,73.72318181818181
401608786,"January 02, 2024",Sam Houston Bearkats,2534,93,False,81.63,72.8,73.542
401573582,"January 06, 2024",Sam Houston Bearkats,2534,81,False,71.84,76.16666666666667,74.89
401573587,"January 10, 2024",Sam Houston Bearkats,2534,78,False,75.7,76.85714285714286,74.4542857142857
401573602,"January 25, 2024",Sam Houston Bearkats,2534,79,False,70.025,77.0,74.61
401573604,"January 27, 2024",Sam Houston Bearkats,2534,60,False,72.095,77.22222222222223,74.10055555555556
401573643,"March 02, 2024",Sam Houston Bearkats,2534,81,False,67.515,75.66666666666667,73.64958333333333
401573647,"March 09, 2024",Sam Houston Bearkats,2534,81,False,65.305,76.07692307692308,73.1776923076923
401625485,"March 13, 2024",Sam Houston Bearkats,2534,78,True,68.49,76.42857142857143,72.61535714285715
401625489,"March 15, 2024",Sam Houston Bearkats,2534,63,True,72.19,76.53333333333333,72.34033333333333
401584450,"November 09, 2023",Sam Houston Bearkats,2534,73,False,83.445,0.0,0.0
401608785,"November 25, 2023",Sam Houston Bearkats,2534,78,False,76.63,73.0,83.445
401579104,"December 03, 2023",Samford Bulldogs,2535,128,False,89.305,92.0,77.08416666666666
401579105,"December 11, 2023",Samford Bulldogs,2535,118,False,97.865,97.14285714285714,78.83000000000001
401575767,"December 16, 2023",Samford Bulldogs,2535,99,False,79.56,99.75,81.209375
401587950,"February 14, 2024",Samford Bulldogs,2535,88,False,70.165,97.64285714285714,79.59892857142857
401587959,"February 21, 2024",Samford Bulldogs,2535,74,False,70.16499999999999,97.0,78.97
401587965,"February 24, 2024",Samford Bulldogs,2535,87,False,73.63,95.5625,78.4196875
401587889,"January 03, 2024",Samford Bulldogs,2535,89,False,73.63,99.66666666666667,81.0261111111111
401587902,"January 11, 2024",Samford Bulldogs,2535,79,False,71.095,98.6,80.2865
401587908,"January 13, 2024",Samford Bulldogs,2535,134,False,96.77,96.81818181818181,79.4509090909091
401587914,"January 20, 2024",Samford Bulldogs,2535,87,False,77.16499999999999,99.91666666666667,80.89416666666666
401587932,"January 31, 2024",Samford Bulldogs,2535,81,False,66.49,98.92307692307692,80.60730769230769
401587974,"March 02, 2024",Samford Bulldogs,2535,92,False,75.515,95.05882352941177,78.13794117647059
401625582,"March 09, 2024",Samford Bulldogs,2535,70,True,63.745,94.88888888888889,77.99222222222221
401625586,"March 10, 2024",Samford Bulldogs,2535,84,True,76.58500000000001,93.57894736842105,77.24236842105263
401625588,"March 11, 2024",Samford Bulldogs,2535,76,True,79.795,93.1,77.2095
401579098,"November 14, 2023",Samford Bulldogs,2535,96,False,78.165,0.0,0.0
401579099,"November 17, 2023",Samford Bulldogs,2535,89,False,79.655,96.0,78.165
401579100,"November 22, 2023",Samford Bulldogs,2535,99,False,76.025,92.5,78.91
401579101,"November 24, 2023",Samford Bulldogs,2535,79,False,72.095,94.66666666666667,77.94833333333334
401579102,"November 25, 2023",Samford Bulldogs,2535,101,False,82.12,90.75,76.485
401579103,"November 30, 2023",Samford Bulldogs,2535,88,False,74.445,92.8,77.612
401597932,"December 09, 2023",San Diego State Aztecs,21,63,False,66.77000000000001,82.83333333333333,73.71583333333332
401597933,"December 19, 2023",San Diego State Aztecs,21,91,False,76.7,80.0,72.72357142857143
401607347,"December 21, 2023",San Diego State Aztecs,21,74,False,69.165,81.375,73.220625
401597942,"February 03, 2024",San Diego State Aztecs,21,81,False,68.98,78.6923076923077,71.22961538461539
401597944,"February 13, 2024",San Diego State Aztecs,21,71,False,68.955,78.85714285714286,71.06892857142857
401597945,"February 16, 2024",San Diego State Aztecs,21,81,False,76.305,78.33333333333333,70.92800000000001
401597948,"February 27, 2024",San Diego State Aztecs,21,72,False,66.77,78.5,71.2640625
401597935,"January 03, 2024",San Diego State Aztecs,21,74,False,66.025,80.55555555555556,72.77000000000001
401597302,"January 06, 2024",San Diego State Aztecs,21,72,False,70.05,79.9,72.0955
401597938,"January 17, 2024",San Diego State Aztecs,21,71,False,67.095,79.18181818181819,71.90954545454545
401597940,"January 23, 2024",San Diego State Aztecs,21,81,False,67.88499999999999,78.5,71.50833333333334
401597949,"March 08, 2024",San Diego State Aztecs,21,77,False,75.095,78.11764705882354,70.99970588235294
401625531,"March 16, 2024",San Diego State Aztecs,21,61,True,63.7,78.05555555555556,71.22722222222222
401597930,"November 06, 2023",San Diego State Aztecs,21,83,False,75.63,0.0,0.0
401597931,"November 14, 2023",San Diego State Aztecs,21,88,False,80.05,83.0,75.63
401588731,"November 17, 2023",San Diego State Aztecs,21,79,True,62.49,85.5,77.84
401601492,"November 19, 2023",San Diego State Aztecs,21,100,True,81.935,83.33333333333333,72.72333333333333
401581772,"November 25, 2023",San Diego State Aztecs,21,76,True,74.63,87.5,75.02625
401611812,"November 27, 2023",San Diego State Aztecs,21,71,False,67.56,85.2,74.947
401597960,"December 09, 2023",San Diego Toreros,301,89,False,78.84,75.2,71.91900000000001
401594037,"December 15, 2023",San Diego Toreros,301,69,False,70.025,77.5,73.0725
401600097,"December 21, 2023",San Diego Toreros,301,69,False,70.77,76.28571428571429,72.63714285714286
401598570,"December 29, 2023",San Diego Toreros,301,67,False,71.98,75.375,72.40375
401606992,"December 31, 2023",San Diego Toreros,301,78,False,79.025,74.44444444444444,72.35666666666667
401589705,"February 07, 2024",San Diego Toreros,301,79,False,66.445,72.92857142857143,72.90607142857142
401589712,"February 15, 2024",San Diego Toreros,301,71,False,71.095,73.33333333333333,72.47533333333334
401589718,"February 17, 2024",San Diego Toreros,301,69,False,73.375,73.1875,72.3890625
401589663,"January 04, 2024",San Diego Toreros,301,70,False,69.7,74.8,73.0235
401589674,"January 11, 2024",San Diego Toreros,301,63,False,73.88499999999999,74.36363636363636,72.72136363636365
401589676,"January 13, 2024",San Diego Toreros,301,77,False,68.955,73.41666666666667,72.81833333333334
401589683,"January 20, 2024",San Diego Toreros,301,63,False,77.91,73.6923076923077,72.52115384615385
401589733,"March 02, 2024",San Diego Toreros,301,81,False,72.655,72.94117647058823,72.4470588235294
401625643,"March 08, 2024",San Diego Toreros,301,57,True,65.305,73.38888888888889,72.45861111111111
401606991,"November 06, 2023",San Diego Toreros,301,68,False,67.445,0.0,0.0
401583813,"November 08, 2023",San Diego Toreros,301,87,False,74.375,68.0,67.445
401602692,"November 17, 2023",San Diego Toreros,301,80,False,73.77,77.5,70.91
401598589,"November 20, 2023",San Diego Toreros,301,67,False,69.305,78.33333333333333,71.86333333333333
401594014,"November 29, 2023",San Diego Toreros,301,74,False,74.7,75.5,71.22375
401579038,"December 11, 2023",San Francisco Dons,2539,85,False,72.235,86.8,70.369
401598046,"December 13, 2023",San Francisco Dons,2539,62,False,66.49000000000001,86.5,70.67999999999999
401584368,"December 20, 2023",San Francisco Dons,2539,91,False,66.21000000000001,83.0,70.08142857142857
401598047,"December 22, 2023",San Francisco Dons,2539,77,False,67.745,84.0,69.5975
401598048,"December 30, 2023",San Francisco Dons,2539,92,False,59.28,83.22222222222223,69.39166666666667
401589697,"February 01, 2024",San Francisco Dons,2539,95,False,78.235,83.61538461538461,68.6276923076923
401589701,"February 03, 2024",San Francisco Dons,2539,79,False,69.63,84.42857142857143,69.31392857142858
401589710,"February 10, 2024",San Francisco Dons,2539,71,False,67.12,84.06666666666666,69.33500000000001
401589725,"February 24, 2024",San Francisco Dons,2539,92,False,67.98,83.25,69.1965625
401589728,"February 29, 2024",San Francisco Dons,2539,68,False,74.98,83.76470588235294,69.125
401589675,"January 13, 2024",San Francisco Dons,2539,96,False,72.445,84.1,68.38050000000001
401589681,"January 18, 2024",San Francisco Dons,2539,90,False,67.745,85.18181818181819,68.75
401589686,"January 20, 2024",San Francisco Dons,2539,60,False,68.16499999999999,85.58333333333333,68.66625
401625646,"March 09, 2024",San Francisco Dons,2539,72,True,60.21,82.88888888888889,69.45027777777779
401598043,"November 06, 2023",San Francisco Dons,2539,128,False,82.56,0.0,0.0
401589377,"November 09, 2023",San Francisco Dons,2539,84,False,70.095,128.0,82.56
401601488,"November 19, 2023",San Francisco Dons,2539,70,True,65.025,106.0,76.3275
401587160,"November 22, 2023",San Francisco Dons,2539,76,False,71.88499999999999,94.0,72.56
401598045,"November 26, 2023",San Francisco Dons,2539,76,True,62.28,89.5,72.39125
401579037,"December 09, 2023",San José State Spartans,23,87,False,76.49,83.0,72.421
401602186,"December 17, 2023",San José State Spartans,23,75,False,70.445,83.66666666666667,73.09916666666668
401579119,"December 20, 2023",San José State Spartans,23,81,False,68.35,82.42857142857143,72.72
401600812,"February 06, 2024",San José State Spartans,23,57,False,65.745,78.75,71.12833333333333
401594454,"February 13, 2024",San José State Spartans,23,73,False,60.91,77.07692307692308,70.71423076923077
401602991,"February 17, 2024",San José State Spartans,23,75,False,69.63,76.78571428571429,70.01392857142856
401602986,"February 23, 2024",San José State Spartans,23,63,False,66.42,76.66666666666667,69.98833333333333
401602971,"January 05, 2024",San José State Spartans,23,69,False,70.165,82.25,72.17375
401597936,"January 09, 2024",San José State Spartans,23,78,False,69.375,80.77777777777777,71.95055555555555
401602989,"January 24, 2024",San José State Spartans,23,75,False,72.91,80.5,71.693
401597307,"January 27, 2024",San José State Spartans,23,65,False,63.7,80.0,71.80363636363637
401600804,"March 06, 2024",San José State Spartans,23,70,False,64.235,75.8125,69.7653125
401602182,"November 07, 2023",San José State Spartans,23,72,False,76.91,0.0,0.0
401602183,"November 09, 2023",San José State Spartans,23,117,False,86.84,72.0,76.91
401582121,"November 17, 2023",San José State Spartans,23,71,True,62.42,94.5,81.875
401582125,"November 18, 2023",San José State Spartans,23,77,True,68.235,86.66666666666667,75.39
401597998,"November 27, 2023",San José State Spartans,23,78,False,67.7,84.25,73.60125
401579117,"December 13, 2023",Santa Clara Broncos,2541,82,False,77.955,77.83333333333333,70.69583333333334
401579118,"December 16, 2023",Santa Clara Broncos,2541,69,True,67.49,78.42857142857143,71.73285714285714
401579120,"December 23, 2023",Santa Clara Broncos,2541,81,True,71.515,77.25,71.2025
401579121,"December 30, 2023",Santa Clara Broncos,2541,58,False,72.095,77.66666666666667,71.23722222222221
401589699,"February 03, 2024",Santa Clara Broncos,2541,59,False,68.955,77.0,70.93392857142858
401589714,"February 15, 2024",Santa Clara Broncos,2541,79,False,71.98,75.8,70.80199999999999
401589722,"February 22, 2024",Santa Clara Broncos,2541,65,False,63.885000000000005,76.0,70.875625
401589671,"January 11, 2024",Santa Clara Broncos,2541,77,False,77.49,75.7,71.32300000000001
401589678,"January 13, 2024",Santa Clara Broncos,2541,49,False,58.745000000000005,75.81818181818181,71.88363636363637
401589684,"January 20, 2024",Santa Clara Broncos,2541,101,False,72.515,73.58333333333333,70.78875000000001
401589688,"January 25, 2024",Santa Clara Broncos,2541,94,False,71.095,75.6923076923077,70.92153846153846
401589734,"March 02, 2024",Santa Clara Broncos,2541,69,False,75.42,75.3529411764706,70.46441176470589
401625645,"March 09, 2024",Santa Clara Broncos,2541,104,True,86.165,75.0,70.73972222222223
401579108,"November 08, 2023",Santa Clara Broncos,2541,77,False,80.98,0.0,0.0
401579109,"November 11, 2023",Santa Clara Broncos,2541,82,False,68.955,77.0,80.98
401579111,"November 18, 2023",Santa Clara Broncos,2541,65,False,68.16499999999999,79.5,74.9675
401579112,"November 20, 2023",Santa Clara Broncos,2541,81,False,65.025,74.66666666666667,72.7
401582160,"November 25, 2023",Santa Clara Broncos,2541,56,True,63.815,76.25,70.78125
401579114,"November 29, 2023",Santa Clara Broncos,2541,106,False,77.235,72.2,69.388
401574046,"December 02, 2023",Seattle U Redhawks,2547,73,False,74.91,74.6,71.179
401598978,"December 09, 2023",Seattle U Redhawks,2547,101,False,75.60499999999999,74.33333333333333,71.80083333333333
401581780,"December 17, 2023",Seattle U Redhawks,2547,99,False,83.165,78.14285714285714,72.3442857142857
401598979,"December 20, 2023",Seattle U Redhawks,2547,79,False,80.77,80.75,73.696875
401574101,"February 08, 2024",Seattle U Redhawks,2547,75,False,72.305,76.23076923076923,73.65346153846154
401574106,"February 10, 2024",Seattle U Redhawks,2547,77,False,70.305,76.14285714285714,73.55714285714285
401574121,"February 22, 2024",Seattle U Redhawks,2547,69,False,70.56,76.2,73.34033333333333
401574126,"February 24, 2024",Seattle U Redhawks,2547,84,False,73.095,75.75,73.1665625
401574131,"February 29, 2024",Seattle U Redhawks,2547,62,False,66.165,76.23529411764706,73.16235294117647
401574052,"January 04, 2024",Seattle U Redhawks,2547,70,False,70.42,80.55555555555556,74.48277777777778
401574057,"January 06, 2024",Seattle U Redhawks,2547,48,False,65.49000000000001,79.5,74.0765
401574077,"January 20, 2024",Seattle U Redhawks,2547,86,False,80.54,76.63636363636364,73.29590909090909
401574086,"January 26, 2024",Seattle U Redhawks,2547,62,False,70.7,77.41666666666667,73.89958333333334
401625510,"March 14, 2024",Seattle U Redhawks,2547,81,True,61.35,75.44444444444444,72.77361111111111
401598015,"November 08, 2023",Seattle U Redhawks,2547,71,False,77.375,0.0,0.0
401581170,"November 11, 2023",Seattle U Redhawks,2547,71,False,75.375,71.0,77.375
401584361,"November 15, 2023",Seattle U Redhawks,2547,60,False,74.84,71.0,76.375
401583737,"November 22, 2023",Seattle U Redhawks,2547,92,False,65.955,67.33333333333333,75.86333333333333
401594113,"November 26, 2023",Seattle U Redhawks,2547,79,False,62.35,73.5,73.38625
401587130,"December 09, 2023",Seton Hall Pirates,2550,63,False,67.445,82.2,70.08099999999999
401583749,"December 12, 2023",Seton Hall Pirates,2550,70,False,69.165,79.0,69.64166666666667
401599441,"December 20, 2023",Seton Hall Pirates,2550,75,False,62.955,77.71428571428571,69.57357142857143
401599521,"February 07, 2024",Seton Hall Pirates,2550,76,False,70.98,77.83333333333333,70.665
401599532,"February 14, 2024",Seton Hall Pirates,2550,88,False,69.095,77.6923076923077,70.68923076923078
401599544,"February 24, 2024",Seton Hall Pirates,2550,76,False,68.955,78.42857142857143,70.57535714285714
401599477,"January 06, 2024",Seton Hall Pirates,2550,78,False,71.56,77.375,68.74625
401599490,"January 16, 2024",Seton Hall Pirates,2550,80,False,68.12,77.44444444444444,69.05888888888889
401599496,"January 20, 2024",Seton Hall Pirates,2550,94,False,92.235,77.7,68.965
401599502,"January 24, 2024",Seton Hall Pirates,2550,63,False,66.095,79.18181818181819,71.08045454545454
401599562,"March 06, 2024",Seton Hall Pirates,2550,66,False,61.77,78.26666666666667,70.46733333333333
401599567,"March 09, 2024",Seton Hall Pirates,2550,86,False,68.56,77.5,69.92375
401625560,"March 14, 2024",Seton Hall Pirates,2550,72,False,71.235,78.0,69.8435294117647
401587126,"November 06, 2023",Seton Hall Pirates,2550,70,False,61.815,0.0,0.0
401587127,"November 11, 2023",Seton Hall Pirates,2550,85,False,84.375,70.0,61.815
401582140,"November 15, 2023",Seton Hall Pirates,2550,96,False,73.165,77.5,73.095
401587128,"November 18, 2023",Seton Hall Pirates,2550,72,False,63.885,83.66666666666667,73.11833333333334
401587129,"November 29, 2023",Seton Hall Pirates,2550,88,False,67.165,80.75,70.81
401594381,"December 01, 2023",Siena Saints,2561,67,False,68.095,62.0,67.6175
401594396,"December 06, 2023",Siena Saints,2561,51,False,75.7,63.666666666666664,67.77666666666666
401594397,"December 19, 2023",Siena Saints,2561,74,False,82.095,60.5,69.7575
401594355,"February 04, 2024",Siena Saints,2561,61,False,71.63,62.0,70.98388888888888
401594337,"February 08, 2024",Siena Saints,2561,51,False,66.165,61.9,71.0485
401594269,"February 18, 2024",Siena Saints,2561,64,False,59.165,60.90909090909091,70.60454545454546
401594291,"January 05, 2024",Siena Saints,2561,69,False,72.095,63.2,72.225
401594374,"January 19, 2024",Siena Saints,2561,70,False,72.165,64.16666666666667,72.20333333333333
401594314,"January 26, 2024",Siena Saints,2561,51,False,65.49000000000001,65.0,72.19785714285715
401594390,"January 28, 2024",Siena Saints,2561,52,False,67.98,63.25,71.359375
401594399,"March 01, 2024",Siena Saints,2561,68,False,65.49,61.166666666666664,69.65125
401594371,"March 07, 2024",Siena Saints,2561,59,False,61.025,61.69230769230769,69.33115384615385
401594393,"November 06, 2023",Siena Saints,2561,73,False,63.42,0.0,0.0
401582142,"November 26, 2023",Siena Saints,2561,51,False,71.815,73.0,63.42
401606136,"December 09, 2023",South Alabama Jaguars,6,91,False,81.305,82.6,75.67699999999999
401600100,"December 21, 2023",South Alabama Jaguars,6,83,False,81.305,84.0,76.615
401581650,"February 07, 2024",South Alabama Jaguars,6,78,False,73.795,81.81818181818181,76.30681818181819
401634063,"February 10, 2024",South Alabama Jaguars,6,75,False,65.56,81.5,76.09750000000001
401581710,"February 15, 2024",South Alabama Jaguars,6,72,False,64.095,81.0,75.28692307692307
401581624,"February 17, 2024",South Alabama Jaguars,6,73,False,67.77,80.35714285714286,74.4875
401581712,"February 28, 2024",South Alabama Jaguars,6,73,False,72.815,79.86666666666666,74.03966666666666
401581494,"January 04, 2024",South Alabama Jaguars,6,84,False,79.42,83.85714285714286,77.285
401581657,"January 06, 2024",South Alabama Jaguars,6,76,False,74.165,83.875,77.551875
401581707,"January 18, 2024",South Alabama Jaguars,6,74,False,71.7,83.0,77.17555555555556
401581679,"January 20, 2024",South Alabama Jaguars,6,79,False,73.095,82.1,76.628
401581697,"March 01, 2024",South Alabama Jaguars,6,80,False,64.49,79.4375,73.963125
401625591,"March 07, 2024",South Alabama Jaguars,6,71,True,76.025,79.47058823529412,73.40588235294118
401606132,"November 06, 2023",South Alabama Jaguars,6,74,False,81.19,0.0,0.0
401584435,"November 16, 2023",South Alabama Jaguars,6,97,False,95.98,74.0,81.19
401606133,"November 17, 2023",South Alabama Jaguars,6,82,False,67.445,85.5,88.58500000000001
401606134,"November 19, 2023",South Alabama Jaguars,6,86,False,63.885,84.33333333333333,81.53833333333334
401606135,"November 21, 2023",South Alabama Jaguars,6,74,False,69.885,84.75,77.125
401581076,"December 01, 2023",South Carolina Gamecocks,2579,89,False,63.745000000000005,75.0,66.96125
401592851,"December 16, 2023",South Carolina Gamecocks,2579,73,False,60.28,77.8,66.31800000000001
401592852,"December 19, 2023",South Carolina Gamecocks,2579,72,False,64.515,77.0,65.31166666666667
401588317,"December 22, 2023",South Carolina Gamecocks,2579,70,False,64.56,76.28571428571429,65.19785714285715
401592853,"December 30, 2023",South Carolina Gamecocks,2579,94,False,67.35,75.5,65.118125
401597170,"February 06, 2024",South Carolina Gamecocks,2579,68,False,60.745,75.84615384615384,65.63346153846155
401597180,"February 10, 2024",South Carolina Gamecocks,2579,75,False,57.28,75.28571428571429,65.28428571428572
401597193,"February 17, 2024",South Carolina Gamecocks,2579,63,False,65.21,75.26666666666667,64.75066666666666
401597115,"January 06, 2024",South Carolina Gamecocks,2579,68,False,64.91,77.55555555555556,65.36611111111111
401597133,"January 16, 2024",South Carolina Gamecocks,2579,69,False,69.12,76.6,65.32050000000001
401597144,"January 23, 2024",South Carolina Gamecocks,2579,79,False,63.815,75.9090909090909,65.6659090909091
401597152,"January 27, 2024",South Carolina Gamecocks,2579,72,False,67.095,76.16666666666667,65.51166666666667
401597219,"March 02, 2024",South Carolina Gamecocks,2579,82,False,67.025,74.5,64.779375
401597225,"March 06, 2024",South Carolina Gamecocks,2579,59,False,65.77,74.94117647058823,64.91147058823529
401625450,"March 14, 2024",South Carolina Gamecocks,2579,80,True,67.35,74.05555555555556,64.95916666666668
401592849,"November 06, 2023",South Carolina Gamecocks,2579,82,False,71.49,0.0,0.0
401581590,"November 10, 2023",South Carolina Gamecocks,2579,79,True,61.28,82.0,71.49
401575391,"November 13, 2023",South Carolina Gamecocks,2579,74,False,72.375,80.5,66.38499999999999
401574548,"November 28, 2023",South Carolina Gamecocks,2579,65,False,62.7,78.33333333333333,68.38166666666666
401574622,"December 09, 2023",South Carolina State Bulldogs,2569,71,False,75.235,76.0,72.8975
401599988,"December 11, 2023",South Carolina State Bulldogs,2569,86,False,79.26,74.33333333333333,73.67666666666666
401606727,"December 22, 2023",South Carolina State Bulldogs,2569,101,False,81.235,77.25,75.07249999999999
401606721,"February 03, 2024",South Carolina State Bulldogs,2569,70,False,68.445,78.875,72.889375
401589745,"February 05, 2024",South Carolina State Bulldogs,2569,77,False,67.095,77.88888888888889,72.39555555555555
401600252,"February 10, 2024",South Carolina State Bulldogs,2569,78,False,61.77,77.8,71.8655
401604431,"February 24, 2024",South Carolina State Bulldogs,2569,69,False,68.56,77.81818181818181,70.94772727272726
401604803,"February 26, 2024",South Carolina State Bulldogs,2569,64,False,65.095,77.08333333333333,70.74875
401594405,"January 06, 2024",South Carolina State Bulldogs,2569,72,False,66.98,82.0,76.30499999999999
401606728,"January 08, 2024",South Carolina State Bulldogs,2569,78,False,68.77,80.33333333333333,74.75083333333333
401606749,"January 20, 2024",South Carolina State Bulldogs,2569,71,False,65.84,80.0,73.89642857142857
401625569,"March 14, 2024",South Carolina State Bulldogs,2569,58,True,71.91,76.07692307692308,70.31384615384614
401611539,"November 06, 2023",South Carolina State Bulldogs,2569,65,False,70.35,0.0,0.0
401584337,"November 13, 2023",South Carolina State Bulldogs,2569,87,False,75.445,65.0,70.35
401593916,"December 09, 2023",South Carolina Upstate Spartans,2908,77,False,80.655,92.5,79.06
401583809,"December 16, 2023",South Carolina Upstate Spartans,2908,53,False,66.56,87.33333333333333,79.59166666666665
401600053,"December 30, 2023",South Carolina Upstate Spartans,2908,96,False,79.305,78.75,76.33375
401601251,"February 03, 2024",South Carolina Upstate Spartans,2908,78,False,70.025,78.875,73.845625
401601260,"February 10, 2024",South Carolina Upstate Spartans,2908,64,False,71.955,78.77777777777777,73.4211111111111
401601266,"February 17, 2024",South Carolina Upstate Spartans,2908,65,False,71.63,77.3,73.2745
401601269,"February 21, 2024",South Carolina Upstate Spartans,2908,60,False,69.235,76.18181818181819,73.125
401601280,"February 28, 2024",South Carolina Upstate Spartans,2908,74,False,73.165,74.83333333333333,72.80083333333333
401601220,"January 06, 2024",South Carolina Upstate Spartans,2908,80,False,75.7,82.2,76.928
401601231,"January 17, 2024",South Carolina Upstate Spartans,2908,73,False,64.515,81.83333333333333,76.72333333333334
401601239,"January 24, 2024",South Carolina Upstate Spartans,2908,67,False,65.91,80.57142857142857,74.97928571428572
401625514,"March 06, 2024",South Carolina Upstate Spartans,2908,60,True,69.165,74.76923076923077,72.82884615384616
401600049,"November 12, 2023",South Carolina Upstate Spartans,2908,106,False,81.88499999999999,0.0,0.0
401600051,"November 25, 2023",South Carolina Upstate Spartans,2908,79,False,76.235,106.0,81.88499999999999
401600066,"December 09, 2023",South Dakota Coyotes,233,78,False,67.05,85.85714285714286,74.58357142857143
401580026,"December 31, 2023",South Dakota Coyotes,233,51,False,64.35,84.875,73.641875
401580066,"February 01, 2024",South Dakota Coyotes,233,81,False,70.025,78.16666666666667,71.94583333333334
401580075,"February 08, 2024",South Dakota Coyotes,233,92,False,76.305,78.38461538461539,71.79807692307692
401580090,"February 22, 2024",South Dakota Coyotes,233,78,False,81.795,79.35714285714286,72.12
401580094,"February 24, 2024",South Dakota Coyotes,233,77,False,69.49,79.26666666666667,72.765
401580097,"February 29, 2024",South Dakota Coyotes,233,88,False,63.56,79.125,72.5603125
401580031,"January 03, 2024",South Dakota Coyotes,233,79,False,69.42,81.11111111111111,72.60944444444445
401580051,"January 18, 2024",South Dakota Coyotes,233,74,False,71.305,80.9,72.2905
401580054,"January 20, 2024",South Dakota Coyotes,233,55,False,69.14,80.27272727272727,72.2009090909091
401600092,"November 06, 2023",South Dakota Coyotes,233,85,False,71.14,0.0,0.0
401600093,"November 10, 2023",South Dakota Coyotes,233,100,True,83.375,85.0,71.14
401575392,"November 17, 2023",South Dakota Coyotes,233,85,True,82.05,92.5,77.2575
401601487,"November 18, 2023",South Dakota Coyotes,233,81,True,70.7,90.0,78.855
401600094,"November 22, 2023",South Dakota Coyotes,233,100,False,71.35,87.75,76.81625
401594442,"November 26, 2023",South Dakota Coyotes,233,57,False,66.63,90.2,75.723
401600095,"November 28, 2023",South Dakota Coyotes,233,93,False,76.84,84.66666666666667,74.2075
401587145,"December 01, 2023",South Dakota State Jackrabbits,2571,61,True,57.955,82.5,73.16499999999999
401590231,"December 05, 2023",South Dakota State Jackrabbits,2571,73,False,74.84,78.2,70.123
401590232,"December 14, 2023",South Dakota State Jackrabbits,2571,94,False,75.745,77.33333333333333,70.90916666666666
401581561,"December 20, 2023",South Dakota State Jackrabbits,2571,65,True,77.7,79.71428571428571,71.6
401580025,"December 31, 2023",South Dakota State Jackrabbits,2571,80,False,70.515,77.875,72.3625
401580065,"February 01, 2024",South Dakota State Jackrabbits,2571,73,False,82.235,79.75,72.13583333333334
401580069,"February 04, 2024",South Dakota State Jackrabbits,2571,70,False,65.77,79.23076923076923,72.91269230769231
401580078,"February 10, 2024",South Dakota State Jackrabbits,2571,83,False,68.025,78.57142857142857,72.4025
401580089,"February 22, 2024",South Dakota State Jackrabbits,2571,97,False,74.98,78.86666666666666,72.11066666666667
401580093,"February 24, 2024",South Dakota State Jackrabbits,2571,77,False,65.955,80.0,72.29
401580035,"January 06, 2024",South Dakota State Jackrabbits,2571,89,False,74.095,78.11111111111111,72.15722222222222
401580049,"January 18, 2024",South Dakota State Jackrabbits,2571,90,False,72.91,79.2,72.351
401580057,"January 25, 2024",South Dakota State Jackrabbits,2571,75,False,69.21,80.18181818181819,72.40181818181817
401625493,"March 09, 2024",South Dakota State Jackrabbits,2571,79,True,65.35,79.82352941176471,71.91735294117647
401625497,"March 11, 2024",South Dakota State Jackrabbits,2571,59,True,60.42,79.77777777777777,71.5525
401625499,"March 12, 2024",South Dakota State Jackrabbits,2571,76,True,70.77,78.6842105263158,70.96657894736842
401590205,"November 06, 2023",South Dakota State Jackrabbits,2571,75,False,70.77,0.0,0.0
401590206,"November 08, 2023",South Dakota State Jackrabbits,2571,83,False,78.49,75.0,70.77
401590208,"November 19, 2023",South Dakota State Jackrabbits,2571,80,True,73.515,79.0,74.63
401590230,"November 27, 2023",South Dakota State Jackrabbits,2571,92,False,69.885,79.33333333333333,74.25833333333333
401577578,"December 12, 2023",South Florida Bulls,58,104,False,75.515,73.0,72.305
401577579,"December 16, 2023",South Florida Bulls,58,77,False,69.49000000000001,79.2,72.947
401577580,"December 22, 2023",South Florida Bulls,58,89,False,76.05,78.83333333333333,72.37083333333334
401577581,"December 29, 2023",South Florida Bulls,58,73,False,64.42,80.28571428571429,72.89642857142857
401602119,"February 06, 2024",South Florida Bulls,58,72,False,65.84,79.41666666666667,71.43833333333333
401602132,"February 14, 2024",South Florida Bulls,58,69,False,64.49000000000001,78.84615384615384,71.00769230769231
401602142,"February 18, 2024",South Florida Bulls,58,90,False,75.84,78.14285714285714,70.54214285714286
401602154,"February 25, 2024",South Florida Bulls,58,79,False,70.05,78.93333333333334,70.89533333333334
401602059,"January 04, 2024",South Florida Bulls,58,76,False,76.165,79.375,71.836875
401602073,"January 12, 2024",South Florida Bulls,58,81,False,72.56,79.0,72.31777777777778
401602091,"January 21, 2024",South Florida Bulls,58,72,False,68.49,79.2,72.34200000000001
401602101,"January 27, 2024",South Florida Bulls,58,89,False,65.35,78.54545454545455,71.99181818181819
401602169,"March 05, 2024",South Florida Bulls,58,85,False,75.095,78.9375,70.8425
401625466,"March 15, 2024",South Florida Bulls,58,81,True,67.7,79.29411764705883,71.09264705882353
401625470,"March 16, 2024",South Florida Bulls,58,83,True,69.77,79.38888888888889,70.90416666666667
401577572,"November 09, 2023",South Florida Bulls,58,96,False,75.305,0.0,0.0
401577573,"November 15, 2023",South Florida Bulls,58,63,False,73.58500000000001,96.0,75.305
401577574,"November 19, 2023",South Florida Bulls,58,74,False,69.63,79.5,74.44500000000001
401577564,"November 22, 2023",South Florida Bulls,58,59,False,70.7,77.66666666666667,72.84
401604789,"December 03, 2023",Southeast Missouri State Redhawks,2546,84,False,75.655,63.5,71.8625
401604790,"December 06, 2023",Southeast Missouri State Redhawks,2546,95,False,74.165,70.33333333333333,73.12666666666667
401604791,"December 17, 2023",Southeast Missouri State Redhawks,2546,87,False,70.025,76.5,73.38625
401587249,"December 29, 2023",Southeast Missouri State Redhawks,2546,93,False,90.19,78.6,72.714
401587255,"December 31, 2023",Southeast Missouri State Redhawks,2546,64,False,73.77,81.0,75.62666666666667
401587301,"February 03, 2024",Southeast Missouri State Redhawks,2546,55,False,65.42,74.1,73.8025
401587309,"February 08, 2024",Southeast Missouri State Redhawks,2546,88,False,69.91,72.36363636363636,73.04045454545455
401587312,"February 10, 2024",Southeast Missouri State Redhawks,2546,74,False,66.095,73.66666666666667,72.77958333333333
401587329,"February 22, 2024",Southeast Missouri State Redhawks,2546,61,False,68.91,73.6923076923077,72.26538461538462
401587334,"February 24, 2024",Southeast Missouri State Redhawks,2546,72,False,79.725,72.78571428571429,72.02571428571429
401604792,"January 06, 2024",Southeast Missouri State Redhawks,2546,71,False,71.49,78.57142857142857,75.36142857142856
401587268,"January 11, 2024",Southeast Missouri State Redhawks,2546,68,False,71.98,77.625,74.8775
401587282,"January 20, 2024",Southeast Missouri State Redhawks,2546,52,False,67.025,76.55555555555556,74.55555555555556
401587214,"November 15, 2023",Southeast Missouri State Redhawks,2546,57,False,70.955,0.0,0.0
401574411,"November 20, 2023",Southeast Missouri State Redhawks,2546,70,False,72.77,57.0,70.955
401597406,"December 02, 2023",Southern Illinois Salukis,79,101,False,70.49000000000001,81.5,70.75875
401597407,"December 05, 2023",Southern Illinois Salukis,79,70,False,63.77,85.4,70.70500000000001
401597883,"December 12, 2023",Southern Illinois Salukis,79,68,False,62.63,82.83333333333333,69.54916666666666
401597408,"December 19, 2023",Southern Illinois Salukis,79,76,False,67.35,80.71428571428571,68.56071428571428
401597409,"December 22, 2023",Southern Illinois Salukis,79,81,False,65.91,80.125,68.409375
401601820,"December 30, 2023",Southern Illinois Salukis,79,62,False,63.955,80.22222222222223,68.13166666666667
401601890,"February 10, 2024",Southern Illinois Salukis,79,69,False,59.56,75.6,67.80533333333334
401601900,"February 17, 2024",Southern Illinois Salukis,79,74,False,73.63,75.1875,67.29
401601908,"February 21, 2024",Southern Illinois Salukis,79,72,False,66.955,75.11764705882354,67.66294117647058
401601821,"January 02, 2024",Southern Illinois Salukis,79,73,False,71.63,78.4,67.714
401601841,"January 13, 2024",Southern Illinois Salukis,79,58,False,66.095,77.9090909090909,68.07
401601849,"January 17, 2024",Southern Illinois Salukis,79,69,False,61.63,76.25,67.90541666666667
401601861,"January 24, 2024",Southern Illinois Salukis,79,75,False,69.63,75.6923076923077,67.4226923076923
401601874,"January 31, 2024",Southern Illinois Salukis,79,75,False,70.955,75.64285714285714,67.58035714285714
401601927,"March 03, 2024",Southern Illinois Salukis,79,70,False,66.7,74.94444444444444,67.6236111111111
401625663,"March 07, 2024",Southern Illinois Salukis,79,82,True,79.375,74.6842105263158,67.575
401597404,"November 06, 2023",Southern Illinois Salukis,79,88,False,71.84,0.0,0.0
401583713,"November 10, 2023",Southern Illinois Salukis,79,91,False,72.305,88.0,71.84
401597405,"November 16, 2023",Southern Illinois Salukis,79,71,False,65.91,89.5,72.0725
401581838,"November 21, 2023",Southern Illinois Salukis,79,76,True,72.98,83.33333333333333,70.01833333333333
401588600,"December 02, 2023",Southern Indiana Screaming Eagles,88,52,False,70.165,80.66666666666667,73.63833333333334
401587162,"December 06, 2023",Southern Indiana Screaming Eagles,88,57,False,73.56,73.5,72.77
401598588,"December 19, 2023",Southern Indiana Screaming Eagles,88,79,False,66.025,70.2,72.928
401587305,"February 08, 2024",Southern Indiana Screaming Eagles,88,71,False,75.445,70.0909090909091,71.01318181818182
401587313,"February 10, 2024",Southern Indiana Screaming Eagles,88,84,False,67.375,70.16666666666667,71.38250000000001
401587339,"February 29, 2024",Southern Indiana Screaming Eagles,88,63,False,66.63,71.23076923076923,71.07423076923077
401587262,"January 04, 2024",Southern Indiana Screaming Eagles,88,69,False,71.19,71.66666666666667,71.7775
401587266,"January 06, 2024",Southern Indiana Screaming Eagles,88,59,False,65.955,71.28571428571429,71.69357142857143
401587277,"January 18, 2024",Southern Indiana Screaming Eagles,88,75,False,77.05,69.75,70.97625
401587281,"January 20, 2024",Southern Indiana Screaming Eagles,88,70,False,66.515,70.33333333333333,71.6511111111111
401587287,"January 25, 2024",Southern Indiana Screaming Eagles,88,68,False,69.77,70.3,71.1375
401587345,"March 02, 2024",Southern Indiana Screaming Eagles,88,66,False,69.515,70.64285714285714,70.75678571428571
401598585,"November 12, 2023",Southern Indiana Screaming Eagles,88,67,False,75.77,0.0,0.0
401598586,"November 14, 2023",Southern Indiana Screaming Eagles,88,68,False,65.88499999999999,67.0,75.77
401598587,"November 28, 2023",Southern Indiana Screaming Eagles,88,107,False,79.26,67.5,70.82749999999999
401597378,"December 09, 2023",Southern Jaguars,2582,69,False,66.49,0.0,0.0
401604284,"December 12, 2023",Southern Jaguars,2582,109,False,94.095,69.0,66.49
401604285,"December 19, 2023",Southern Jaguars,2582,82,False,67.42,89.0,80.29249999999999
401604286,"December 31, 2023",Southern Jaguars,2582,115,False,81.05,86.66666666666667,76.00166666666667
401600106,"February 10, 2024",Southern Jaguars,2582,69,False,74.795,83.75,75.345625
401600122,"February 12, 2024",Southern Jaguars,2582,73,False,67.49000000000001,82.11111111111111,75.28444444444443
401604290,"February 24, 2024",Southern Jaguars,2582,57,False,60.165,81.2,74.505
401603000,"January 06, 2024",Southern Jaguars,2582,58,False,73.05,93.75,77.26375
401598023,"January 08, 2024",Southern Jaguars,2582,79,False,73.515,86.6,76.421
401604288,"January 27, 2024",Southern Jaguars,2582,80,False,78.7,85.33333333333333,75.93666666666667
401604289,"January 29, 2024",Southern Jaguars,2582,78,False,68.445,84.57142857142857,76.33142857142856
401574642,"March 02, 2024",Southern Jaguars,2582,61,False,70.375,79.0,73.20136363636364
401598914,"March 04, 2024",Southern Jaguars,2582,58,False,68.88499999999999,77.5,72.96583333333334
401625673,"March 14, 2024",Southern Jaguars,2582,58,True,67.58500000000001,76.0,72.65192307692308
401597422,"December 09, 2023",Southern Miss Golden Eagles,2572,83,False,66.56,65.25,70.5725
401581706,"February 07, 2024",Southern Miss Golden Eagles,2572,78,False,76.165,70.77777777777777,70.8138888888889
401634060,"February 10, 2024",Southern Miss Golden Eagles,2572,86,False,66.91,71.5,71.349
401581693,"February 15, 2024",Southern Miss Golden Eagles,2572,59,False,64.63,72.81818181818181,70.94545454545454
401581716,"February 17, 2024",Southern Miss Golden Eagles,2572,78,False,68.235,71.66666666666667,70.41916666666667
401581711,"February 22, 2024",Southern Miss Golden Eagles,2572,64,False,79.26,72.15384615384616,70.25115384615384
401581685,"February 24, 2024",Southern Miss Golden Eagles,2572,82,False,70.84,71.57142857142857,70.89464285714286
401581656,"January 04, 2024",Southern Miss Golden Eagles,2572,79,False,78.63,68.8,69.77000000000001
401581669,"January 06, 2024",Southern Miss Golden Eagles,2572,81,False,72.655,70.5,71.24666666666667
401581616,"January 17, 2024",Southern Miss Golden Eagles,2572,69,False,72.235,72.0,71.44785714285715
401581714,"January 20, 2024",Southern Miss Golden Eagles,2572,64,False,64.955,71.625,71.54625
401625593,"March 07, 2024",Southern Miss Golden Eagles,2572,59,True,70.445,72.26666666666667,70.891
401597417,"November 06, 2023",Southern Miss Golden Eagles,2572,64,False,72.7,0.0,0.0
401597418,"November 15, 2023",Southern Miss Golden Eagles,2572,76,False,78.025,64.0,72.7
401601481,"November 20, 2023",Southern Miss Golden Eagles,2572,67,True,64.98,70.0,75.36250000000001
401590229,"November 22, 2023",Southern Miss Golden Eagles,2572,54,False,66.58500000000001,69.0,71.90166666666667
401593995,"December 09, 2023",Southern Utah Thunderbirds,253,82,False,71.095,82.66666666666667,74.14166666666667
401587154,"December 22, 2023",Southern Utah Thunderbirds,253,69,False,67.095,82.5,73.38
401600143,"December 30, 2023",Southern Utah Thunderbirds,253,95,False,82.955,79.8,72.123
401574093,"February 01, 2024",Southern Utah Thunderbirds,253,68,False,76.77,80.66666666666667,74.18055555555556
401574098,"February 03, 2024",Southern Utah Thunderbirds,253,79,False,77.98,79.4,74.4395
401574111,"February 15, 2024",Southern Utah Thunderbirds,253,68,False,70.025,79.36363636363636,74.76136363636364
401574118,"February 17, 2024",Southern Utah Thunderbirds,253,75,False,66.675,78.41666666666667,74.36666666666666
401574134,"February 29, 2024",Southern Utah Thunderbirds,253,68,False,67.35,78.15384615384616,73.775
401574054,"January 04, 2024",Southern Utah Thunderbirds,253,75,False,74.305,82.33333333333333,73.92833333333333
401574071,"January 13, 2024",Southern Utah Thunderbirds,253,82,False,73.98,81.28571428571429,73.98214285714286
401574074,"January 18, 2024",Southern Utah Thunderbirds,253,75,False,75.77,81.375,73.981875
401574139,"March 02, 2024",Southern Utah Thunderbirds,253,83,False,73.77,77.42857142857143,73.31607142857142
401600141,"November 09, 2023",Southern Utah Thunderbirds,253,108,False,82.35,0.0,0.0
401598009,"November 22, 2023",Southern Utah Thunderbirds,253,74,True,68.91,108.0,82.35
401574042,"November 29, 2023",Southern Utah Thunderbirds,253,66,False,71.16499999999999,91.0,75.63
401575422,"December 09, 2023",St. Bonaventure Bonnies,179,89,False,66.7,70.5,67.61083333333333
401575423,"December 16, 2023",St. Bonaventure Bonnies,179,54,True,71.305,73.14285714285714,67.48071428571428
401574601,"December 22, 2023",St. Bonaventure Bonnies,179,90,False,69.63,70.75,67.95875
401596885,"February 07, 2024",St. Bonaventure Bonnies,179,79,False,66.56,75.92307692307692,68.56384615384614
401596891,"February 10, 2024",St. Bonaventure Bonnies,179,69,False,70.235,76.14285714285714,68.42071428571428
401596904,"February 17, 2024",St. Bonaventure Bonnies,179,81,False,71.63,75.66666666666667,68.54166666666667
401596922,"February 27, 2024",St. Bonaventure Bonnies,179,79,False,75.515,76.0,68.73468749999999
401596835,"January 13, 2024",St. Bonaventure Bonnies,179,74,False,70.305,72.88888888888889,68.14444444444445
401596844,"January 17, 2024",St. Bonaventure Bonnies,179,99,False,74.77,73.0,68.3605
401596861,"January 26, 2024",St. Bonaventure Bonnies,179,91,False,66.07,75.36363636363636,68.94318181818181
401596868,"January 30, 2024",St. Bonaventure Bonnies,179,67,False,66.88499999999999,76.66666666666667,68.70375
401596944,"March 09, 2024",St. Bonaventure Bonnies,179,65,False,70.235,76.17647058823529,69.1335294117647
401625547,"March 13, 2024",St. Bonaventure Bonnies,179,75,True,61.84,75.55555555555556,69.19472222222221
401575416,"November 06, 2023",St. Bonaventure Bonnies,179,73,False,66.375,0.0,0.0
401575417,"November 11, 2023",St. Bonaventure Bonnies,179,67,False,68.91,73.0,66.375
401582156,"November 16, 2023",St. Bonaventure Bonnies,179,66,True,64.63,70.0,67.6425
401582158,"November 17, 2023",St. Bonaventure Bonnies,179,60,True,73.445,68.66666666666667,66.63833333333334
401575418,"November 22, 2023",St. Bonaventure Bonnies,179,67,False,68.025,66.5,68.34
401575419,"November 25, 2023",St. Bonaventure Bonnies,179,90,False,64.28,66.6,68.277
401589383,"December 15, 2023",St. Francis (PA) Red Flash,2598,65,False,70.235,81.66666666666667,68.67666666666668
401589384,"December 20, 2023",St. Francis (PA) Red Flash,2598,73,False,69.815,77.5,69.06625
401589385,"December 30, 2023",St. Francis (PA) Red Flash,2598,78,False,75.375,76.6,69.21600000000001
401589396,"February 10, 2024",St. Francis (PA) Red Flash,2598,72,False,67.955,72.27272727272727,69.22
401589397,"February 15, 2024",St. Francis (PA) Red Flash,2598,63,False,68.955,72.25,69.11458333333333
401589388,"January 13, 2024",St. Francis (PA) Red Flash,2598,61,False,64.49,76.83333333333333,70.2425
401589389,"January 15, 2024",St. Francis (PA) Red Flash,2598,71,False,71.375,74.57142857142857,69.42071428571428
401589390,"January 19, 2024",St. Francis (PA) Red Flash,2598,72,False,67.445,74.125,69.665
401589392,"January 25, 2024",St. Francis (PA) Red Flash,2598,75,False,66.56,73.88888888888889,69.41833333333334
401589393,"January 27, 2024",St. Francis (PA) Red Flash,2598,55,False,70.095,74.0,69.13250000000001
401589401,"March 02, 2024",St. Francis (PA) Red Flash,2598,58,False,66.63,71.53846153846153,69.10230769230769
401589379,"November 20, 2023",St. Francis (PA) Red Flash,2598,77,False,67.77000000000001,0.0,0.0
401589380,"November 22, 2023",St. Francis (PA) Red Flash,2598,107,False,76.7,77.0,67.77000000000001
401584391,"November 25, 2023",St. Francis (PA) Red Flash,2598,61,False,61.56,92.0,72.23500000000001
401577721,"December 06, 2023",St. John's Red Storm,2599,85,False,69.56,84.66666666666667,70.335
401586895,"December 16, 2023",St. John's Red Storm,2599,77,False,82.91,84.75,70.14125
401599442,"December 20, 2023",St. John's Red Storm,2599,81,False,75.63,83.2,72.69500000000001
401587134,"December 30, 2023",St. John's Red Storm,2599,84,True,73.58500000000001,82.83333333333333,73.18416666666667
401599516,"February 03, 2024",St. John's Red Storm,2599,64,False,67.235,80.36363636363636,71.315
401599518,"February 06, 2024",St. John's Red Storm,2599,85,False,67.025,79.0,70.97500000000001
401599537,"February 18, 2024",St. John's Red Storm,2599,62,False,76.955,79.46153846153847,70.67115384615384
401599547,"February 25, 2024",St. John's Red Storm,2599,80,False,69.42,78.21428571428571,71.12
401599470,"January 02, 2024",St. John's Red Storm,2599,86,False,70.42,83.0,73.24142857142859
401599482,"January 10, 2024",St. John's Red Storm,2599,75,False,69.235,83.375,72.88875
401599497,"January 20, 2024",St. John's Red Storm,2599,72,False,71.165,82.44444444444444,72.48277777777778
401599503,"January 24, 2024",St. John's Red Storm,2599,70,False,60.955,81.4,72.351
401599563,"March 09, 2024",St. John's Red Storm,2599,86,False,67.42,78.33333333333333,71.00666666666666
401587132,"November 07, 2023",St. John's Red Storm,2599,90,False,69.42,0.0,0.0
401574571,"November 13, 2023",St. John's Red Storm,2599,73,False,73.305,90.0,69.42
401587133,"November 25, 2023",St. John's Red Storm,2599,91,False,68.28,81.5,71.36250000000001
401598004,"December 06, 2023",St. Thomas-Minnesota Tommies,2900,75,False,64.63,72.5,63.989999999999995
401598006,"December 17, 2023",St. Thomas-Minnesota Tommies,2900,85,False,67.49,73.0,64.118
401598007,"December 21, 2023",St. Thomas-Minnesota Tommies,2900,104,False,69.56,75.0,64.67999999999999
401580024,"December 31, 2023",St. Thomas-Minnesota Tommies,2900,77,False,63.375,79.14285714285714,65.37714285714286
401580073,"February 08, 2024",St. Thomas-Minnesota Tommies,2900,85,False,65.745,76.41666666666667,65.29833333333333
401580085,"February 17, 2024",St. Thomas-Minnesota Tommies,2900,83,False,67.56,77.07692307692308,65.33269230769231
401580096,"February 29, 2024",St. Thomas-Minnesota Tommies,2900,88,False,69.955,77.5,65.49178571428571
401580036,"January 06, 2024",St. Thomas-Minnesota Tommies,2900,63,False,60.165,78.875,65.126875
401580042,"January 11, 2024",St. Thomas-Minnesota Tommies,2900,80,False,69.56,77.11111111111111,64.57555555555555
401580056,"January 25, 2024",St. Thomas-Minnesota Tommies,2900,79,False,66.025,77.4,65.074
401580060,"January 27, 2024",St. Thomas-Minnesota Tommies,2900,64,False,66.815,77.54545454545455,65.16045454545454
401580100,"March 02, 2024",St. Thomas-Minnesota Tommies,2900,83,False,62.14,78.2,65.78933333333333
401625495,"March 10, 2024",St. Thomas-Minnesota Tommies,2900,68,True,59.885,78.5,65.56125
401593990,"November 10, 2023",St. Thomas-Minnesota Tommies,2900,54,False,60.63,0.0,0.0
401598002,"November 12, 2023",St. Thomas-Minnesota Tommies,2900,100,False,73.49,54.0,60.63
401598003,"November 17, 2023",St. Thomas-Minnesota Tommies,2900,60,True,55.885,77.0,67.06
401594034,"November 19, 2023",St. Thomas-Minnesota Tommies,2900,76,True,65.955,71.33333333333333,63.335
401607334,"December 03, 2023",Stanford Cardinal,24,88,False,75.235,87.75,76.44375
401583742,"December 17, 2023",Stanford Cardinal,24,82,False,71.025,87.8,76.202
401607356,"December 29, 2023",Stanford Cardinal,24,73,False,70.745,86.83333333333333,75.33916666666666
401607360,"December 31, 2023",Stanford Cardinal,24,100,False,75.025,84.85714285714286,74.68285714285715
401607473,"February 07, 2024",Stanford Cardinal,24,74,False,72.095,85.27272727272727,74.36772727272727
401607418,"February 10, 2024",Stanford Cardinal,24,99,False,74.35,84.33333333333333,74.17833333333333
401607432,"February 22, 2024",Stanford Cardinal,24,65,False,66.675,85.46153846153847,74.19153846153846
401607470,"February 24, 2024",Stanford Cardinal,24,73,False,71.305,84.0,73.65464285714286
401607381,"January 14, 2024",Stanford Cardinal,24,79,False,70.91,86.75,74.72562500000001
401607387,"January 18, 2024",Stanford Cardinal,24,75,False,74.885,85.88888888888889,74.30166666666668
401607450,"January 20, 2024",Stanford Cardinal,24,90,False,74.445,84.8,74.36
401607472,"March 07, 2024",Stanford Cardinal,24,80,False,75.165,83.26666666666667,73.498
401594089,"November 06, 2023",Stanford Cardinal,24,88,False,79.375,0.0,0.0
401594049,"November 10, 2023",Stanford Cardinal,24,91,False,70.675,88.0,79.375
401579110,"November 14, 2023",Stanford Cardinal,24,77,False,78.955,89.5,75.025
401593972,"November 17, 2023",Stanford Cardinal,24,95,False,76.77,85.33333333333333,76.335
401600075,"December 05, 2023",Stephen F. Austin Lumberjacks,2617,49,False,74.12,85.0,76.15875
401604283,"December 19, 2023",Stephen F. Austin Lumberjacks,2617,75,False,75.84,77.8,75.751
401604411,"December 22, 2023",Stephen F. Austin Lumberjacks,2617,115,False,82.025,77.33333333333333,75.76583333333333
401579040,"December 29, 2023",Stephen F. Austin Lumberjacks,2617,80,False,80.305,82.71428571428571,76.66
401574092,"February 01, 2024",Stephen F. Austin Lumberjacks,2617,77,False,72.305,80.83333333333333,76.21375
401574105,"February 08, 2024",Stephen F. Austin Lumberjacks,2617,92,False,79.63,80.53846153846153,75.91307692307693
401574119,"February 17, 2024",Stephen F. Austin Lumberjacks,2617,62,False,64.77,81.35714285714286,76.17857142857143
401574061,"January 06, 2024",Stephen F. Austin Lumberjacks,2617,92,False,76.58500000000001,82.375,77.11562500000001
401574072,"January 18, 2024",Stephen F. Austin Lumberjacks,2617,89,False,82.47,83.44444444444444,77.05666666666667
401574083,"January 25, 2024",Stephen F. Austin Lumberjacks,2617,51,False,63.955,84.0,77.598
401574087,"January 27, 2024",Stephen F. Austin Lumberjacks,2617,79,False,74.63,81.0,76.35772727272727
401574144,"March 07, 2024",Stephen F. Austin Lumberjacks,2617,87,False,75.375,80.06666666666666,75.41799999999999
401574190,"March 09, 2024",Stephen F. Austin Lumberjacks,2617,84,False,77.05,80.5,75.4153125
401625507,"March 13, 2024",Stephen F. Austin Lumberjacks,2617,60,True,72.375,80.70588235294117,75.51147058823528
401604410,"November 06, 2023",Stephen F. Austin Lumberjacks,2617,96,False,88.815,0.0,0.0
401581534,"November 19, 2023",Stephen F. Austin Lumberjacks,2617,86,True,71.7,96.0,88.815
401581537,"November 20, 2023",Stephen F. Austin Lumberjacks,2617,92,True,70.955,91.0,80.2575
401574045,"November 29, 2023",Stephen F. Austin Lumberjacks,2617,66,False,73.165,91.33333333333333,77.15666666666667
401600235,"December 10, 2023",Stetson Hatters,56,123,False,78.42,89.75,69.6875
401600238,"December 29, 2023",Stetson Hatters,56,79,False,67.49,96.4,71.434
401574446,"February 10, 2024",Stetson Hatters,56,87,False,70.305,85.45454545454545,68.05454545454546
401593877,"February 17, 2024",Stetson Hatters,56,61,False,64.42,85.58333333333333,68.24208333333333
401574543,"February 22, 2024",Stetson Hatters,56,75,False,74.235,83.6923076923077,67.94807692307693
401574521,"February 24, 2024",Stetson Hatters,56,84,False,81.025,83.07142857142857,68.39714285714285
401574523,"January 04, 2024",Stetson Hatters,56,75,False,64.35,93.5,70.77666666666666
401599991,"January 06, 2024",Stetson Hatters,56,71,False,61.63,90.85714285714286,69.85857142857142
401600239,"January 15, 2024",Stetson Hatters,56,70,False,59.49,88.375,68.83
401574196,"January 25, 2024",Stetson Hatters,56,83,False,65.91,86.33333333333333,67.79222222222222
401593940,"January 27, 2024",Stetson Hatters,56,80,False,72.56,86.0,67.604
401625654,"March 05, 2024",Stetson Hatters,56,83,False,71.56,83.13333333333334,69.239
401625657,"March 07, 2024",Stetson Hatters,56,88,False,66.12,83.125,69.3840625
401625658,"March 10, 2024",Stetson Hatters,56,94,False,74.445,83.41176470588235,69.19205882352942
401600231,"November 06, 2023",Stetson Hatters,56,109,False,80.42,0.0,0.0
401598926,"November 20, 2023",Stetson Hatters,56,85,True,65.815,109.0,80.42
401603140,"November 21, 2023",Stetson Hatters,56,71,True,60.42,97.0,73.1175
401600232,"November 29, 2023",Stetson Hatters,56,94,False,72.095,88.33333333333333,68.885
401574598,"December 02, 2023",Stonehill Skyhawks,284,64,False,69.42,65.5,66.29249999999999
401589300,"December 17, 2023",Stonehill Skyhawks,284,71,False,63.42,65.0,67.335
401589457,"February 03, 2024",Stonehill Skyhawks,284,71,False,62.49,66.0,69.18785714285714
401589458,"February 08, 2024",Stonehill Skyhawks,284,57,False,64.88499999999999,66.625,68.350625
401589459,"February 15, 2024",Stonehill Skyhawks,284,63,False,68.955,65.55555555555556,67.96555555555557
401589400,"February 24, 2024",Stonehill Skyhawks,284,72,False,62.235,65.3,68.0645
401589461,"February 29, 2024",Stonehill Skyhawks,284,51,False,63.885000000000005,65.9090909090909,67.53454545454545
401589449,"January 04, 2024",Stonehill Skyhawks,284,59,False,71.815,66.5,66.35625
401589450,"January 06, 2024",Stonehill Skyhawks,284,68,False,72.165,65.0,67.44800000000001
401589453,"January 19, 2024",Stonehill Skyhawks,284,69,False,74.91,65.5,68.23416666666667
401584400,"November 09, 2023",Stonehill Skyhawks,284,57,False,64.955,0.0,0.0
401582021,"November 29, 2023",Stonehill Skyhawks,284,74,False,67.63,57.0,64.955
401589465,"December 02, 2023",Stony Brook Seawolves,2619,59,False,63.35,73.0,73.025
401589298,"December 06, 2023",Stony Brook Seawolves,2619,81,False,65.885,68.33333333333333,69.8
401597919,"December 09, 2023",Stony Brook Seawolves,2619,86,False,77.165,71.5,68.82124999999999
401594403,"December 13, 2023",Stony Brook Seawolves,2619,84,False,64.165,74.4,70.49
401577665,"December 29, 2023",Stony Brook Seawolves,2619,69,False,64.49,76.0,69.43583333333333
401600704,"February 03, 2024",Stony Brook Seawolves,2619,59,False,68.88499999999999,76.72727272727273,69.19
401600725,"February 15, 2024",Stony Brook Seawolves,2619,93,False,70.655,75.25,69.16458333333334
401600741,"February 22, 2024",Stony Brook Seawolves,2619,80,False,69.165,76.61538461538461,69.27923076923076
401600747,"February 24, 2024",Stony Brook Seawolves,2619,75,False,72.77000000000001,76.85714285714286,69.27107142857143
401600627,"January 06, 2024",Stony Brook Seawolves,2619,87,False,68.63,75.0,68.72928571428572
401600680,"January 22, 2024",Stony Brook Seawolves,2619,74,False,67.63,76.5,68.716875
401600684,"January 25, 2024",Stony Brook Seawolves,2619,72,False,69.235,76.22222222222223,68.59611111111111
401600692,"January 27, 2024",Stony Brook Seawolves,2619,86,False,74.49,75.8,68.66
401600757,"March 02, 2024",Stony Brook Seawolves,2619,79,False,65.815,76.73333333333333,69.50433333333334
401630143,"March 09, 2024",Stony Brook Seawolves,2619,75,True,67.235,76.875,69.27375
401597918,"November 10, 2023",Stony Brook Seawolves,2619,91,False,74.235,0.0,0.0
401583852,"November 20, 2023",Stony Brook Seawolves,2619,55,False,71.815,91.0,74.235
401586912,"December 05, 2023",Syracuse Orange,183,81,False,74.49,77.4,75.421
401584393,"December 21, 2023",Syracuse Orange,183,83,False,75.025,78.0,75.26583333333333
401604097,"December 30, 2023",Syracuse Orange,183,81,False,77.05,78.71428571428571,75.23142857142857
401604175,"February 07, 2024",Syracuse Orange,183,94,False,76.025,76.58333333333333,74.50583333333333
401604182,"February 10, 2024",Syracuse Orange,183,68,False,72.025,77.92307692307692,74.6226923076923
401604187,"February 13, 2024",Syracuse Orange,183,86,False,66.375,77.21428571428571,74.43714285714285
401604209,"February 24, 2024",Syracuse Orange,183,88,False,69.42,77.8,73.89966666666666
401604215,"February 27, 2024",Syracuse Orange,183,84,False,67.605,78.4375,73.6196875
401604118,"January 10, 2024",Syracuse Orange,183,69,False,73.14,79.0,75.45875
401604140,"January 20, 2024",Syracuse Orange,183,72,False,67.675,77.88888888888889,75.2011111111111
401604142,"January 23, 2024",Syracuse Orange,183,69,False,76.7,77.3,74.4485
401604154,"January 27, 2024",Syracuse Orange,183,77,False,72.885,76.54545454545455,74.6531818181818
401625405,"March 13, 2024",Syracuse Orange,183,65,True,72.21000000000001,78.76470588235294,73.26588235294118
401574603,"November 06, 2023",Syracuse Orange,183,83,False,78.445,0.0,0.0
401586910,"November 08, 2023",Syracuse Orange,183,89,False,72.165,83.0,78.445
401586911,"November 14, 2023",Syracuse Orange,183,79,False,76.7,86.0,75.305
401575873,"November 20, 2023",Syracuse Orange,183,56,True,77.445,83.66666666666667,75.77
401574545,"November 28, 2023",Syracuse Orange,183,80,False,72.35,76.75,76.18875
401607342,"December 16, 2023",TCU Horned Frogs,2628,79,True,75.235,93.0,78.01416666666667
401581553,"December 22, 2023",TCU Horned Frogs,2628,75,True,69.725,91.0,77.61714285714285
401603455,"February 03, 2024",TCU Horned Frogs,2628,66,False,67.025,84.15384615384616,73.76461538461538
401603471,"February 12, 2024",TCU Horned Frogs,2628,81,False,73.63,82.85714285714286,73.28321428571428
401603494,"February 24, 2024",TCU Horned Frogs,2628,75,False,70.025,82.73333333333333,73.30633333333334
401603497,"February 26, 2024",TCU Horned Frogs,2628,54,False,67.63,82.25,73.10125
401578016,"January 01, 2024",TCU Horned Frogs,2628,77,False,71.84,89.0,76.630625
401603410,"January 10, 2024",TCU Horned Frogs,2628,80,False,72.095,87.66666666666667,76.09833333333333
401603415,"January 13, 2024",TCU Horned Frogs,2628,68,False,63.515,86.9,75.69800000000001
401603429,"January 20, 2024",TCU Horned Frogs,2628,72,False,69.955,85.18181818181819,74.59045454545455
401603449,"January 30, 2024",TCU Horned Frogs,2628,85,False,68.49000000000001,84.08333333333333,74.20416666666667
401603521,"March 09, 2024",TCU Horned Frogs,2628,77,False,73.12,80.58823529411765,72.77941176470588
401625417,"March 13, 2024",TCU Horned Frogs,2628,77,True,74.91,80.38888888888889,72.79833333333333
401578009,"November 06, 2023",TCU Horned Frogs,2628,108,False,77.095,0.0,0.0
401578010,"November 09, 2023",TCU Horned Frogs,2628,82,False,77.35,108.0,77.095
401578011,"November 14, 2023",TCU Horned Frogs,2628,88,False,75.955,95.0,77.2225
401578012,"November 17, 2023",TCU Horned Frogs,2628,86,False,71.05,92.66666666666667,76.8
401578013,"November 21, 2023",TCU Horned Frogs,2628,93,False,84.86500000000001,91.0,75.3625
401578014,"November 27, 2023",TCU Horned Frogs,2628,101,False,81.77,91.4,77.263
401574050,"December 02, 2023",Tarleton State Texans,2627,77,False,74.305,93.0,71.98
401608792,"December 05, 2023",Tarleton State Texans,2627,92,False,76.305,85.0,73.14250000000001
401608793,"December 12, 2023",Tarleton State Texans,2627,85,False,73.42,87.33333333333333,74.19666666666667
401597434,"December 18, 2023",Tarleton State Texans,2627,62,False,64.815,86.75,74.0025
401574100,"February 03, 2024",Tarleton State Texans,2627,75,False,71.445,80.22222222222223,71.9738888888889
401574123,"February 22, 2024",Tarleton State Texans,2627,77,False,72.095,79.7,71.921
401574127,"February 24, 2024",Tarleton State Texans,2627,82,False,65.095,79.45454545454545,71.93681818181818
401574055,"January 04, 2024",Tarleton State Texans,2627,78,False,73.375,81.8,72.165
401574075,"January 18, 2024",Tarleton State Texans,2627,79,False,68.84,81.16666666666667,72.36666666666667
401574084,"January 25, 2024",Tarleton State Texans,2627,70,False,70.56,80.85714285714286,71.86285714285715
401574090,"January 27, 2024",Tarleton State Texans,2627,86,False,74.165,79.5,71.7
401574143,"March 07, 2024",Tarleton State Texans,2627,60,False,72.35,79.66666666666667,71.36666666666666
401574146,"March 09, 2024",Tarleton State Texans,2627,69,False,67.955,78.15384615384616,71.4423076923077
401625511,"March 15, 2024",Tarleton State Texans,2627,84,True,67.56,77.5,71.19321428571429
401608791,"November 11, 2023",Tarleton State Texans,2627,93,False,71.98,0.0,0.0
401593853,"December 06, 2023",Temple Owls,218,85,False,76.025,85.0,78.36875
401581337,"December 21, 2023",Temple Owls,218,56,True,71.025,85.0,77.9
401602123,"February 08, 2024",Temple Owls,218,77,False,77.58500000000001,74.6,73.495
401602129,"February 11, 2024",Temple Owls,218,70,False,64.42,74.81818181818181,73.86681818181818
401602143,"February 18, 2024",Temple Owls,218,83,False,70.77,74.41666666666667,73.07958333333333
401602067,"January 07, 2024",Temple Owls,218,68,False,74.815,80.16666666666667,76.75416666666666
401602071,"January 10, 2024",Temple Owls,218,62,False,63.885,78.42857142857143,76.47714285714287
401602089,"January 20, 2024",Temple Owls,218,66,False,71.49,76.375,74.903125
401602095,"January 24, 2024",Temple Owls,218,69,False,64.235,75.22222222222223,74.52388888888889
401602165,"March 02, 2024",Temple Owls,218,67,False,62.77,75.07692307692308,72.90192307692308
401602173,"March 07, 2024",Temple Owls,218,72,False,71.84,74.5,72.17821428571429
401625461,"March 13, 2024",Temple Owls,218,64,True,69.095,74.33333333333333,72.15566666666668
401593849,"November 06, 2023",Temple Owls,218,85,False,74.84,0.0,0.0
401591557,"November 18, 2023",Temple Owls,218,73,False,70.095,85.0,74.84
401593852,"November 22, 2023",Temple Owls,218,76,False,62.815,79.0,72.4675
401593772,"November 29, 2023",Temple Owls,218,106,False,105.725,78.0,69.25
401594466,"December 02, 2023",Tennessee State Tigers,2634,69,False,70.725,76.25,74.06
401594467,"December 16, 2023",Tennessee State Tigers,2634,117,False,79.63,74.8,73.393
401587250,"December 28, 2023",Tennessee State Tigers,2634,75,False,78.235,81.83333333333333,74.43249999999999
401587254,"December 30, 2023",Tennessee State Tigers,2634,90,False,75.515,80.85714285714286,74.97571428571428
401587297,"February 01, 2024",Tennessee State Tigers,2634,49,False,63.56,81.6,73.928
401587303,"February 03, 2024",Tennessee State Tigers,2634,79,False,73.47,78.63636363636364,72.98545454545454
401587325,"February 17, 2024",Tennessee State Tigers,2634,61,False,66.91,78.66666666666667,73.02583333333332
401587327,"February 22, 2024",Tennessee State Tigers,2634,78,False,69.91,77.3076923076923,72.55538461538461
401587335,"February 24, 2024",Tennessee State Tigers,2634,76,False,81.86500000000001,77.35714285714286,72.36642857142857
401587272,"January 13, 2024",Tennessee State Tigers,2634,75,False,76.515,82.0,75.043125
401587279,"January 18, 2024",Tennessee State Tigers,2634,85,False,62.42,81.22222222222223,75.20666666666666
401625573,"March 06, 2024",Tennessee State Tigers,2634,78,True,71.19,77.26666666666667,72.99966666666666
401594461,"November 06, 2023",Tennessee State Tigers,2634,76,False,74.305,0.0,0.0
401594462,"November 09, 2023",Tennessee State Tigers,2634,83,False,79.63,76.0,74.305
401594464,"November 20, 2023",Tennessee State Tigers,2634,87,False,76.35,79.5,76.9675
401582159,"November 24, 2023",Tennessee State Tigers,2634,59,True,65.955,82.0,76.76166666666667
401594470,"December 03, 2023",Tennessee Tech Golden Eagles,2635,108,False,71.0,70.66666666666667,71.86166666666666
401594472,"December 12, 2023",Tennessee Tech Golden Eagles,2635,81,False,75.095,80.0,71.64625
401587119,"December 16, 2023",Tennessee Tech Golden Eagles,2635,70,False,68.745,80.2,72.336
401587251,"December 28, 2023",Tennessee Tech Golden Eagles,2635,75,False,73.63,78.5,71.7375
401587256,"December 30, 2023",Tennessee Tech Golden Eagles,2635,73,False,76.235,78.0,72.00785714285715
401587298,"February 01, 2024",Tennessee Tech Golden Eagles,2635,71,False,66.84,76.55555555555556,71.16666666666667
401587300,"February 03, 2024",Tennessee Tech Golden Eagles,2635,60,False,57.49,76.0,70.73400000000001
401587315,"February 13, 2024",Tennessee Tech Golden Eagles,2635,70,False,68.445,74.54545454545455,69.53
401587320,"February 15, 2024",Tennessee Tech Golden Eagles,2635,55,False,61.885,74.16666666666667,69.43958333333333
401587331,"February 22, 2024",Tennessee Tech Golden Eagles,2635,77,False,67.42,72.6923076923077,68.85846153846154
401587332,"February 24, 2024",Tennessee Tech Golden Eagles,2635,75,False,67.885,73.0,68.75571428571429
401587275,"January 13, 2024",Tennessee Tech Golden Eagles,2635,70,False,60.21,77.375,72.53625
401593931,"November 14, 2023",Tennessee Tech Golden Eagles,2635,65,False,71.49,0.0,0.0
401594468,"November 16, 2023",Tennessee Tech Golden Eagles,2635,82,False,75.35,65.0,71.49
401583805,"November 28, 2023",Tennessee Tech Golden Eagles,2635,65,False,68.745,73.5,73.41999999999999
401575520,"December 05, 2023",Tennessee Volunteers,2633,87,False,71.88499999999999,81.0,67.315
401575521,"December 09, 2023",Tennessee Volunteers,2633,86,False,74.19,83.0,68.83833333333332
401575522,"December 12, 2023",Tennessee Volunteers,2633,74,False,72.77,83.75,70.17625
401575523,"December 16, 2023",Tennessee Volunteers,2633,79,True,66.56,81.8,70.695
401575524,"December 21, 2023",Tennessee Volunteers,2633,65,False,61.77,81.33333333333333,70.00583333333333
401597174,"February 07, 2024",Tennessee Volunteers,2633,88,False,67.77,80.41666666666667,70.38
401597188,"February 17, 2024",Tennessee Volunteers,2633,88,False,71.885,81.0,70.17923076923077
401597206,"February 24, 2024",Tennessee Volunteers,2633,86,False,74.025,81.5,70.30107142857142
401597211,"February 28, 2024",Tennessee Volunteers,2633,92,False,78.725,81.8,70.54933333333334
401575525,"January 02, 2024",Tennessee Volunteers,2633,87,False,73.095,79.0,68.82928571428572
401597110,"January 06, 2024",Tennessee Volunteers,2633,90,False,69.955,80.0,69.3625
401597132,"January 16, 2024",Tennessee Volunteers,2633,85,False,71.235,81.11111111111111,69.42833333333334
401597143,"January 20, 2024",Tennessee Volunteers,2633,91,False,81.84,81.5,69.609
401597158,"January 30, 2024",Tennessee Volunteers,2633,59,False,66.63,82.36363636363636,70.72090909090909
401597233,"March 09, 2024",Tennessee Volunteers,2633,81,False,73.63,82.4375,71.0603125
401625453,"March 15, 2024",Tennessee Volunteers,2633,56,True,68.77000000000001,82.3529411764706,71.2114705882353
401575517,"November 06, 2023",Tennessee Volunteers,2633,80,False,70.35,0.0,0.0
401575519,"November 14, 2023",Tennessee Volunteers,2633,82,False,64.28,80.0,70.35
401575513,"December 06, 2023",Texas A&M Aggies,245,89,False,59.815,80.33333333333333,64.52166666666666
401575514,"December 10, 2023",Texas A&M Aggies,245,75,False,72.84,82.5,63.345
401575515,"December 22, 2023",Texas A&M Aggies,245,79,False,69.33,81.0,65.244
401575516,"December 30, 2023",Texas A&M Aggies,245,79,False,74.33,80.66666666666667,65.925
401597168,"February 03, 2024",Texas A&M Aggies,245,67,False,64.88499999999999,76.72727272727273,68.74681818181818
401597181,"February 10, 2024",Texas A&M Aggies,245,85,False,71.375,75.91666666666667,68.425
401597195,"February 20, 2024",Texas A&M Aggies,245,71,False,72.86500000000001,76.61538461538461,68.65192307692308
401597213,"February 28, 2024",Texas A&M Aggies,245,68,False,63.375,76.21428571428571,68.95285714285714
401597111,"January 06, 2024",Texas A&M Aggies,245,53,False,71.91,80.42857142857143,67.12571428571428
401597129,"January 13, 2024",Texas A&M Aggies,245,97,False,82.05,77.0,67.72375
401597145,"January 23, 2024",Texas A&M Aggies,245,63,False,66.35,79.22222222222223,69.31555555555556
401597153,"January 27, 2024",Texas A&M Aggies,245,68,False,66.025,77.6,69.019
401597227,"March 06, 2024",Texas A&M Aggies,245,75,False,63.7,75.66666666666667,68.58099999999999
401625451,"March 14, 2024",Texas A&M Aggies,245,80,True,72.795,75.625,68.2759375
401575509,"November 06, 2023",Texas A&M Aggies,245,78,False,64.49000000000001,0.0,0.0
401575512,"November 17, 2023",Texas A&M Aggies,245,74,False,62.84,78.0,64.49000000000001
401581334,"November 23, 2023",Texas A&M Aggies,245,89,True,66.235,76.0,63.665000000000006
401604783,"December 06, 2023",Texas A&M-Corpus Christi Islanders,357,74,False,73.515,94.33333333333333,79.53
401581819,"December 09, 2023",Texas A&M-Corpus Christi Islanders,357,62,False,69.445,89.25,78.02625
401604785,"December 18, 2023",Texas A&M-Corpus Christi Islanders,357,102,False,79.235,83.8,76.31
401604786,"December 30, 2023",Texas A&M-Corpus Christi Islanders,357,84,False,80.445,86.83333333333333,76.7975
401581796,"February 03, 2024",Texas A&M-Corpus Christi Islanders,357,79,False,69.63,81.6,76.005
401579088,"February 17, 2024",Texas A&M-Corpus Christi Islanders,357,86,False,64.025,81.36363636363636,75.42545454545454
401579074,"February 19, 2024",Texas A&M-Corpus Christi Islanders,357,72,False,71.445,81.75,74.47541666666667
401578965,"January 08, 2024",Texas A&M-Corpus Christi Islanders,357,81,False,73.885,86.42857142857143,77.31857142857143
401579057,"January 20, 2024",Texas A&M-Corpus Christi Islanders,357,69,False,72.63,85.75,76.889375
401579018,"January 22, 2024",Texas A&M-Corpus Christi Islanders,357,61,False,72.305,83.88888888888889,76.4161111111111
401579083,"March 02, 2024",Texas A&M-Corpus Christi Islanders,357,80,False,71.56,81.0,74.24230769230769
401579054,"March 04, 2024",Texas A&M-Corpus Christi Islanders,357,73,False,68.56,80.92857142857143,74.05071428571429
401600981,"March 06, 2024",Texas A&M-Corpus Christi Islanders,357,71,False,75.445,80.4,73.68466666666667
401625640,"March 12, 2024",Texas A&M-Corpus Christi Islanders,357,73,True,82.655,79.8125,73.7946875
401604781,"November 07, 2023",Texas A&M-Corpus Christi Islanders,357,111,False,81.165,0.0,0.0
401604782,"November 13, 2023",Texas A&M-Corpus Christi Islanders,357,104,False,82.05,111.0,81.165
401576636,"November 24, 2023",Texas A&M-Corpus Christi Islanders,357,68,True,75.375,107.5,81.6075
401583729,"December 09, 2023",Texas Longhorns,251,77,False,71.885,81.33333333333333,71.52916666666667
401583730,"December 16, 2023",Texas Longhorns,251,96,True,75.305,80.71428571428571,71.58
401583731,"December 22, 2023",Texas Longhorns,251,71,False,67.49,82.625,72.045625
401583732,"December 29, 2023",Texas Longhorns,251,72,False,63.63,81.33333333333333,71.53944444444444
401603462,"February 06, 2024",Texas Longhorns,251,65,False,64.955,77.86666666666666,69.58333333333333
401603469,"February 10, 2024",Texas Longhorns,251,94,False,70.235,77.0625,69.2940625
401603484,"February 19, 2024",Texas Longhorns,251,62,False,69.84,78.05882352941177,69.34941176470589
401583733,"January 01, 2024",Texas Longhorns,251,79,False,65.35,80.4,70.7485
401603404,"January 06, 2024",Texas Longhorns,251,67,False,69.49,80.27272727272727,70.25772727272728
401603425,"January 17, 2024",Texas Longhorns,251,71,False,68.025,79.16666666666667,70.19375000000001
401603430,"January 20, 2024",Texas Longhorns,251,75,False,60.7,78.53846153846153,70.02692307692308
401603446,"January 29, 2024",Texas Longhorns,251,72,False,72.7,78.28571428571429,69.36071428571428
401603507,"March 02, 2024",Texas Longhorns,251,81,False,69.235,77.16666666666667,69.37666666666667
401603522,"March 09, 2024",Texas Longhorns,251,94,False,70.305,77.36842105263158,69.3692105263158
401625418,"March 13, 2024",Texas Longhorns,251,74,True,71.58500000000001,78.2,69.416
401583724,"November 06, 2023",Texas Longhorns,251,88,False,77.305,0.0,0.0
401583725,"November 10, 2023",Texas Longhorns,251,86,False,76.235,88.0,77.305
401583726,"November 15, 2023",Texas Longhorns,251,80,False,69.56,87.0,76.77000000000001
401601491,"November 20, 2023",Texas Longhorns,251,71,True,67.955,84.66666666666667,74.36666666666667
401583727,"November 26, 2023",Texas Longhorns,251,86,False,68.63,81.25,72.76375
401583728,"November 30, 2023",Texas Longhorns,251,77,False,69.49,82.2,71.937
401581872,"December 17, 2023",Texas Southern Tigers,2640,79,True,70.77,0.0,0.0
401579107,"December 21, 2023",Texas Southern Tigers,2640,65,False,79.77,79.0,70.77
401581873,"December 28, 2023",Texas Southern Tigers,2640,108,False,83.745,72.0,75.27
401603004,"February 17, 2024",Texas Southern Tigers,2640,63,False,66.7,79.0,73.60714285714286
401603005,"February 19, 2024",Texas Southern Tigers,2640,68,False,65.745,77.0,72.74375
401603002,"January 13, 2024",Texas Southern Tigers,2640,67,False,69.445,84.0,78.095
401603003,"January 15, 2024",Texas Southern Tigers,2640,93,False,69.165,79.75,75.9325
401600105,"January 27, 2024",Texas Southern Tigers,2640,85,False,77.47,82.4,74.579
401600120,"January 29, 2024",Texas Southern Tigers,2640,56,False,64.885,82.83333333333333,75.06083333333333
401583832,"March 02, 2024",Texas Southern Tigers,2640,80,False,71.35,76.0,71.96611111111112
401602354,"March 04, 2024",Texas Southern Tigers,2640,79,False,71.98,76.4,71.9045
401598036,"March 09, 2024",Texas Southern Tigers,2640,93,False,79.235,76.63636363636364,71.91136363636363
401625674,"March 14, 2024",Texas Southern Tigers,2640,73,True,65.84,78.0,72.52166666666666
401625676,"March 15, 2024",Texas Southern Tigers,2640,72,True,70.7,77.61538461538461,72.00769230769231
401598011,"December 11, 2023",Texas State Bobcats,326,107,False,79.165,60.0,64.13
401598013,"December 18, 2023",Texas State Bobcats,326,110,False,68.14,75.66666666666667,69.14166666666667
401581709,"February 01, 2024",Texas State Bobcats,326,74,False,71.305,76.875,70.41187500000001
401581715,"February 03, 2024",Texas State Bobcats,326,60,False,67.375,76.55555555555556,70.51111111111112
401581504,"February 07, 2024",Texas State Bobcats,326,63,False,65.49000000000001,74.9,70.1975
401634062,"February 10, 2024",Texas State Bobcats,326,68,False,63.7,73.81818181818181,69.76954545454545
401581696,"February 27, 2024",Texas State Bobcats,326,73,False,63.025,73.33333333333333,69.26375
401581629,"January 04, 2024",Texas State Bobcats,326,63,False,71.095,84.25,68.89125
401581698,"January 06, 2024",Texas State Bobcats,326,75,False,71.165,80.0,69.33200000000001
401581678,"January 17, 2024",Texas State Bobcats,326,68,False,76.63,79.16666666666667,69.6375
401581617,"January 20, 2024",Texas State Bobcats,326,72,False,68.84,77.57142857142857,70.63642857142858
401581718,"March 01, 2024",Texas State Bobcats,326,82,False,81.655,73.3076923076923,68.78384615384616
401625590,"March 05, 2024",Texas State Bobcats,326,92,True,79.84,73.92857142857143,69.70321428571428
401592093,"November 17, 2023",Texas State Bobcats,326,72,False,69.77,0.0,0.0
401579006,"November 21, 2023",Texas State Bobcats,326,48,True,58.49,72.0,69.77
401581818,"December 06, 2023",Texas Tech Red Raiders,2641,87,False,66.49000000000001,68.75,66.93125
401594606,"December 12, 2023",Texas Tech Red Raiders,2641,82,False,67.84,72.4,66.843
401577968,"December 16, 2023",Texas Tech Red Raiders,2641,76,True,64.025,74.0,67.00916666666667
401597888,"December 21, 2023",Texas Tech Red Raiders,2641,77,False,72.955,74.28571428571429,66.58285714285715
401597889,"December 28, 2023",Texas Tech Red Raiders,2641,96,False,71.84,74.625,67.379375
401603456,"February 03, 2024",Texas Tech Red Raiders,2641,72,False,66.84,77.92307692307692,66.96230769230769
401603470,"February 10, 2024",Texas Tech Red Raiders,2641,66,False,65.42,77.5,66.95357142857144
401603472,"February 12, 2024",Texas Tech Red Raiders,2641,79,False,66.77,76.73333333333333,66.85133333333333
401603485,"February 20, 2024",Texas Tech Red Raiders,2641,82,False,75.98,76.875,66.84625
401603500,"February 27, 2024",Texas Tech Red Raiders,2641,69,False,71.91,77.17647058823529,67.3835294117647
401587120,"January 01, 2024",Texas Tech Red Raiders,2641,85,False,64.165,77.0,67.875
401603408,"January 09, 2024",Texas Tech Red Raiders,2641,90,False,67.165,77.8,67.50399999999999
401603416,"January 13, 2024",Texas Tech Red Raiders,2641,60,False,59.63,78.9090909090909,67.47318181818183
401603431,"January 20, 2024",Texas Tech Red Raiders,2641,85,False,68.675,77.33333333333333,66.81958333333334
401603523,"March 09, 2024",Texas Tech Red Raiders,2641,78,False,70.63,76.72222222222223,67.635
401625440,"March 14, 2024",Texas Tech Red Raiders,2641,81,True,73.42,76.78947368421052,67.79263157894736
401597885,"November 08, 2023",Texas Tech Red Raiders,2641,73,False,72.535,0.0,0.0
401597886,"November 12, 2023",Texas Tech Red Raiders,2641,56,False,61.885000000000005,73.0,72.535
401597887,"November 16, 2023",Texas Tech Red Raiders,2641,73,False,72.815,64.5,67.21000000000001
401581525,"November 24, 2023",Texas Tech Red Raiders,2641,73,True,60.49,67.33333333333333,69.07833333333333
401607046,"December 05, 2023",The Citadel Bulldogs,2643,88,False,74.56,74.0,67.89125
401607047,"December 30, 2023",The Citadel Bulldogs,2643,106,False,74.095,76.8,69.225
401587951,"February 14, 2024",The Citadel Bulldogs,2643,61,False,65.515,76.63636363636364,68.91909090909091
401587956,"February 17, 2024",The Citadel Bulldogs,2643,76,False,71.63,75.33333333333333,68.63541666666667
401587966,"February 24, 2024",The Citadel Bulldogs,2643,71,False,67.675,75.38461538461539,68.86576923076923
401587971,"February 28, 2024",The Citadel Bulldogs,2643,63,False,68.165,75.07142857142857,68.78071428571428
401587893,"January 03, 2024",The Citadel Bulldogs,2643,71,False,64.35,81.66666666666667,70.03666666666668
401587896,"January 06, 2024",The Citadel Bulldogs,2643,64,False,66.35,80.14285714285714,69.22428571428571
401587907,"January 13, 2024",The Citadel Bulldogs,2643,71,False,65.095,78.125,68.865
401587920,"January 24, 2024",The Citadel Bulldogs,2643,68,False,66.21000000000001,77.33333333333333,68.44611111111111
401587931,"January 31, 2024",The Citadel Bulldogs,2643,79,False,75.885,76.4,68.2225
401593809,"November 10, 2023",The Citadel Bulldogs,2643,71,False,65.35,0.0,0.0
401607045,"November 16, 2023",The Citadel Bulldogs,2643,77,False,73.77,71.0,65.35
401590883,"November 21, 2023",The Citadel Bulldogs,2643,67,True,61.885000000000005,74.0,69.56
401597896,"November 28, 2023",The Citadel Bulldogs,2643,81,False,70.56,71.66666666666667,67.00166666666667
401577693,"December 02, 2023",Toledo Rockets,2649,77,False,71.05,84.75,75.31625
401577695,"December 09, 2023",Toledo Rockets,2649,84,False,73.91,83.2,74.463
401577696,"December 13, 2023",Toledo Rockets,2649,88,False,75.49,83.33333333333333,74.37083333333332
401577697,"December 20, 2023",Toledo Rockets,2649,60,False,71.63,84.0,74.53071428571427
401588682,"February 16, 2024",Toledo Rockets,2649,85,False,70.77,80.46153846153847,71.69269230769231
401588690,"February 20, 2024",Toledo Rockets,2649,72,False,69.63,80.78571428571429,71.62678571428572
401588700,"February 27, 2024",Toledo Rockets,2649,72,False,64.88499999999999,80.2,71.49366666666667
401588624,"January 05, 2024",Toledo Rockets,2649,68,False,62.49,81.0,74.168125
401588632,"January 13, 2024",Toledo Rockets,2649,77,False,62.77,79.55555555555556,72.87055555555554
401588638,"January 16, 2024",Toledo Rockets,2649,77,False,71.885,79.3,71.8605
401588657,"January 27, 2024",Toledo Rockets,2649,88,False,71.745,79.0909090909091,71.86272727272727
401588661,"January 30, 2024",Toledo Rockets,2649,88,False,69.77000000000001,79.83333333333333,71.85291666666667
401588720,"March 08, 2024",Toledo Rockets,2649,86,False,73.77,79.6875,71.080625
401625500,"March 14, 2024",Toledo Rockets,2649,59,True,65.235,80.05882352941177,71.23882352941176
401577691,"November 06, 2023",Toledo Rockets,2649,94,False,72.35,0.0,0.0
401574581,"November 11, 2023",Toledo Rockets,2649,87,False,70.98,94.0,72.35
401583853,"November 21, 2023",Toledo Rockets,2649,84,True,82.445,90.5,71.66499999999999
401583855,"November 24, 2023",Toledo Rockets,2649,74,True,75.49,88.33333333333333,75.25833333333333
401581085,"December 06, 2023",Towson Tigers,119,81,False,68.19,55.25,61.025
401584441,"December 22, 2023",Towson Tigers,119,65,False,61.91,60.4,62.45799999999999
401587147,"December 30, 2023",Towson Tigers,119,97,False,71.305,61.166666666666664,62.36666666666667
401600700,"February 01, 2024",Towson Tigers,119,83,False,69.165,68.27272727272727,64.06772727272727
401600708,"February 08, 2024",Towson Tigers,119,62,False,62.63,69.5,64.49249999999999
401600721,"February 12, 2024",Towson Tigers,119,80,False,63.235,68.92307692307692,64.34923076923077
401600740,"February 22, 2024",Towson Tigers,119,80,False,65.165,69.71428571428571,64.26964285714286
401600743,"February 24, 2024",Towson Tigers,119,56,False,62.56,70.4,64.32933333333334
401600651,"January 06, 2024",Towson Tigers,119,67,False,59.955,66.28571428571429,63.64357142857143
401600658,"January 11, 2024",Towson Tigers,119,73,False,67.42,66.375,63.1825
401600674,"January 20, 2024",Towson Tigers,119,77,False,65.025,67.11111111111111,63.653333333333336
401600682,"January 25, 2024",Towson Tigers,119,70,False,66.84,68.1,63.790499999999994
401630142,"March 09, 2024",Towson Tigers,119,67,True,62.235,69.5,64.21875
401587143,"November 12, 2023",Towson Tigers,119,66,False,58.095,0.0,0.0
401581343,"November 16, 2023",Towson Tigers,119,49,True,64.49,66.0,58.095
401581552,"November 19, 2023",Towson Tigers,119,39,True,60.49,57.5,61.2925
401587144,"November 26, 2023",Towson Tigers,119,67,False,61.025,51.333333333333336,61.025
401591571,"December 01, 2023",Troy Trojans,2653,83,False,65.235,92.25,80.61375000000001
401591572,"December 12, 2023",Troy Trojans,2653,110,False,76.165,90.4,77.538
401591574,"December 21, 2023",Troy Trojans,2653,88,False,76.515,93.66666666666667,77.30916666666667
401581703,"February 07, 2024",Troy Trojans,2653,82,False,72.025,86.46153846153847,75.02615384615385
401634061,"February 10, 2024",Troy Trojans,2653,78,False,74.19,86.14285714285714,74.81178571428572
401581623,"February 15, 2024",Troy Trojans,2653,71,False,70.025,85.6,74.77033333333334
401581694,"February 17, 2024",Troy Trojans,2653,85,False,73.445,84.6875,74.47375
401581705,"January 04, 2024",Troy Trojans,2653,86,False,80.375,92.85714285714286,77.19571428571429
401581495,"January 06, 2024",Troy Trojans,2653,66,False,69.42,92.0,77.593125
401581677,"January 10, 2024",Troy Trojans,2653,79,False,74.98,89.11111111111111,76.685
401581713,"January 13, 2024",Troy Trojans,2653,82,False,67.98,88.1,76.5145
401581717,"January 24, 2024",Troy Trojans,2653,78,False,70.375,87.54545454545455,75.73863636363636
401581708,"January 27, 2024",Troy Trojans,2653,83,False,71.84,86.75,75.29166666666667
401625597,"March 09, 2024",Troy Trojans,2653,68,True,68.77000000000001,84.70588235294117,74.41323529411765
401591565,"November 06, 2023",Troy Trojans,2653,92,False,82.84,0.0,0.0
401591567,"November 14, 2023",Troy Trojans,2653,111,False,81.28,92.0,82.84
401591568,"November 20, 2023",Troy Trojans,2653,86,False,83.47,101.5,82.06
401591569,"November 24, 2023",Troy Trojans,2653,80,False,74.86500000000001,96.33333333333333,82.53
401599589,"December 14, 2023",Tulane Green Wave,2655,117,False,100.375,88.33333333333333,78.12666666666667
401599984,"December 16, 2023",Tulane Green Wave,2655,105,False,78.98,92.42857142857143,81.30499999999999
401589062,"December 22, 2023",Tulane Green Wave,2655,66,False,71.235,94.0,81.014375
401599985,"December 29, 2023",Tulane Green Wave,2655,94,False,81.14,90.88888888888889,79.92777777777778
401602118,"February 04, 2024",Tulane Green Wave,2655,92,False,79.305,88.0,77.22
401602137,"February 15, 2024",Tulane Green Wave,2655,79,False,76.375,88.26666666666667,77.359
401602155,"February 25, 2024",Tulane Green Wave,2655,67,False,72.165,87.6875,77.2975
401602158,"February 28, 2024",Tulane Green Wave,2655,76,False,77.375,86.47058823529412,76.99558823529412
401602058,"January 03, 2024",Tulane Green Wave,2655,84,False,66.42,91.2,80.049
401602072,"January 11, 2024",Tulane Green Wave,2655,84,False,73.42,90.54545454545455,78.81
401602092,"January 21, 2024",Tulane Green Wave,2655,81,False,72.77,90.0,78.36083333333333
401602102,"January 27, 2024",Tulane Green Wave,2655,71,False,67.98,89.3076923076923,77.93076923076923
401602174,"March 08, 2024",Tulane Green Wave,2655,85,False,71.12,85.88888888888889,77.01666666666667
401584434,"November 06, 2023",Tulane Green Wave,2655,91,False,77.7,0.0,0.0
401599982,"November 09, 2023",Tulane Green Wave,2655,88,False,79.12,91.0,77.7
401594051,"November 17, 2023",Tulane Green Wave,2655,92,False,75.165,89.5,78.41
401599983,"November 20, 2023",Tulane Green Wave,2655,77,True,71.375,90.33333333333333,77.32833333333333
401604309,"November 22, 2023",Tulane Green Wave,2655,84,True,81.165,87.0,75.84
401598019,"November 29, 2023",Tulane Green Wave,2655,98,False,84.235,86.4,76.905
401597842,"December 05, 2023",Tulsa Golden Hurricane,202,88,False,80.49,79.25,76.7175
401577703,"December 16, 2023",Tulsa Golden Hurricane,202,73,False,67.28,81.0,77.47200000000001
401604911,"December 19, 2023",Tulsa Golden Hurricane,202,79,False,63.885,79.66666666666667,75.77333333333333
401604282,"December 22, 2023",Tulsa Golden Hurricane,202,65,False,69.35,79.57142857142857,74.075
401606714,"December 29, 2023",Tulsa Golden Hurricane,202,95,False,75.305,77.75,73.484375
401602121,"February 07, 2024",Tulsa Golden Hurricane,202,55,False,66.445,81.92307692307692,74.69807692307693
401602130,"February 11, 2024",Tulsa Golden Hurricane,202,63,False,68.77,80.0,74.10857142857142
401602138,"February 17, 2024",Tulsa Golden Hurricane,202,93,False,76.91,78.86666666666666,73.75266666666667
401602152,"February 24, 2024",Tulsa Golden Hurricane,202,69,False,60.42,79.75,73.95
401602060,"January 04, 2024",Tulsa Golden Hurricane,202,75,False,76.235,79.66666666666667,73.68666666666667
401602078,"January 14, 2024",Tulsa Golden Hurricane,202,87,False,87.91,79.2,73.94149999999999
401602083,"January 17, 2024",Tulsa Golden Hurricane,202,107,False,74.91,79.9090909090909,75.21136363636364
401602110,"January 31, 2024",Tulsa Golden Hurricane,202,79,False,68.84,82.16666666666667,75.18625
401602178,"March 09, 2024",Tulsa Golden Hurricane,202,76,False,77.19,79.11764705882354,73.15411764705881
401574207,"November 06, 2023",Tulsa Golden Hurricane,202,70,False,67.42,0.0,0.0
401604805,"November 11, 2023",Tulsa Golden Hurricane,202,85,False,80.445,70.0,67.42
401583816,"November 16, 2023",Tulsa Golden Hurricane,202,72,False,76.305,77.5,73.9325
401606712,"November 20, 2023",Tulsa Golden Hurricane,202,90,False,82.7,75.66666666666667,74.72333333333334
401597421,"December 01, 2023",UAB Blazers,5,82,False,70.515,74.16666666666667,73.28166666666667
401597875,"December 17, 2023",UAB Blazers,5,92,False,76.095,75.28571428571429,72.88642857142858
401594422,"December 22, 2023",UAB Blazers,5,79,False,66.91,77.375,73.2875
401597876,"December 29, 2023",UAB Blazers,5,90,False,72.26,77.55555555555556,72.5788888888889
401602124,"February 08, 2024",UAB Blazers,5,76,False,72.49,79.42857142857143,73.33321428571428
401602144,"February 18, 2024",UAB Blazers,5,71,False,68.58500000000001,79.2,73.277
401602146,"February 21, 2024",UAB Blazers,5,71,False,63.77,78.6875,72.98375
401602159,"February 28, 2024",UAB Blazers,5,66,False,71.56,78.23529411764706,72.44176470588235
401602068,"January 07, 2024",UAB Blazers,5,75,False,71.165,78.8,72.547
401602084,"January 17, 2024",UAB Blazers,5,83,False,77.095,78.45454545454545,72.42136363636364
401602090,"January 20, 2024",UAB Blazers,5,69,False,68.63,78.83333333333333,72.81083333333333
401602105,"January 28, 2024",UAB Blazers,5,97,False,84.305,78.07692307692308,72.48923076923077
401602179,"March 10, 2024",UAB Blazers,5,74,False,72.655,77.55555555555556,72.39277777777778
401625467,"March 15, 2024",UAB Blazers,5,72,True,61.955,77.36842105263158,72.40657894736842
401625472,"March 17, 2024",UAB Blazers,5,85,True,73.77,77.1,71.884
401587204,"November 06, 2023",UAB Blazers,5,71,False,78.515,0.0,0.0
401583760,"November 10, 2023",UAB Blazers,5,76,True,70.56,71.0,78.515
401583848,"November 12, 2023",UAB Blazers,5,66,True,72.305,73.5,74.5375
401597872,"November 16, 2023",UAB Blazers,5,80,False,80.63,71.0,73.79333333333334
401597873,"November 25, 2023",UAB Blazers,5,92,False,69.305,73.25,75.5025
401579008,"November 28, 2023",UAB Blazers,5,60,False,68.375,77.0,74.263
401582144,"December 02, 2023",UAlbany Great Danes,399,73,False,78.56,74.0,71.14250000000001
401608999,"December 05, 2023",UAlbany Great Danes,399,98,False,84.955,73.66666666666667,73.61500000000001
401582145,"December 10, 2023",UAlbany Great Danes,399,73,True,74.12,79.75,76.45
401577723,"December 19, 2023",UAlbany Great Danes,399,93,False,77.91,78.4,75.98400000000001
401581212,"February 03, 2024",UAlbany Great Danes,399,102,False,87.885,82.77777777777777,77.19388888888889
401581224,"February 15, 2024",UAlbany Great Danes,399,83,False,69.025,84.7,78.263
401581232,"February 22, 2024",UAlbany Great Danes,399,80,False,75.49,84.54545454545455,77.42318181818182
401581240,"February 29, 2024",UAlbany Great Danes,399,91,False,77.095,84.16666666666667,77.26208333333334
401581188,"January 13, 2024",UAlbany Great Danes,399,95,False,70.91,80.83333333333333,76.305
401581192,"January 18, 2024",UAlbany Great Danes,399,76,False,76.165,82.85714285714286,75.53428571428572
401581196,"January 20, 2024",UAlbany Great Danes,399,89,False,89.84,82.0,75.613125
401581244,"March 02, 2024",UAlbany Great Danes,399,71,False,70.7,84.6923076923077,77.24923076923076
401584401,"November 21, 2023",UAlbany Great Danes,399,62,True,65.49000000000001,0.0,0.0
401582143,"November 29, 2023",UAlbany Great Danes,399,86,False,76.795,62.0,65.49000000000001
401597915,"December 09, 2023",UC Davis Aggies,302,79,False,75.58500000000001,74.0,71.76374999999999
401597916,"December 19, 2023",UC Davis Aggies,302,61,False,64.56,75.0,72.52799999999999
401597917,"December 21, 2023",UC Davis Aggies,302,80,False,65.77,72.66666666666667,71.2
401573473,"December 28, 2023",UC Davis Aggies,302,76,False,73.77,73.71428571428571,70.42428571428572
401573477,"December 30, 2023",UC Davis Aggies,302,71,False,61.49,74.0,70.8425
401573533,"February 08, 2024",UC Davis Aggies,302,71,False,72.095,73.0,70.50692307692307
401573542,"February 15, 2024",UC Davis Aggies,302,74,False,73.095,72.85714285714286,70.62035714285715
401573548,"February 17, 2024",UC Davis Aggies,302,61,False,65.88499999999999,72.93333333333334,70.78533333333333
401573562,"February 29, 2024",UC Davis Aggies,302,75,False,64.77000000000001,72.1875,70.4790625
401573493,"January 11, 2024",UC Davis Aggies,302,95,False,74.77,73.66666666666667,69.80333333333334
401573497,"January 13, 2024",UC Davis Aggies,302,78,False,75.935,75.8,70.3
401573508,"January 20, 2024",UC Davis Aggies,302,54,False,69.235,76.0,70.81227272727273
401573519,"January 27, 2024",UC Davis Aggies,302,59,False,68.42,74.16666666666667,70.68083333333333
401625536,"March 15, 2024",UC Davis Aggies,302,68,True,65.305,72.3529411764706,70.14323529411764
401625538,"March 16, 2024",UC Davis Aggies,302,70,True,69.56,72.11111111111111,69.87444444444445
401609949,"November 06, 2023",UC Davis Aggies,302,86,False,81.63,0.0,0.0
401576680,"November 09, 2023",UC Davis Aggies,302,79,False,75.375,86.0,81.63
401597913,"November 14, 2023",UC Davis Aggies,302,68,True,59.885,82.5,78.5025
401594052,"November 26, 2023",UC Davis Aggies,302,63,False,70.16499999999999,77.66666666666667,72.29666666666667
401600096,"December 16, 2023",UC Irvine Anteaters,300,121,False,77.165,93.0,74.36666666666667
401573471,"December 28, 2023",UC Irvine Anteaters,300,73,False,69.63,100.0,75.06625
401573526,"February 03, 2024",UC Irvine Anteaters,300,93,False,67.49,86.11111111111111,73.35888888888888
401573546,"February 17, 2024",UC Irvine Anteaters,300,77,False,69.235,86.8,72.772
401573551,"February 22, 2024",UC Irvine Anteaters,300,81,False,74.58500000000001,85.9090909090909,72.45045454545455
401573481,"January 04, 2024",UC Irvine Anteaters,300,75,False,65.77000000000001,94.6,73.979
401573486,"January 06, 2024",UC Irvine Anteaters,300,74,False,78.165,91.33333333333333,72.61083333333333
401573501,"January 18, 2024",UC Irvine Anteaters,300,76,False,69.165,88.85714285714286,73.40428571428572
401573516,"January 27, 2024",UC Irvine Anteaters,300,77,False,77.235,87.25,72.874375
401573566,"March 02, 2024",UC Irvine Anteaters,300,82,False,72.98,85.5,72.62833333333334
401573571,"March 07, 2024",UC Irvine Anteaters,300,82,False,65.16499999999999,85.23076923076923,72.65538461538462
401625537,"March 15, 2024",UC Irvine Anteaters,300,79,True,69.165,85.0,72.12035714285715
401603530,"November 11, 2023",UC Irvine Anteaters,300,91,False,76.12,0.0,0.0
401603532,"November 17, 2023",UC Irvine Anteaters,300,111,False,76.815,91.0,76.12
401583854,"November 22, 2023",UC Irvine Anteaters,300,77,True,70.165,101.0,76.4675
401597402,"December 03, 2023",UC Riverside Highlanders,27,68,False,64.63,86.33333333333333,70.31166666666667
401594649,"December 16, 2023",UC Riverside Highlanders,27,69,False,62.49,81.75,68.89125
401583743,"December 21, 2023",UC Riverside Highlanders,27,82,False,65.235,79.2,67.611
401573476,"December 30, 2023",UC Riverside Highlanders,27,79,False,70.025,79.66666666666667,67.21499999999999
401573532,"February 08, 2024",UC Riverside Highlanders,27,65,False,69.77,75.0909090909091,67.56409090909091
401573537,"February 10, 2024",UC Riverside Highlanders,27,88,False,73.84,74.25,67.74791666666667
401573552,"February 22, 2024",UC Riverside Highlanders,27,65,False,71.77,75.3076923076923,68.21653846153846
401573483,"January 04, 2024",UC Riverside Highlanders,27,63,False,71.84,79.57142857142857,67.61642857142857
401573492,"January 11, 2024",UC Riverside Highlanders,27,71,False,64.025,77.5,68.144375
401573507,"January 20, 2024",UC Riverside Highlanders,27,82,False,68.28,76.77777777777777,67.68666666666667
401573517,"January 27, 2024",UC Riverside Highlanders,27,53,False,65.745,77.3,67.74600000000001
401573567,"March 02, 2024",UC Riverside Highlanders,27,73,False,73.49,74.57142857142857,68.47035714285714
401573572,"March 07, 2024",UC Riverside Highlanders,27,84,False,76.98,74.46666666666667,68.805
401625533,"March 13, 2024",UC Riverside Highlanders,27,83,True,68.88499999999999,75.0625,69.3159375
401602969,"November 07, 2023",UC Riverside Highlanders,27,76,False,65.095,0.0,0.0
401594191,"November 21, 2023",UC Riverside Highlanders,27,74,True,64.42,76.0,65.095
401602970,"November 26, 2023",UC Riverside Highlanders,27,109,False,81.42,75.0,64.7575
401594114,"December 01, 2023",UC San Diego Tritons,28,62,False,60.745,88.25,72.39750000000001
401594115,"December 05, 2023",UC San Diego Tritons,28,98,False,72.56,83.0,70.06700000000001
401573474,"December 28, 2023",UC San Diego Tritons,28,76,False,67.955,85.5,70.4825
401573523,"February 01, 2024",UC San Diego Tritons,28,83,False,70.7,81.0,69.17150000000001
401573543,"February 15, 2024",UC San Diego Tritons,28,61,False,62.955,81.18181818181819,69.31045454545455
401573549,"February 17, 2024",UC San Diego Tritons,28,76,False,63.42,79.5,68.78083333333333
401573558,"February 24, 2024",UC San Diego Tritons,28,92,False,82.305,79.23076923076923,68.36846153846153
401573495,"January 11, 2024",UC San Diego Tritons,28,88,False,72.49,84.14285714285714,70.12142857142858
401573509,"January 20, 2024",UC San Diego Tritons,28,67,False,67.35,84.625,70.4175
401573512,"January 25, 2024",UC San Diego Tritons,28,66,False,61.025,82.66666666666667,70.07666666666667
401573574,"March 07, 2024",UC San Diego Tritons,28,63,False,62.42,80.14285714285714,69.36392857142857
401573579,"March 09, 2024",UC San Diego Tritons,28,92,False,69.445,79.0,68.90100000000001
401594109,"November 06, 2023",UC San Diego Tritons,28,95,False,73.375,0.0,0.0
401594110,"November 11, 2023",UC San Diego Tritons,28,69,False,71.305,95.0,73.375
401594111,"November 13, 2023",UC San Diego Tritons,28,116,False,81.885,82.0,72.34
401594112,"November 18, 2023",UC San Diego Tritons,28,73,False,63.025,93.33333333333333,75.52166666666666
401601140,"December 09, 2023",UC Santa Barbara Gauchos,2540,126,False,81.12,83.25,71.82124999999999
401601142,"December 20, 2023",UC Santa Barbara Gauchos,2540,94,False,76.445,91.8,73.681
401573521,"February 01, 2024",UC Santa Barbara Gauchos,2540,69,False,68.235,84.5,72.13
401573531,"February 08, 2024",UC Santa Barbara Gauchos,2540,61,False,62.56,83.0909090909091,71.77590909090908
401573536,"February 10, 2024",UC Santa Barbara Gauchos,2540,74,False,71.235,81.25,71.00791666666667
401573547,"February 17, 2024",UC Santa Barbara Gauchos,2540,77,False,63.56,80.6923076923077,71.02538461538461
401573561,"February 29, 2024",UC Santa Barbara Gauchos,2540,83,False,70.655,80.42857142857143,70.49214285714285
401573482,"January 04, 2024",UC Santa Barbara Gauchos,2540,72,False,64.56,92.16666666666667,74.14166666666667
401573491,"January 11, 2024",UC Santa Barbara Gauchos,2540,66,False,74.025,89.28571428571429,72.77285714285713
401573496,"January 13, 2024",UC Santa Barbara Gauchos,2540,85,False,69.42,86.375,72.929375
401573506,"January 20, 2024",UC Santa Barbara Gauchos,2540,69,False,68.445,86.22222222222223,72.53944444444444
401573576,"March 09, 2024",UC Santa Barbara Gauchos,2540,64,False,69.16499999999999,80.6,70.503
401625532,"March 13, 2024",UC Santa Barbara Gauchos,2540,84,True,80.19,79.5625,70.419375
401594030,"November 09, 2023",UC Santa Barbara Gauchos,2540,76,False,75.77,0.0,0.0
401601135,"November 19, 2023",UC Santa Barbara Gauchos,2540,96,False,71.42,76.0,75.77
401601136,"November 22, 2023",UC Santa Barbara Gauchos,2540,91,False,72.21,86.0,73.595
401584364,"November 29, 2023",UC Santa Barbara Gauchos,2540,70,False,67.88499999999999,87.66666666666667,73.13333333333333
401575464,"December 02, 2023",UCF Knights,2116,72,False,76.025,79.66666666666667,75.17333333333333
401575465,"December 06, 2023",UCF Knights,2116,94,False,72.56,77.75,75.38625
401594545,"December 10, 2023",UCF Knights,2116,68,False,71.19,81.0,74.821
401575467,"December 18, 2023",UCF Knights,2116,74,False,66.42,78.83333333333333,74.21583333333334
401575468,"December 21, 2023",UCF Knights,2116,69,False,68.445,78.14285714285714,73.10214285714287
401574626,"December 29, 2023",UCF Knights,2116,98,False,82.655,77.0,72.52
401603457,"February 03, 2024",UCF Knights,2116,74,False,68.12,75.23076923076923,71.98846153846154
401603481,"February 17, 2024",UCF Knights,2116,74,False,69.63,75.14285714285714,71.71214285714287
401603495,"February 24, 2024",UCF Knights,2116,75,False,67.165,75.06666666666666,71.57333333333332
401603411,"January 10, 2024",UCF Knights,2116,65,False,65.63,79.33333333333333,73.64611111111111
401603417,"January 13, 2024",UCF Knights,2116,58,False,69.655,77.9,72.84450000000001
401603437,"January 23, 2024",UCF Knights,2116,72,False,72.375,76.0909090909091,72.55454545454546
401603450,"January 31, 2024",UCF Knights,2116,69,False,65.375,75.75,72.53958333333334
401603508,"March 02, 2024",UCF Knights,2116,52,False,67.16499999999999,75.0625,71.2978125
401603515,"March 06, 2024",UCF Knights,2116,59,False,64.305,73.70588235294117,71.05470588235295
401625414,"March 12, 2024",UCF Knights,2116,77,True,70.885,72.88888888888889,70.67972222222222
401575460,"November 06, 2023",UCF Knights,2116,85,False,79.305,0.0,0.0
401575462,"November 16, 2023",UCF Knights,2116,72,False,68.235,85.0,79.305
401575463,"November 26, 2023",UCF Knights,2116,82,False,77.98,78.5,73.77000000000001
401575805,"December 19, 2023",UCLA Bruins,26,72,False,75.305,70.4,66.793
401575806,"December 22, 2023",UCLA Bruins,26,60,False,65.19,70.66666666666667,68.21166666666666
401607404,"February 01, 2024",UCLA Bruins,26,71,False,64.095,66.7,68.435
401607409,"February 03, 2024",UCLA Bruins,26,71,False,63.095,67.0909090909091,68.04045454545455
401607421,"February 15, 2024",UCLA Bruins,26,64,False,59.35,67.41666666666667,67.62833333333333
401607428,"February 18, 2024",UCLA Bruins,26,69,False,65.63,67.15384615384616,66.99153846153845
401607435,"February 24, 2024",UCLA Bruins,26,56,False,67.63,67.28571428571429,66.89428571428572
401607363,"January 03, 2024",UCLA Bruins,26,53,False,71.025,69.14285714285714,67.78
401607372,"January 06, 2024",UCLA Bruins,26,57,False,65.16499999999999,67.125,68.185625
401607382,"January 14, 2024",UCLA Bruins,26,73,False,73.7,66.0,67.85
401607442,"March 07, 2024",UCLA Bruins,26,65,False,70.63,66.53333333333333,66.94333333333333
401607444,"March 09, 2024",UCLA Bruins,26,59,False,60.49,66.4375,67.17375
401625474,"March 13, 2024",UCLA Bruins,26,67,True,57.14,66.0,66.78058823529412
401575800,"November 06, 2023",UCLA Bruins,26,75,False,66.84,0.0,0.0
401575801,"November 10, 2023",UCLA Bruins,26,68,False,64.42,75.0,66.84
401575802,"November 15, 2023",UCLA Bruins,26,78,False,71.235,71.5,65.63
401581600,"November 22, 2023",UCLA Bruins,26,65,True,66.58500000000001,73.66666666666667,67.49833333333333
401575803,"November 30, 2023",UCLA Bruins,26,66,False,64.88499999999999,71.5,67.27000000000001
401580309,"December 05, 2023",UConn Huskies,41,87,True,71.77,92.6,72.19800000000001
401591372,"December 09, 2023",UConn Huskies,41,101,False,69.025,91.66666666666667,72.12666666666667
401599446,"December 23, 2023",UConn Huskies,41,69,False,62.98,93.0,71.68357142857143
401599519,"February 06, 2024",UConn Huskies,41,71,False,67.025,86.15384615384616,69.3173076923077
401599536,"February 17, 2024",UConn Huskies,41,81,False,64.28,85.07142857142857,69.15357142857142
401599545,"February 24, 2024",UConn Huskies,41,78,False,66.77,84.8,68.82866666666668
401599471,"January 02, 2024",UConn Huskies,41,85,False,68.165,90.0,70.595625
401599488,"January 14, 2024",UConn Huskies,41,80,False,64.375,89.44444444444444,70.32555555555557
401599493,"January 17, 2024",UConn Huskies,41,62,False,61.35,88.5,69.7305
401599508,"January 28, 2024",UConn Huskies,41,99,False,72.56,86.0909090909091,68.96863636363636
401599512,"January 31, 2024",UConn Huskies,41,74,False,69.91,87.16666666666667,69.26791666666666
401599557,"March 03, 2024",UConn Huskies,41,91,False,65.445,84.375,68.7
401625559,"March 14, 2024",UConn Huskies,41,87,True,70.025,84.76470588235294,68.5085294117647
401625563,"March 15, 2024",UConn Huskies,41,95,False,68.63,84.88888888888889,68.59277777777778
401625565,"March 16, 2024",UConn Huskies,41,73,True,64.88499999999999,85.42105263157895,68.59473684210526
401584359,"November 06, 2023",UConn Huskies,41,95,False,70.795,0.0,0.0
401589296,"November 11, 2023",UConn Huskies,41,107,False,78.305,95.0,70.795
401591369,"November 14, 2023",UConn Huskies,41,87,False,67.05,101.0,74.55000000000001
401591370,"November 24, 2023",UConn Huskies,41,90,False,67.07,96.33333333333333,72.05
401591371,"November 27, 2023",UConn Huskies,41,84,False,77.77,94.75,70.805
401577712,"December 12, 2023",UIC Flames,82,68,False,67.095,84.5,74.04875000000001
401577713,"December 16, 2023",UIC Flames,82,89,False,77.515,81.2,72.658
401577714,"December 21, 2023",UIC Flames,82,66,False,65.025,82.5,73.4675
401601879,"February 03, 2024",UIC Flames,82,71,False,74.655,75.54545454545455,70.4609090909091
401601892,"February 11, 2024",UIC Flames,82,71,False,68.235,75.16666666666667,70.81041666666667
401601901,"February 18, 2024",UIC Flames,82,60,False,70.025,74.84615384615384,70.6123076923077
401601909,"February 21, 2024",UIC Flames,82,88,False,69.885,73.78571428571429,70.57035714285715
401601922,"February 28, 2024",UIC Flames,82,105,False,95.725,74.73333333333333,70.52466666666668
401601829,"January 06, 2024",UIC Flames,82,70,False,69.095,80.14285714285714,72.26142857142858
401601842,"January 13, 2024",UIC Flames,82,59,False,62.56,78.875,71.86562500000001
401601850,"January 17, 2024",UIC Flames,82,58,False,65.35,76.66666666666667,70.83166666666666
401601862,"January 24, 2024",UIC Flames,82,83,False,72.235,74.8,70.2835
401577707,"November 10, 2023",UIC Flames,82,86,False,75.305,0.0,0.0
401577709,"November 19, 2023",UIC Flames,82,99,False,73.56,86.0,75.305
401603085,"November 25, 2023",UIC Flames,82,89,True,78.305,92.5,74.4325
401601814,"November 30, 2023",UIC Flames,82,64,False,69.025,91.33333333333333,75.72333333333334
401581865,"December 05, 2023",UL Monroe Warhawks,2433,110,False,84.63,80.0,72.29666666666667
401581637,"February 07, 2024",UL Monroe Warhawks,2433,79,False,69.77,75.2,73.90950000000001
401634065,"February 10, 2024",UL Monroe Warhawks,2433,82,False,64.025,75.54545454545455,73.53318181818182
401581684,"February 22, 2024",UL Monroe Warhawks,2433,66,False,73.56,76.08333333333333,72.74083333333333
401581695,"February 24, 2024",UL Monroe Warhawks,2433,78,False,76.725,75.3076923076923,72.80384615384615
401581688,"January 03, 2024",UL Monroe Warhawks,2433,57,False,75.91,87.5,75.38
401581644,"January 06, 2024",UL Monroe Warhawks,2433,68,False,67.58500000000001,81.4,75.486
401581689,"January 11, 2024",UL Monroe Warhawks,2433,58,False,73.165,79.16666666666667,74.16916666666667
401581690,"January 13, 2024",UL Monroe Warhawks,2433,54,False,62.165000000000006,76.14285714285714,74.0257142857143
401581692,"January 25, 2024",UL Monroe Warhawks,2433,80,False,75.235,73.375,72.543125
401581619,"January 28, 2024",UL Monroe Warhawks,2433,85,False,83.515,74.11111111111111,72.84222222222223
401625589,"March 05, 2024",UL Monroe Warhawks,2433,71,True,75.98,75.5,73.08392857142857
401581861,"November 16, 2023",UL Monroe Warhawks,2433,63,False,66.235,0.0,0.0
401581862,"November 20, 2023",UL Monroe Warhawks,2433,103,False,80.165,63.0,66.235
401581864,"November 28, 2023",UL Monroe Warhawks,2433,74,False,70.49000000000001,83.0,73.2
401582133,"December 02, 2023",UMBC Retrievers,2378,92,False,81.56,80.5,78.345
401582135,"December 09, 2023",UMBC Retrievers,2378,73,False,68.955,82.8,78.988
401582138,"December 29, 2023",UMBC Retrievers,2378,85,False,71.56,81.16666666666667,77.31583333333333
401581218,"February 08, 2024",UMBC Retrievers,2378,80,False,79.98,76.45454545454545,74.75227272727273
401581222,"February 10, 2024",UMBC Retrievers,2378,70,False,65.815,76.75,75.18791666666667
401581228,"February 17, 2024",UMBC Retrievers,2378,80,False,75.025,76.23076923076923,74.46692307692307
401581181,"January 06, 2024",UMBC Retrievers,2378,67,False,75.49,81.71428571428571,76.49357142857143
401581194,"January 18, 2024",UMBC Retrievers,2378,70,False,66.49000000000001,79.875,76.36812499999999
401581199,"January 20, 2024",UMBC Retrievers,2378,58,False,75.35,78.77777777777777,75.27055555555555
401581207,"January 27, 2024",UMBC Retrievers,2378,74,False,69.49,76.7,75.2785
401581249,"March 05, 2024",UMBC Retrievers,2378,71,False,71.56,76.5,74.50678571428571
401582027,"November 11, 2023",UMBC Retrievers,2378,59,False,70.885,0.0,0.0
401582028,"November 14, 2023",UMBC Retrievers,2378,84,False,76.91,59.0,70.885
401577718,"November 17, 2023",UMBC Retrievers,2378,85,False,85.63,71.5,73.89750000000001
401582129,"November 19, 2023",UMBC Retrievers,2378,94,False,79.955,76.0,77.80833333333334
401582023,"December 05, 2023",UMass Lowell River Hawks,2349,117,False,90.56,96.0,75.21
401576640,"December 12, 2023",UMass Lowell River Hawks,2349,78,False,69.84,106.5,82.88499999999999
401582024,"December 16, 2023",UMass Lowell River Hawks,2349,54,False,71.025,97.0,78.53666666666668
401611538,"December 31, 2023",UMass Lowell River Hawks,2349,116,False,77.07,86.25,76.65875
401581211,"February 01, 2024",UMass Lowell River Hawks,2349,76,False,69.42,85.25,75.813125
401581215,"February 03, 2024",UMass Lowell River Hawks,2349,73,False,73.745,84.22222222222223,75.10277777777777
401581233,"February 22, 2024",UMass Lowell River Hawks,2349,87,False,68.955,83.1,74.96700000000001
401581236,"February 24, 2024",UMass Lowell River Hawks,2349,104,False,83.165,83.45454545454545,74.42045454545455
401581242,"February 29, 2024",UMass Lowell River Hawks,2349,89,False,82.165,85.16666666666667,75.14916666666666
401581187,"January 11, 2024",UMass Lowell River Hawks,2349,70,False,73.26,92.2,76.741
401581190,"January 13, 2024",UMass Lowell River Hawks,2349,86,False,74.235,88.5,76.16083333333334
401581203,"January 25, 2024",UMass Lowell River Hawks,2349,65,False,75.305,88.14285714285714,75.88571428571429
401625602,"March 09, 2024",UMass Lowell River Hawks,2349,94,False,89.56,85.46153846153847,75.68884615384616
401625607,"March 12, 2024",UMass Lowell River Hawks,2349,77,False,78.025,86.07142857142857,76.67964285714287
401582016,"November 06, 2023",UMass Lowell River Hawks,2349,96,False,75.21,0.0,0.0
401601466,"December 01, 2023",UNC Asheville Bulldogs,2427,97,False,79.4,91.4,80.673
401601467,"December 18, 2023",UNC Asheville Bulldogs,2427,79,False,68.84,92.33333333333333,80.46083333333333
401593919,"December 23, 2023",UNC Asheville Bulldogs,2427,79,False,75.05,90.42857142857143,78.80071428571429
401601252,"February 03, 2024",UNC Asheville Bulldogs,2427,82,False,71.235,86.63636363636364,75.93954545454545
401601255,"February 07, 2024",UNC Asheville Bulldogs,2427,86,False,75.77,86.25,75.5475
401601263,"February 14, 2024",UNC Asheville Bulldogs,2427,71,False,65.795,86.23076923076923,75.5646153846154
401601265,"February 17, 2024",UNC Asheville Bulldogs,2427,86,False,72.77,85.14285714285714,74.86678571428571
401601274,"February 24, 2024",UNC Asheville Bulldogs,2427,77,False,68.885,85.2,74.727
401601216,"January 03, 2024",UNC Asheville Bulldogs,2427,95,False,74.84,89.0,78.331875
401601227,"January 13, 2024",UNC Asheville Bulldogs,2427,65,False,66.955,89.66666666666667,77.94388888888889
401601240,"January 24, 2024",UNC Asheville Bulldogs,2427,81,False,66.88499999999999,87.2,76.845
401625517,"March 08, 2024",UNC Asheville Bulldogs,2427,60,True,64.955,84.6875,74.361875
401625520,"March 09, 2024",UNC Asheville Bulldogs,2427,83,True,78.77,83.23529411764706,73.8085294117647
401625521,"March 10, 2024",UNC Asheville Bulldogs,2427,59,True,68.305,83.22222222222223,74.08416666666666
401601463,"November 11, 2023",UNC Asheville Bulldogs,2427,66,False,76.05,0.0,0.0
401601464,"November 14, 2023",UNC Asheville Bulldogs,2427,117,False,82.77,66.0,76.05
401601465,"November 18, 2023",UNC Asheville Bulldogs,2427,114,False,80.375,91.5,79.41
401593934,"November 24, 2023",UNC Asheville Bulldogs,2427,75,True,77.84,99.0,79.73166666666667
401594580,"November 25, 2023",UNC Asheville Bulldogs,2427,85,True,86.33,93.0,79.25874999999999
401594571,"December 01, 2023",UNC Greensboro Spartans,2430,88,False,68.7,79.0,68.2525
401594572,"December 07, 2023",UNC Greensboro Spartans,2430,87,False,73.235,80.8,68.34200000000001
401588315,"December 10, 2023",UNC Greensboro Spartans,2430,82,False,72.7,81.83333333333333,69.1575
401594574,"December 21, 2023",UNC Greensboro Spartans,2430,135,False,86.42,81.85714285714286,69.66357142857143
401587943,"February 08, 2024",UNC Greensboro Spartans,2430,69,False,71.445,82.76923076923077,69.51192307692307
401587947,"February 10, 2024",UNC Greensboro Spartans,2430,61,False,61.025,81.78571428571429,69.65
401587961,"February 21, 2024",UNC Greensboro Spartans,2430,71,False,62.77,80.4,69.075
401587970,"February 28, 2024",UNC Greensboro Spartans,2430,100,False,68.955,79.8125,68.6809375
401587892,"January 03, 2024",UNC Greensboro Spartans,2430,79,False,68.28,88.5,71.758125
401587897,"January 06, 2024",UNC Greensboro Spartans,2430,70,False,72.28,87.44444444444444,71.37166666666667
401587911,"January 17, 2024",UNC Greensboro Spartans,2430,73,False,59.955,85.7,71.4625
401587915,"January 20, 2024",UNC Greensboro Spartans,2430,82,False,61.165000000000006,84.54545454545455,70.41636363636364
401587928,"January 27, 2024",UNC Greensboro Spartans,2430,64,False,67.91,84.33333333333333,69.64541666666666
401625584,"March 09, 2024",UNC Greensboro Spartans,2430,62,True,65.815,81.0,68.6970588235294
401581726,"November 10, 2023",UNC Greensboro Spartans,2430,94,False,73.515,0.0,0.0
401581518,"November 24, 2023",UNC Greensboro Spartans,2430,76,True,64.305,94.0,73.515
401603084,"November 25, 2023",UNC Greensboro Spartans,2430,88,True,70.235,85.0,68.91
401603088,"November 26, 2023",UNC Greensboro Spartans,2430,58,True,64.955,86.0,69.35166666666667
401602671,"December 10, 2023",UNC Wilmington Seahawks,350,119,False,75.58500000000001,101.33333333333333,78.83166666666666
401600707,"February 03, 2024",UNC Wilmington Seahawks,350,77,False,60.025000000000006,92.71428571428571,73.59714285714287
401600709,"February 08, 2024",UNC Wilmington Seahawks,350,75,False,63.815,90.75,71.900625
401600727,"February 15, 2024",UNC Wilmington Seahawks,350,73,False,63.165000000000006,89.0,71.00222222222222
401600731,"February 17, 2024",UNC Wilmington Seahawks,350,72,False,63.42,87.4,70.2185
401600751,"February 29, 2024",UNC Wilmington Seahawks,350,58,False,58.28,86.0,69.60045454545455
401600657,"January 11, 2024",UNC Wilmington Seahawks,350,69,False,65.58500000000001,105.75,78.02
401600660,"January 14, 2024",UNC Wilmington Seahawks,350,79,False,70.955,98.4,75.533
401600675,"January 20, 2024",UNC Wilmington Seahawks,350,78,False,66.56,95.16666666666667,74.77
401600763,"March 02, 2024",UNC Wilmington Seahawks,350,75,False,61.63,83.66666666666667,68.65708333333333
401630146,"March 10, 2024",UNC Wilmington Seahawks,350,56,True,62.91,83.0,68.11653846153845
401602669,"November 06, 2023",UNC Wilmington Seahawks,350,105,False,86.98,0.0,0.0
401602670,"November 14, 2023",UNC Wilmington Seahawks,350,116,False,74.88499999999999,105.0,86.98
401594431,"November 20, 2023",UNC Wilmington Seahawks,350,83,True,74.63,110.5,80.9325
401590981,"December 09, 2023",UNLV Rebels,2439,75,True,71.42,72.25,68.12375
401577596,"December 13, 2023",UNLV Rebels,2439,79,True,61.955,72.8,68.783
401597299,"December 16, 2023",UNLV Rebels,2439,67,True,77.58500000000001,73.83333333333333,67.645
401597300,"December 21, 2023",UNLV Rebels,2439,74,False,63.745,72.85714285714286,69.06500000000001
401597301,"December 31, 2023",UNLV Rebels,2439,87,False,77.42,73.0,68.4
401597309,"February 03, 2024",UNLV Rebels,2439,62,False,58.35,77.71428571428571,71.05178571428571
401597312,"February 17, 2024",UNLV Rebels,2439,66,False,63.91,76.66666666666667,70.205
401597313,"February 24, 2024",UNLV Rebels,2439,66,False,65.58500000000001,76.0,69.81156250000001
401621842,"January 02, 2024",UNLV Rebels,2439,112,False,87.49,74.55555555555556,69.40222222222222
401597303,"January 09, 2024",UNLV Rebels,2439,83,False,73.165,78.3,71.211
401597304,"January 13, 2024",UNLV Rebels,2439,86,False,70.375,78.72727272727273,71.38863636363637
401594448,"January 23, 2024",UNLV Rebels,2439,58,False,65.305,79.33333333333333,71.30416666666666
401597308,"January 30, 2024",UNLV Rebels,2439,78,False,73.77000000000001,77.6923076923077,70.84269230769232
401597315,"March 02, 2024",UNLV Rebels,2439,68,False,72.84,75.41176470588235,69.56294117647059
401597316,"March 05, 2024",UNLV Rebels,2439,62,False,60.025000000000006,75.0,69.745
401625526,"March 14, 2024",UNLV Rebels,2439,71,False,71.515,74.3157894736842,69.23342105263157
401597296,"November 08, 2023",UNLV Rebels,2439,71,False,68.35,0.0,0.0
401597297,"November 11, 2023",UNLV Rebels,2439,71,False,61.885000000000005,71.0,68.35
401586906,"November 20, 2023",UNLV Rebels,2439,75,True,70.84,71.0,65.1175
401597298,"November 28, 2023",UNLV Rebels,2439,72,False,71.42,72.33333333333333,67.02499999999999
401603832,"December 02, 2023",USC Trojans,30,76,True,70.42,79.28571428571429,72.66
401600069,"December 10, 2023",USC Trojans,30,79,False,85.4,78.875,72.38
401607465,"February 01, 2024",USC Trojans,30,69,False,68.235,76.84615384615384,72.15076923076923
401607469,"February 03, 2024",USC Trojans,30,82,False,63.44499999999999,76.28571428571429,71.87107142857143
401607423,"February 15, 2024",USC Trojans,30,68,False,73.235,76.66666666666667,71.30933333333334
401607427,"February 17, 2024",USC Trojans,30,89,False,83.095,76.125,71.4296875
401607364,"January 03, 2024",USC Trojans,30,82,False,71.815,78.88888888888889,73.82666666666667
401607369,"January 06, 2024",USC Trojans,30,93,False,72.84,79.2,73.6255
401607373,"January 10, 2024",USC Trojans,30,64,False,71.305,80.45454545454545,73.55409090909092
401607400,"January 27, 2024",USC Trojans,30,50,False,57.56,79.08333333333333,73.36666666666666
401607471,"March 07, 2024",USC Trojans,30,81,False,66.05,76.88235294117646,72.11588235294118
401607475,"March 09, 2024",USC Trojans,30,78,False,74.56,77.11111111111111,71.77888888888889
401581588,"November 06, 2023",USC Trojans,30,82,True,78.165,0.0,0.0
401600062,"November 09, 2023",USC Trojans,30,85,False,70.77,82.0,78.165
401603531,"November 14, 2023",USC Trojans,30,60,False,71.91,83.5,74.4675
401577659,"November 19, 2023",USC Trojans,30,81,False,69.63,75.66666666666667,73.615
401586850,"November 23, 2023",USC Trojans,30,71,True,73.42,77.0,72.61875
401586851,"November 24, 2023",USC Trojans,30,70,True,69.745,75.8,72.779
401593974,"November 29, 2023",USC Trojans,30,106,False,74.98,74.83333333333333,72.27333333333333
401608795,"December 06, 2023",UT Arlington Mavericks,250,74,False,65.49000000000001,80.8,72.049
401577967,"December 16, 2023",UT Arlington Mavericks,250,76,True,75.77,79.66666666666667,70.95583333333333
401574110,"February 10, 2024",UT Arlington Mavericks,250,71,False,78.445,79.0,73.09772727272728
401574115,"February 15, 2024",UT Arlington Mavericks,250,78,False,72.375,78.33333333333333,73.54333333333334
401574125,"February 22, 2024",UT Arlington Mavericks,250,90,False,73.77,78.3076923076923,73.45346153846154
401574130,"February 24, 2024",UT Arlington Mavericks,250,89,False,75.4,79.14285714285714,73.47607142857143
401574065,"January 11, 2024",UT Arlington Mavericks,250,83,False,76.515,79.14285714285714,71.64357142857143
401574067,"January 13, 2024",UT Arlington Mavericks,250,80,False,72.12,79.625,72.2525
401574076,"January 18, 2024",UT Arlington Mavericks,250,91,False,77.235,79.66666666666667,72.23777777777778
401574088,"January 27, 2024",UT Arlington Mavericks,250,61,False,76.7,80.8,72.7375
401574142,"March 07, 2024",UT Arlington Mavericks,250,71,False,71.84,79.8,73.60433333333334
401625509,"March 14, 2024",UT Arlington Mavericks,250,109,True,69.7,79.25,73.4940625
401594601,"November 06, 2023",UT Arlington Mavericks,250,75,False,70.77,0.0,0.0
401608794,"November 11, 2023",UT Arlington Mavericks,250,95,False,76.955,75.0,70.77
401602360,"November 22, 2023",UT Arlington Mavericks,250,82,False,65.025,85.0,73.8625
401598010,"November 25, 2023",UT Arlington Mavericks,250,66,False,72.515,84.0,70.91666666666667
401574044,"November 29, 2023",UT Arlington Mavericks,250,86,False,74.98,79.5,71.31625
401604763,"December 10, 2023",UT Martin Skyhawks,2630,110,False,86.77,99.66666666666667,90.36666666666667
401604764,"December 20, 2023",UT Martin Skyhawks,2630,78,False,72.49,102.25,89.4675
401587319,"February 15, 2024",UT Martin Skyhawks,2630,77,False,73.05,86.0,79.649
401587323,"February 17, 2024",UT Martin Skyhawks,2630,88,False,73.305,85.18181818181819,79.0490909090909
401587342,"February 29, 2024",UT Martin Skyhawks,2630,80,False,72.42,85.41666666666667,78.57041666666667
401587258,"January 04, 2024",UT Martin Skyhawks,2630,72,False,76.77,97.4,86.072
401587270,"January 11, 2024",UT Martin Skyhawks,2630,64,False,70.7,93.16666666666667,84.52166666666666
401587273,"January 13, 2024",UT Martin Skyhawks,2630,77,False,71.12,89.0,82.54714285714284
401587286,"January 25, 2024",UT Martin Skyhawks,2630,84,False,80.375,87.5,81.11875
401587289,"January 27, 2024",UT Martin Skyhawks,2630,76,False,67.165,87.11111111111111,81.03611111111111
401587347,"March 02, 2024",UT Martin Skyhawks,2630,96,False,76.19,85.0,78.0973076923077
401625578,"March 08, 2024",UT Martin Skyhawks,2630,78,True,77.235,85.78571428571429,77.96107142857143
401604760,"November 06, 2023",UT Martin Skyhawks,2630,104,False,92.42,0.0,0.0
401604761,"November 13, 2023",UT Martin Skyhawks,2630,90,False,85.445,104.0,92.42
401587113,"November 22, 2023",UT Martin Skyhawks,2630,105,False,93.235,97.0,88.9325
401604784,"December 15, 2023",UT Rio Grande Valley Vaqueros,292,76,False,79.33,82.25,78.40375
401604807,"December 30, 2023",UT Rio Grande Valley Vaqueros,292,77,False,75.095,81.0,78.589
401574114,"February 15, 2024",UT Rio Grande Valley Vaqueros,292,79,False,76.05,76.72727272727273,76.66454545454545
401574120,"February 17, 2024",UT Rio Grande Valley Vaqueros,292,70,False,76.235,76.91666666666667,76.61333333333333
401574056,"January 04, 2024",UT Rio Grande Valley Vaqueros,292,78,False,80.26,80.33333333333333,78.00666666666666
401574062,"January 11, 2024",UT Rio Grande Valley Vaqueros,292,81,False,83.305,80.0,78.32857142857142
401574070,"January 13, 2024",UT Rio Grande Valley Vaqueros,292,76,False,75.12,80.125,78.950625
401574081,"January 20, 2024",UT Rio Grande Valley Vaqueros,292,73,False,72.63,79.66666666666667,78.525
401574082,"January 25, 2024",UT Rio Grande Valley Vaqueros,292,54,False,63.955,79.0,77.9355
401574145,"March 07, 2024",UT Rio Grande Valley Vaqueros,292,74,False,76.095,76.38461538461539,76.58423076923077
401574189,"March 09, 2024",UT Rio Grande Valley Vaqueros,292,59,False,67.095,76.21428571428571,76.54928571428572
401608797,"November 06, 2023",UT Rio Grande Valley Vaqueros,292,110,False,89.77,0.0,0.0
401608798,"November 20, 2023",UT Rio Grande Valley Vaqueros,292,92,False,80.955,110.0,89.77
401604300,"November 25, 2023",UT Rio Grande Valley Vaqueros,292,58,True,67.7,101.0,85.3625
401574043,"November 29, 2023",UT Rio Grande Valley Vaqueros,292,69,False,75.19,86.66666666666667,79.47500000000001
401604333,"December 04, 2023",UTEP Miners,2638,90,False,68.63,93.2,80.175
401581562,"December 20, 2023",UTEP Miners,2638,67,False,67.12,92.66666666666667,78.25083333333333
401581564,"December 21, 2023",UTEP Miners,2638,78,False,72.725,89.0,76.66071428571429
401598980,"December 30, 2023",UTEP Miners,2638,61,False,70.91,87.625,76.16875
401573608,"February 01, 2024",UTEP Miners,2638,79,False,76.86500000000001,83.5,75.75291666666666
401573613,"February 03, 2024",UTEP Miners,2638,65,False,72.16499999999999,83.15384615384616,75.83846153846153
401573619,"February 10, 2024",UTEP Miners,2638,74,False,71.235,81.85714285714286,75.57607142857144
401573633,"February 22, 2024",UTEP Miners,2638,59,False,66.095,81.33333333333333,75.28666666666666
401573635,"February 24, 2024",UTEP Miners,2638,54,False,57.49,79.9375,74.7121875
401600247,"January 07, 2024",UTEP Miners,2638,74,False,72.63,84.66666666666667,75.58444444444444
401573595,"January 18, 2024",UTEP Miners,2638,73,False,71.63,83.6,75.289
401573598,"January 20, 2024",UTEP Miners,2638,93,False,84.515,82.63636363636364,74.95636363636363
401573646,"March 07, 2024",UTEP Miners,2638,83,False,81.375,78.41176470588235,73.69911764705883
401604330,"November 06, 2023",UTEP Miners,2638,120,False,96.84,0.0,0.0
401604331,"November 09, 2023",UTEP Miners,2638,123,False,84.235,120.0,96.84
401601134,"November 13, 2023",UTEP Miners,2638,89,False,76.05,121.5,90.5375
401597880,"November 17, 2023",UTEP Miners,2638,71,False,69.7,110.66666666666667,85.70833333333333
401604332,"November 29, 2023",UTEP Miners,2638,63,False,74.05,100.75,81.70625
401592097,"December 10, 2023",UTSA Roadrunners,2636,93,False,74.955,79.0,75.14750000000001
401584406,"December 21, 2023",UTSA Roadrunners,2636,53,False,66.56,81.8,75.10900000000001
401592100,"December 28, 2023",UTSA Roadrunners,2636,103,False,78.795,77.0,73.68416666666667
401602116,"February 03, 2024",UTSA Roadrunners,2636,76,False,69.63,81.0,75.20545454545454
401602126,"February 10, 2024",UTSA Roadrunners,2636,73,False,66.815,80.58333333333333,74.74083333333333
401602147,"February 21, 2024",UTSA Roadrunners,2636,61,False,76.305,80.0,74.13115384615385
401602160,"February 28, 2024",UTSA Roadrunners,2636,89,False,76.58500000000001,78.64285714285714,74.28642857142857
401602056,"January 02, 2024",UTSA Roadrunners,2636,76,False,76.165,80.71428571428571,74.41428571428571
401602076,"January 13, 2024",UTSA Roadrunners,2636,58,False,67.56,80.125,74.633125
401602093,"January 21, 2024",UTSA Roadrunners,2636,103,False,85.12,77.66666666666667,73.84722222222223
401602097,"January 24, 2024",UTSA Roadrunners,2636,89,False,77.515,80.2,74.9745
401602180,"March 10, 2024",UTSA Roadrunners,2636,82,False,70.025,79.33333333333333,74.43966666666667
401592091,"November 06, 2023",UTSA Roadrunners,2636,78,False,78.725,0.0,0.0
401592095,"November 24, 2023",UTSA Roadrunners,2636,62,False,67.025,78.0,78.725
401592096,"November 25, 2023",UTSA Roadrunners,2636,90,False,81.42,70.0,72.875
401581788,"November 30, 2023",UTSA Roadrunners,2636,86,False,73.42,76.66666666666667,75.72333333333334
401597413,"December 02, 2023",Utah State Aggies,328,79,False,66.025,89.0,72.31625
401597414,"December 06, 2023",Utah State Aggies,328,108,False,81.655,87.0,71.058
401611808,"December 09, 2023",Utah State Aggies,328,84,False,73.025,90.5,72.82416666666667
401597415,"December 16, 2023",Utah State Aggies,328,54,True,68.445,89.57142857142857,72.85285714285715
401597416,"December 22, 2023",Utah State Aggies,328,80,False,74.26,85.125,72.301875
401600799,"February 06, 2024",Utah State Aggies,328,63,False,70.375,83.53846153846153,71.68230769230769
401600800,"February 10, 2024",Utah State Aggies,328,80,False,66.095,82.07142857142857,71.58892857142857
401597946,"February 20, 2024",Utah State Aggies,328,68,False,65.025,81.93333333333334,71.22266666666668
401600793,"January 06, 2024",Utah State Aggies,328,77,False,71.305,84.55555555555556,72.51944444444445
401600794,"January 09, 2024",Utah State Aggies,328,83,False,66.49,83.8,72.398
401600796,"January 20, 2024",Utah State Aggies,328,83,False,72.095,83.72727272727273,71.86090909090909
401600798,"January 30, 2024",Utah State Aggies,328,82,False,69.305,83.66666666666667,71.88041666666668
401594458,"March 01, 2024",Utah State Aggies,328,72,False,66.375,81.0625,70.8353125
401600805,"March 09, 2024",Utah State Aggies,328,87,False,73.63,80.52941176470588,70.5729411764706
401625525,"March 14, 2024",Utah State Aggies,328,87,True,76.26,80.88888888888889,70.74277777777779
401625529,"March 15, 2024",Utah State Aggies,328,70,True,70.12,81.21052631578948,71.03315789473685
401597410,"November 06, 2023",Utah State Aggies,328,101,False,68.49000000000001,0.0,0.0
401597411,"November 14, 2023",Utah State Aggies,328,93,False,75.12,101.0,68.49000000000001
401581535,"November 19, 2023",Utah State Aggies,328,83,True,72.235,97.0,71.805
401581541,"November 21, 2023",Utah State Aggies,328,79,True,73.42,92.33333333333333,71.94833333333334
401574048,"December 02, 2023",Utah Tech Trailblazers,3101,65,False,69.515,0.0,0.0
401583741,"December 09, 2023",Utah Tech Trailblazers,3101,62,False,60.49,65.0,69.515
401591577,"December 16, 2023",Utah Tech Trailblazers,3101,62,False,71.305,63.5,65.0025
401591579,"December 30, 2023",Utah Tech Trailblazers,3101,96,False,90.12,63.0,67.10333333333334
401574094,"February 01, 2024",Utah Tech Trailblazers,3101,81,False,70.375,70.83333333333333,72.7975
401574099,"February 03, 2024",Utah Tech Trailblazers,3101,66,False,78.58500000000001,72.28571428571429,72.45142857142858
401574104,"February 08, 2024",Utah Tech Trailblazers,3101,70,False,74.305,71.5,73.218125
401574107,"February 10, 2024",Utah Tech Trailblazers,3101,85,False,70.515,71.33333333333333,73.3388888888889
401574116,"February 17, 2024",Utah Tech Trailblazers,3101,65,False,66.56,72.7,73.0565
401574135,"February 29, 2024",Utah Tech Trailblazers,3101,74,False,76.91,72.0,72.4659090909091
401574058,"January 06, 2024",Utah Tech Trailblazers,3101,65,False,72.84,71.25,72.8575
401574066,"January 11, 2024",Utah Tech Trailblazers,3101,75,False,72.515,70.0,72.854
401574140,"March 02, 2024",Utah Tech Trailblazers,3101,79,False,76.235,72.16666666666667,72.83625
401600086,"December 05, 2023",Utah Utes,254,88,False,74.235,82.0,73.281
401593954,"December 09, 2023",Utah Utes,254,73,False,68.955,83.0,73.44
401584455,"December 16, 2023",Utah Utes,254,76,False,72.42,81.57142857142857,72.79928571428572
401598963,"December 20, 2023",Utah Utes,254,85,False,74.21,80.875,72.751875
401607353,"December 29, 2023",Utah Utes,254,80,False,67.235,81.33333333333333,72.91388888888889
401607361,"December 31, 2023",Utah Utes,254,95,False,83.77,81.2,72.346
401607407,"February 03, 2024",Utah Utes,254,73,False,74.095,82.21428571428571,72.13142857142857
401607413,"February 08, 2024",Utah Utes,254,99,False,92.12,81.6,72.26233333333333
401607419,"February 10, 2024",Utah Utes,254,77,False,76.025,82.6875,73.5034375
401607466,"February 29, 2024",Utah Utes,254,90,False,68.955,82.3529411764706,73.65176470588234
401607375,"January 11, 2024",Utah Utes,254,90,False,68.49000000000001,82.45454545454545,73.38454545454546
401607385,"January 18, 2024",Utah Utes,254,74,False,65.235,83.08333333333333,72.97666666666667
401607464,"January 21, 2024",Utah Utes,254,80,False,68.885,82.38461538461539,72.38115384615385
401607439,"March 02, 2024",Utah Utes,254,88,False,71.49,82.77777777777777,73.39083333333333
401625476,"March 13, 2024",Utah Utes,254,90,True,78.235,83.05263157894737,73.29078947368421
401593969,"November 06, 2023",Utah Utes,254,101,False,78.885,0.0,0.0
401600085,"November 10, 2023",Utah Utes,254,82,False,72.025,101.0,78.885
401581548,"November 17, 2023",Utah Utes,254,66,True,69.84,91.5,75.45500000000001
401581551,"November 19, 2023",Utah Utes,254,82,True,77.56,83.0,73.58333333333333
401607331,"November 30, 2023",Utah Utes,254,79,True,68.095,82.75,74.5775
401584453,"December 05, 2023",Utah Valley Wolverines,3084,70,False,66.63,74.8,71.975
401584377,"December 20, 2023",Utah Valley Wolverines,3084,63,False,66.56,74.0,71.08416666666666
401574097,"February 03, 2024",Utah Valley Wolverines,3084,67,False,76.165,73.6,70.6585
401574103,"February 08, 2024",Utah Valley Wolverines,3084,61,False,72.7,73.0,71.1590909090909
401574109,"February 10, 2024",Utah Valley Wolverines,3084,74,False,71.63,72.0,71.28750000000001
401574124,"February 22, 2024",Utah Valley Wolverines,3084,70,False,69.35,72.15384615384616,71.31384615384616
401574129,"February 24, 2024",Utah Valley Wolverines,3084,71,False,67.025,72.0,71.17357142857144
401574053,"January 04, 2024",Utah Valley Wolverines,3084,65,False,64.515,72.42857142857143,70.43785714285714
401574059,"January 06, 2024",Utah Valley Wolverines,3084,80,False,71.63,71.5,69.6975
401574079,"January 20, 2024",Utah Valley Wolverines,3084,84,False,77.375,72.44444444444444,69.91222222222223
401574138,"March 02, 2024",Utah Valley Wolverines,3084,65,False,73.515,71.93333333333334,70.89699999999999
401625508,"March 13, 2024",Utah Valley Wolverines,3084,63,True,68.235,71.5,71.060625
401584449,"November 06, 2023",Utah Valley Wolverines,3084,81,False,77.58500000000001,0.0,0.0
401597419,"November 19, 2023",Utah Valley Wolverines,3084,67,True,70.84,81.0,77.58500000000001
401601482,"November 20, 2023",Utah Valley Wolverines,3084,61,True,69.095,74.0,74.2125
401584452,"November 24, 2023",Utah Valley Wolverines,3084,87,False,75.025,69.66666666666667,72.50666666666667
401574041,"November 29, 2023",Utah Valley Wolverines,3084,78,False,67.33,74.0,73.13625
401576141,"December 01, 2023",VCU Rams,2670,60,False,64.77000000000001,70.5,68.8325
401576142,"December 06, 2023",VCU Rams,2670,80,False,75.235,69.0,68.25214285714286
401576143,"December 10, 2023",VCU Rams,2670,86,False,67.165,70.375,69.125
401576144,"December 16, 2023",VCU Rams,2670,87,False,71.235,72.11111111111111,68.90722222222222
401576145,"December 22, 2023",VCU Rams,2670,75,False,65.77,73.6,69.14
401576146,"December 30, 2023",VCU Rams,2670,87,False,75.235,73.72727272727273,68.83363636363636
401596877,"February 03, 2024",VCU Rams,2670,63,False,68.095,76.0625,69.5171875
401596888,"February 09, 2024",VCU Rams,2670,49,False,62.63,75.29411764705883,69.4335294117647
401596921,"February 25, 2024",VCU Rams,2670,73,False,64.165,73.83333333333333,69.05555555555556
401596926,"February 28, 2024",VCU Rams,2670,88,False,72.235,73.78947368421052,68.79815789473685
401596815,"January 03, 2024",VCU Rams,2670,78,False,70.63,74.83333333333333,69.36708333333333
401596824,"January 06, 2024",VCU Rams,2670,82,False,69.77,75.07692307692308,69.46423076923077
401596847,"January 19, 2024",VCU Rams,2670,85,False,70.375,75.57142857142857,69.48607142857142
401596854,"January 23, 2024",VCU Rams,2670,74,False,69.095,76.2,69.54533333333333
401596936,"March 05, 2024",VCU Rams,2670,59,False,64.42,74.5,68.97
401625546,"March 13, 2024",VCU Rams,2670,69,True,64.86500000000001,73.76190476190476,68.75333333333333
401625553,"March 16, 2024",VCU Rams,2670,66,True,64.745,73.54545454545455,68.57659090909091
401625555,"March 17, 2024",VCU Rams,2670,51,True,62.49,73.21739130434783,68.41
401576137,"November 06, 2023",VCU Rams,2670,65,False,66.77,0.0,0.0
401576138,"November 10, 2023",VCU Rams,2670,75,False,73.375,65.0,66.77
401576139,"November 15, 2023",VCU Rams,2670,73,False,66.91,70.0,70.07249999999999
401576140,"November 18, 2023",VCU Rams,2670,60,False,66.165,71.0,69.01833333333333
401581335,"November 23, 2023",VCU Rams,2670,64,True,65.05,68.25,68.305
401581572,"November 26, 2023",VCU Rams,2670,86,True,74.725,67.4,67.654
401575396,"December 02, 2023",VMI Keydets,2678,71,False,71.745,93.5,77.06
401575397,"December 09, 2023",VMI Keydets,2678,69,False,65.63,86.0,75.28833333333334
401575400,"December 22, 2023",VMI Keydets,2678,82,False,73.21,81.75,72.87375
401587942,"February 08, 2024",VMI Keydets,2678,84,False,79.955,75.5,74.95750000000001
401587944,"February 10, 2024",VMI Keydets,2678,63,False,81.98,76.27272727272727,75.41181818181818
401587968,"February 24, 2024",VMI Keydets,2678,51,False,79.955,75.16666666666667,75.95916666666666
401587898,"January 06, 2024",VMI Keydets,2678,64,False,80.42,81.8,72.941
401587912,"January 17, 2024",VMI Keydets,2678,60,False,75.885,78.83333333333333,74.1875
401587917,"January 20, 2024",VMI Keydets,2678,70,False,72.235,76.14285714285714,74.42999999999999
401587922,"January 24, 2024",VMI Keydets,2678,73,False,77.42,75.375,74.155625
401587929,"January 31, 2024",VMI Keydets,2678,79,False,78.91,75.11111111111111,74.51833333333333
401587977,"March 02, 2024",VMI Keydets,2678,62,False,68.165,73.3076923076923,76.26653846153846
401575390,"November 09, 2023",VMI Keydets,2678,87,False,72.0,0.0,0.0
401575394,"November 25, 2023",VMI Keydets,2678,100,False,82.12,87.0,72.0
401594440,"December 16, 2023",Valparaiso Beacons,2674,62,False,61.77,71.5,71.39
401579106,"December 19, 2023",Valparaiso Beacons,2674,61,False,65.885,70.14285714285714,70.01571428571428
401601880,"February 03, 2024",Valparaiso Beacons,2674,62,False,66.025,69.58333333333333,69.79291666666667
401601891,"February 10, 2024",Valparaiso Beacons,2674,78,False,75.26,69.0,69.50307692307692
401601898,"February 14, 2024",Valparaiso Beacons,2674,67,False,66.49000000000001,69.64285714285714,69.91428571428571
401601910,"February 21, 2024",Valparaiso Beacons,2674,64,False,67.35,69.46666666666667,69.68599999999999
401601824,"January 03, 2024",Valparaiso Beacons,2674,61,False,73.095,69.0,69.499375
401601838,"January 10, 2024",Valparaiso Beacons,2674,68,False,65.16499999999999,68.11111111111111,69.89888888888889
401601855,"January 20, 2024",Valparaiso Beacons,2674,84,False,69.84,68.1,69.4255
401601868,"January 27, 2024",Valparaiso Beacons,2674,70,False,73.42,69.54545454545455,69.46318181818182
401601928,"March 03, 2024",Valparaiso Beacons,2674,75,False,63.21,69.125,69.54
401594436,"November 06, 2023",Valparaiso Beacons,2674,100,False,87.05,0.0,0.0
401594210,"November 10, 2023",Valparaiso Beacons,2674,56,False,67.49,100.0,87.05
401594190,"November 14, 2023",Valparaiso Beacons,2674,64,False,67.375,78.0,77.27
401594437,"November 21, 2023",Valparaiso Beacons,2674,73,False,67.49,73.33333333333333,73.97166666666666
401594438,"November 25, 2023",Valparaiso Beacons,2674,71,False,70.84,73.25,72.35125
401601812,"November 29, 2023",Valparaiso Beacons,2674,65,False,68.095,72.8,72.049
401594553,"December 02, 2023",Vanderbilt Commodores,238,78,False,73.7,70.83333333333333,69.47500000000001
401594554,"December 06, 2023",Vanderbilt Commodores,238,60,False,61.815,71.85714285714286,70.07857142857144
401583810,"December 19, 2023",Vanderbilt Commodores,238,62,False,71.235,70.375,69.045625
401594555,"December 30, 2023",Vanderbilt Commodores,238,69,False,67.28,69.44444444444444,69.28888888888889
401597169,"February 03, 2024",Vanderbilt Commodores,238,68,False,61.885000000000005,68.92307692307692,68.72307692307692
401597171,"February 06, 2024",Vanderbilt Commodores,238,77,False,74.42,68.85714285714286,68.23464285714286
401597183,"February 13, 2024",Vanderbilt Commodores,238,74,False,60.095,69.4,68.64699999999999
401597199,"February 21, 2024",Vanderbilt Commodores,238,64,False,62.955,69.6875,68.1125
401597112,"January 06, 2024",Vanderbilt Commodores,238,75,False,73.7,69.4,69.088
401597135,"January 17, 2024",Vanderbilt Commodores,238,65,False,67.05,69.9090909090909,69.50727272727273
401597156,"January 27, 2024",Vanderbilt Commodores,238,62,False,61.77,69.5,69.3025
401597220,"March 02, 2024",Vanderbilt Commodores,238,61,False,64.375,69.3529411764706,67.80911764705883
401597234,"March 09, 2024",Vanderbilt Commodores,238,79,False,74.7,68.88888888888889,67.61833333333334
401594069,"November 07, 2023",Vanderbilt Commodores,238,62,False,70.445,0.0,0.0
401594551,"November 10, 2023",Vanderbilt Commodores,238,74,False,62.955,62.0,70.445
401594552,"November 14, 2023",Vanderbilt Commodores,238,74,False,67.745,68.0,66.69999999999999
401574410,"November 17, 2023",Vanderbilt Commodores,238,75,False,69.235,70.0,67.04833333333333
401582151,"November 23, 2023",Vanderbilt Commodores,238,78,True,82.235,71.25,67.595
401574558,"November 29, 2023",Vanderbilt Commodores,238,62,False,64.235,72.6,70.523
401587188,"December 02, 2023",Vermont Catamounts,261,66,False,62.375,80.4,64.82000000000001
401597869,"December 09, 2023",Vermont Catamounts,261,71,False,63.42,78.0,64.41250000000001
401581208,"February 01, 2024",Vermont Catamounts,261,81,False,73.235,75.7,64.876
401581213,"February 03, 2024",Vermont Catamounts,261,62,False,58.21,76.18181818181819,65.6359090909091
401581227,"February 15, 2024",Vermont Catamounts,261,70,False,69.63,75.0,65.01708333333333
401581237,"February 24, 2024",Vermont Catamounts,261,65,False,69.49,74.61538461538461,65.37192307692308
401581182,"January 06, 2024",Vermont Catamounts,261,65,False,67.165,77.0,64.27071428571428
401581186,"January 11, 2024",Vermont Catamounts,261,77,False,68.07,75.5,64.6325
401581191,"January 13, 2024",Vermont Catamounts,261,76,False,63.63,75.66666666666667,65.01444444444445
401581247,"March 02, 2024",Vermont Catamounts,261,74,False,65.91,73.92857142857143,65.66607142857143
401625605,"March 09, 2024",Vermont Catamounts,261,75,False,65.35,73.93333333333334,65.68233333333333
401625606,"March 12, 2024",Vermont Catamounts,261,66,False,71.025,74.0,65.6615625
401625608,"March 16, 2024",Vermont Catamounts,261,66,False,65.515,73.52941176470588,65.9770588235294
401583784,"November 06, 2023",Vermont Catamounts,261,67,False,56.955,0.0,0.0
401597846,"November 11, 2023",Vermont Catamounts,261,92,False,65.49,67.0,56.955
401581142,"November 16, 2023",Vermont Catamounts,261,73,True,68.165,79.5,61.2225
401597847,"November 22, 2023",Vermont Catamounts,261,106,False,70.815,77.33333333333333,63.53666666666667
401597848,"November 29, 2023",Vermont Catamounts,261,64,False,62.675,84.5,65.35625
401604303,"December 02, 2023",Villanova Wildcats,222,55,True,58.605,76.5,67.61833333333334
401575804,"December 09, 2023",Villanova Wildcats,222,65,False,63.21,73.42857142857143,66.33071428571428
401599517,"February 04, 2024",Villanova Wildcats,222,68,False,62.955,73.46153846153847,66.63346153846155
401599527,"February 11, 2024",Villanova Wildcats,222,80,False,64.21000000000001,73.07142857142857,66.37071428571429
401599539,"February 20, 2024",Villanova Wildcats,222,72,False,60.35,73.53333333333333,66.22666666666666
401599548,"February 27, 2024",Villanova Wildcats,222,75,False,61.49,73.4375,65.859375
401599473,"January 03, 2024",Villanova Wildcats,222,66,False,65.63,72.375,65.940625
401599478,"January 06, 2024",Villanova Wildcats,222,71,False,75.235,71.66666666666667,65.9061111111111
401599484,"January 12, 2024",Villanova Wildcats,222,94,False,66.235,71.6,66.839
401599498,"January 20, 2024",Villanova Wildcats,222,65,False,60.095,73.63636363636364,66.7840909090909
401599510,"January 30, 2024",Villanova Wildcats,222,80,False,71.515,72.91666666666667,66.22666666666667
401599565,"March 09, 2024",Villanova Wildcats,222,67,False,66.14,73.52941176470588,65.60235294117648
401625558,"March 13, 2024",Villanova Wildcats,222,58,True,62.21,73.16666666666667,65.63222222222223
401584356,"November 06, 2023",Villanova Wildcats,222,90,False,69.56,0.0,0.0
401584357,"November 10, 2023",Villanova Wildcats,222,83,False,65.35,90.0,69.56
401574576,"November 17, 2023",Villanova Wildcats,222,57,False,59.56,86.5,67.455
401580923,"November 22, 2023",Villanova Wildcats,222,85,True,74.12,76.66666666666667,64.82333333333334
401581523,"November 24, 2023",Villanova Wildcats,222,79,True,70.63,78.75,67.14750000000001
401577546,"November 29, 2023",Villanova Wildcats,222,65,False,66.49000000000001,78.8,67.84400000000001
401604093,"December 02, 2023",Virginia Cavaliers,258,84,False,65.025,63.0,61.82333333333333
401575430,"December 05, 2023",Virginia Cavaliers,258,77,False,62.28,66.0,62.28071428571429
401575431,"December 16, 2023",Virginia Cavaliers,258,56,False,62.605,67.375,62.280625
401575433,"December 27, 2023",Virginia Cavaliers,258,79,False,61.885000000000005,66.11111111111111,62.31666666666667
401604169,"February 05, 2024",Virginia Cavaliers,258,60,False,56.21,67.14285714285714,62.07607142857143
401604184,"February 13, 2024",Virginia Cavaliers,258,63,False,60.885,66.66666666666667,61.684999999999995
401604191,"February 17, 2024",Virginia Cavaliers,258,49,False,59.675,66.4375,61.635
401604205,"February 24, 2024",Virginia Cavaliers,258,44,False,61.025000000000006,65.41176470588235,61.519705882352945
401604105,"January 03, 2024",Virginia Cavaliers,258,77,False,57.35,67.4,62.2735
401604133,"January 17, 2024",Virginia Cavaliers,258,65,False,64.56,68.27272727272727,61.82590909090909
401604147,"January 24, 2024",Virginia Cavaliers,258,59,False,68.21,68.0,62.05375
401604161,"January 31, 2024",Virginia Cavaliers,258,65,False,56.21,67.3076923076923,62.527307692307694
401604236,"March 09, 2024",Virginia Cavaliers,258,72,False,60.14,64.22222222222223,61.49222222222222
401625410,"March 14, 2024",Virginia Cavaliers,258,66,True,63.14,64.63157894736842,61.421052631578945
401625412,"March 15, 2024",Virginia Cavaliers,258,65,True,67.885,64.7,61.507000000000005
401575425,"November 06, 2023",Virginia Cavaliers,258,80,False,68.235,0.0,0.0
401575427,"November 14, 2023",Virginia Cavaliers,258,80,False,64.42,80.0,68.235
401575428,"November 16, 2023",Virginia Cavaliers,258,62,False,60.235,80.0,66.3275
401575429,"November 20, 2023",Virginia Cavaliers,258,41,True,55.28,74.0,64.29666666666667
401603134,"November 22, 2023",Virginia Cavaliers,258,56,True,63.56,65.75,62.042500000000004
401574553,"November 29, 2023",Virginia Cavaliers,258,59,False,59.21,63.8,62.346000000000004
401604095,"December 03, 2023",Virginia Tech Hokies,259,75,False,71.63,76.83333333333333,70.90166666666666
401584332,"December 09, 2023",Virginia Tech Hokies,259,71,False,64.63,76.57142857142857,71.00571428571428
401584333,"December 16, 2023",Virginia Tech Hokies,259,73,False,66.815,75.875,70.20875
401584334,"December 21, 2023",Virginia Tech Hokies,259,77,False,58.42,75.55555555555556,69.83166666666666
401604185,"February 13, 2024",Virginia Tech Hokies,259,83,False,67.515,76.6,68.00033333333333
401604197,"February 19, 2024",Virginia Tech Hokies,259,75,False,60.745,77.0,67.97
401604119,"January 10, 2024",Virginia Tech Hokies,259,87,False,66.49,75.7,68.6905
401604125,"January 13, 2024",Virginia Tech Hokies,259,71,False,68.21000000000001,76.72727272727273,68.49045454545454
401604145,"January 23, 2024",Virginia Tech Hokies,259,76,False,67.56,76.25,68.46708333333333
401604149,"January 27, 2024",Virginia Tech Hokies,259,91,False,65.49,76.23076923076923,68.39730769230769
401604155,"January 29, 2024",Virginia Tech Hokies,259,67,False,65.35,77.28571428571429,68.18964285714286
401604224,"March 02, 2024",Virginia Tech Hokies,259,87,False,67.88499999999999,76.88235294117646,67.54499999999999
401604237,"March 09, 2024",Virginia Tech Hokies,259,82,False,68.84,77.44444444444444,67.56388888888888
401625403,"March 13, 2024",Virginia Tech Hokies,259,76,True,71.05,77.6842105263158,67.63105263157895
401584329,"November 06, 2023",Virginia Tech Hokies,259,100,False,75.63,0.0,0.0
401584330,"November 15, 2023",Virginia Tech Hokies,259,60,False,61.56,100.0,75.63
401584331,"November 19, 2023",Virginia Tech Hokies,259,98,False,73.91,80.0,68.595
401581336,"November 23, 2023",Virginia Tech Hokies,259,82,True,74.445,86.0,70.36666666666666
401581566,"November 24, 2023",Virginia Tech Hokies,259,71,True,67.91,85.0,71.38624999999999
401581569,"November 26, 2023",Virginia Tech Hokies,259,50,True,71.955,82.2,70.691
401589467,"December 10, 2023",Wagner Seahawks,2681,59,False,63.49,73.5,65.6425
401589468,"December 22, 2023",Wagner Seahawks,2681,98,False,69.815,68.66666666666667,64.925
401589475,"February 01, 2024",Wagner Seahawks,2681,80,False,64.885,69.0,63.61642857142857
401589477,"February 17, 2024",Wagner Seahawks,2681,53,False,65.235,70.375,63.775000000000006
401589478,"February 22, 2024",Wagner Seahawks,2681,72,False,68.445,68.44444444444444,63.93722222222223
401589479,"February 25, 2024",Wagner Seahawks,2681,72,False,66.98,68.8,64.388
401589387,"January 06, 2024",Wagner Seahawks,2681,71,False,60.955,76.0,66.14750000000001
401589452,"January 15, 2024",Wagner Seahawks,2681,64,False,61.21,75.0,65.10900000000001
401589473,"January 25, 2024",Wagner Seahawks,2681,44,False,58.56,73.16666666666667,64.45916666666666
401589481,"March 02, 2024",Wagner Seahawks,2681,54,False,63.745,69.0909090909091,64.62363636363636
401589463,"November 09, 2023",Wagner Seahawks,2681,83,False,69.7,0.0,0.0
401589464,"November 25, 2023",Wagner Seahawks,2681,64,False,61.585,83.0,69.7
401581091,"December 06, 2023",Wake Forest Demon Deacons,154,76,False,64.88499999999999,79.16666666666667,71.27333333333333
401581092,"December 09, 2023",Wake Forest Demon Deacons,154,83,False,66.745,78.71428571428571,70.36071428571428
401581093,"December 18, 2023",Wake Forest Demon Deacons,154,88,False,73.955,79.25,69.90875
401581094,"December 21, 2023",Wake Forest Demon Deacons,154,91,False,68.56,80.22222222222223,70.35833333333333
401604098,"December 30, 2023",Wake Forest Demon Deacons,154,86,False,74.49000000000001,81.3,70.1785
401604168,"February 03, 2024",Wake Forest Demon Deacons,154,99,False,74.84,81.5,70.43857142857142
401604177,"February 10, 2024",Wake Forest Demon Deacons,154,83,False,74.235,82.66666666666667,70.732
401604198,"February 20, 2024",Wake Forest Demon Deacons,154,91,False,65.165,82.6875,70.95093750000001
401604210,"February 24, 2024",Wake Forest Demon Deacons,154,83,False,62.7,83.17647058823529,70.61058823529413
401604112,"January 06, 2024",Wake Forest Demon Deacons,154,86,False,75.235,81.72727272727273,70.57045454545454
401604126,"January 13, 2024",Wake Forest Demon Deacons,154,66,False,65.745,82.08333333333333,70.95916666666666
401604135,"January 20, 2024",Wake Forest Demon Deacons,154,90,False,68.885,80.84615384615384,70.55807692307692
401604230,"March 05, 2024",Wake Forest Demon Deacons,154,69,False,65.07,83.16666666666667,70.1711111111111
401604238,"March 09, 2024",Wake Forest Demon Deacons,154,81,False,68.56,82.42105263157895,69.90263157894738
401625404,"March 13, 2024",Wake Forest Demon Deacons,154,72,True,61.98,82.35,69.8355
401581088,"November 06, 2023",Wake Forest Demon Deacons,154,101,False,75.56,0.0,0.0
401581344,"November 16, 2023",Wake Forest Demon Deacons,154,70,True,66.21000000000001,101.0,75.56
401581547,"November 17, 2023",Wake Forest Demon Deacons,154,71,True,60.095,85.5,70.885
401581550,"November 19, 2023",Wake Forest Demon Deacons,154,80,True,79.7,80.66666666666667,67.28833333333334
401581090,"November 24, 2023",Wake Forest Demon Deacons,154,71,False,66.56,80.5,70.39125
401574554,"November 29, 2023",Wake Forest Demon Deacons,154,82,False,79.515,78.6,69.625
401581176,"December 05, 2023",Washington Huskies,264,85,False,72.77,81.25,73.52
401581779,"December 09, 2023",Washington Huskies,264,78,False,76.375,82.0,73.36999999999999
401581781,"December 21, 2023",Washington Huskies,264,73,False,76.515,81.33333333333333,73.87083333333332
401607408,"February 03, 2024",Washington Huskies,264,87,False,72.955,81.25,73.00041666666667
401607458,"February 15, 2024",Washington Huskies,264,85,False,76.35,81.6923076923077,72.99692307692308
401607424,"February 17, 2024",Washington Huskies,264,80,False,75.7,81.92857142857143,73.23642857142856
401607455,"February 29, 2024",Washington Huskies,264,94,False,68.025,81.8,73.40066666666667
401607365,"January 04, 2024",Washington Huskies,264,74,False,67.955,80.14285714285714,74.24857142857142
401607463,"January 06, 2024",Washington Huskies,264,79,False,67.025,79.375,73.46187499999999
401607377,"January 11, 2024",Washington Huskies,264,82,False,72.235,79.33333333333333,72.74666666666667
401607393,"January 24, 2024",Washington Huskies,264,81,False,74.63,79.6,72.6955
401607401,"January 27, 2024",Washington Huskies,264,98,False,74.42,79.72727272727273,72.87136363636364
401607454,"March 02, 2024",Washington Huskies,264,75,False,69.56,82.5625,73.0646875
401625473,"March 13, 2024",Washington Huskies,264,74,True,73.025,82.11764705882354,72.8585294117647
401581774,"November 06, 2023",Washington Huskies,264,91,False,73.955,0.0,0.0
401581775,"November 09, 2023",Washington Huskies,264,75,False,72.445,91.0,73.955
401581776,"November 12, 2023",Washington Huskies,264,76,False,74.91,83.0,73.19999999999999
401581777,"November 28, 2023",Washington Huskies,264,83,True,72.77,80.66666666666667,73.77
401580931,"December 02, 2023",Washington State Cougars,265,71,False,70.63,84.0,69.00699999999999
401580932,"December 06, 2023",Washington State Cougars,265,86,False,65.885,81.83333333333333,69.27749999999999
401580933,"December 10, 2023",Washington State Cougars,265,83,False,68.91,82.42857142857143,68.79285714285714
401580934,"December 21, 2023",Washington State Cougars,265,66,True,70.955,82.5,68.8075
401607422,"February 15, 2024",Washington State Cougars,265,84,False,66.7,78.92857142857143,68.01392857142856
401607281,"February 17, 2024",Washington State Cougars,265,72,False,62.35,79.26666666666667,67.92633333333333
401607451,"February 29, 2024",Washington State Cougars,265,75,False,68.095,78.8125,67.5778125
401607368,"January 04, 2024",Washington State Cougars,265,65,False,63.445,80.66666666666667,69.0461111111111
401607447,"January 06, 2024",Washington State Cougars,265,84,False,65.49000000000001,79.1,68.486
401607378,"January 13, 2024",Washington State Cougars,265,73,False,69.235,79.54545454545455,68.21363636363637
401607453,"January 24, 2024",Washington State Cougars,265,79,False,64.84,79.0,68.29875
401607397,"January 27, 2024",Washington State Cougars,265,78,False,67.77,79.0,68.0326923076923
401607449,"March 02, 2024",Washington State Cougars,265,77,False,60.885,78.58823529411765,67.60823529411765
401607441,"March 07, 2024",Washington State Cougars,265,68,False,75.095,78.5,67.23472222222222
401625479,"March 14, 2024",Washington State Cougars,265,79,True,68.49,77.94736842105263,67.64842105263158
401625482,"March 15, 2024",Washington State Cougars,265,52,True,60.745,78.0,67.6905
401580926,"November 06, 2023",Washington State Cougars,265,84,False,68.515,0.0,0.0
401580927,"November 10, 2023",Washington State Cougars,265,83,False,73.235,84.0,68.515
401581592,"November 19, 2023",Washington State Cougars,265,78,True,65.42,83.5,70.875
401580929,"November 24, 2023",Washington State Cougars,265,93,False,70.095,81.66666666666667,69.05666666666667
401580930,"November 27, 2023",Washington State Cougars,265,82,False,67.77,84.5,69.31625
401602635,"December 09, 2023",Weber State Wildcats,2692,78,False,66.88499999999999,92.66666666666667,75.645
401604449,"December 21, 2023",Weber State Wildcats,2692,90,False,75.745,89.0,73.455
401573388,"December 28, 2023",Weber State Wildcats,2692,93,False,74.165,89.2,73.913
401573392,"December 30, 2023",Weber State Wildcats,2692,86,False,68.49,89.83333333333333,73.955
401573437,"February 08, 2024",Weber State Wildcats,2692,84,False,74.05,84.54545454545455,71.17727272727274
401573442,"February 10, 2024",Weber State Wildcats,2692,58,False,58.35,84.5,71.41666666666667
401573356,"February 29, 2024",Weber State Wildcats,2692,85,False,78.91,82.46153846153847,70.41153846153847
401580029,"January 03, 2024",Weber State Wildcats,2692,75,False,63.955,89.28571428571429,73.17428571428572
401573403,"January 18, 2024",Weber State Wildcats,2692,78,False,71.63,87.5,72.021875
401573408,"January 20, 2024",Weber State Wildcats,2692,88,False,66.375,86.44444444444444,71.97833333333332
401573420,"January 27, 2024",Weber State Wildcats,2692,64,False,68.77000000000001,86.6,71.41799999999999
401573464,"March 02, 2024",Weber State Wildcats,2692,85,False,70.025,82.64285714285714,71.01857142857143
401625613,"March 11, 2024",Weber State Wildcats,2692,82,True,73.63,82.8,70.95233333333334
401604386,"November 07, 2023",Weber State Wildcats,2692,96,False,73.095,0.0,0.0
401581513,"November 18, 2023",Weber State Wildcats,2692,75,True,73.7,96.0,73.095
401604387,"November 27, 2023",Weber State Wildcats,2692,107,False,80.14,85.5,73.39750000000001
401574564,"December 01, 2023",West Virginia Mountaineers,277,73,False,68.005,64.4,66.974
401575473,"December 06, 2023",West Virginia Mountaineers,277,63,False,66.63,65.83333333333333,67.14583333333333
401575474,"December 09, 2023",West Virginia Mountaineers,277,66,False,66.14,65.42857142857143,67.07214285714285
401575476,"December 20, 2023",West Virginia Mountaineers,277,65,False,71.095,65.5,66.955625
401575477,"December 23, 2023",West Virginia Mountaineers,277,91,False,74.98,65.44444444444444,67.41555555555556
401603458,"February 03, 2024",West Virginia Mountaineers,277,73,False,72.49,70.21428571428571,69.06214285714286
401603482,"February 17, 2024",West Virginia Mountaineers,277,81,False,71.445,70.4,69.29066666666668
401603486,"February 20, 2024",West Virginia Mountaineers,277,77,False,73.91,71.0625,69.4253125
401603409,"January 09, 2024",West Virginia Mountaineers,277,67,False,68.305,68.0,68.172
401603418,"January 13, 2024",West Virginia Mountaineers,277,76,False,77.235,67.9090909090909,68.18409090909091
401603432,"January 20, 2024",West Virginia Mountaineers,277,91,False,71.63,68.58333333333333,68.93833333333333
401603451,"January 31, 2024",West Virginia Mountaineers,277,69,False,67.98,70.3076923076923,69.14538461538461
401603509,"March 02, 2024",West Virginia Mountaineers,277,70,False,69.28,71.41176470588235,69.68911764705882
401603516,"March 06, 2024",West Virginia Mountaineers,277,81,False,77.19,71.33333333333333,69.66638888888889
401575469,"November 06, 2023",West Virginia Mountaineers,277,67,False,65.7,0.0,0.0
401575470,"November 10, 2023",West Virginia Mountaineers,277,65,False,72.305,67.0,65.7
401575471,"November 14, 2023",West Virginia Mountaineers,277,70,False,65.375,66.0,69.0025
401575489,"November 20, 2023",West Virginia Mountaineers,277,58,True,65.21000000000001,67.33333333333333,67.79333333333334
401575472,"November 26, 2023",West Virginia Mountaineers,277,62,False,66.28,65.0,67.14750000000001
401583808,"December 09, 2023",Western Carolina Catamounts,2717,78,False,66.28,87.66666666666667,70.715
401583811,"December 21, 2023",Western Carolina Catamounts,2717,85,False,72.63,85.25,69.60625
401583812,"December 30, 2023",Western Carolina Catamounts,2717,90,False,76.56,85.2,70.211
401587939,"February 07, 2024",Western Carolina Catamounts,2717,71,False,65.42,84.18181818181819,72.45227272727273
401587945,"February 10, 2024",Western Carolina Catamounts,2717,79,False,69.49,83.08333333333333,71.86625
401587954,"February 17, 2024",Western Carolina Catamounts,2717,70,False,65.165,82.76923076923077,71.68346153846154
401587972,"February 28, 2024",Western Carolina Catamounts,2717,85,False,69.7,81.85714285714286,71.21785714285714
401587894,"January 06, 2024",Western Carolina Catamounts,2717,70,False,67.025,86.0,71.26916666666666
401587909,"January 16, 2024",Western Carolina Catamounts,2717,71,False,70.095,83.71428571428571,70.66285714285713
401587919,"January 24, 2024",Western Carolina Catamounts,2717,82,False,74.91,82.125,70.591875
401587926,"January 27, 2024",Western Carolina Catamounts,2717,102,False,86.165,82.11111111111111,71.07166666666666
401587930,"January 31, 2024",Western Carolina Catamounts,2717,85,False,71.16499999999999,84.1,72.581
401625583,"March 09, 2024",Western Carolina Catamounts,2717,76,True,71.56,82.06666666666666,71.11666666666666
401583802,"November 07, 2023",Western Carolina Catamounts,2717,106,False,80.56,0.0,0.0
401579005,"November 18, 2023",Western Carolina Catamounts,2717,76,False,61.63,106.0,80.56
401583804,"November 26, 2023",Western Carolina Catamounts,2717,81,False,69.955,91.0,71.095
401594476,"December 03, 2023",Western Illinois Leathernecks,2710,68,False,75.63,91.33333333333333,77.095
401594477,"December 06, 2023",Western Illinois Leathernecks,2710,80,False,72.21,85.5,76.72874999999999
401594478,"December 18, 2023",Western Illinois Leathernecks,2710,92,False,79.35,84.4,75.825
401587307,"February 08, 2024",Western Illinois Leathernecks,2710,60,False,65.42,78.55555555555556,72.05611111111111
401587314,"February 10, 2024",Western Illinois Leathernecks,2710,59,False,66.35,76.7,71.3925
401587330,"February 22, 2024",Western Illinois Leathernecks,2710,57,False,66.095,75.0909090909091,70.93409090909091
401587336,"February 24, 2024",Western Illinois Leathernecks,2710,82,False,73.77,73.58333333333333,70.53083333333333
401587338,"February 29, 2024",Western Illinois Leathernecks,2710,70,False,69.42,74.23076923076923,70.78
401587261,"January 04, 2024",Western Illinois Leathernecks,2710,68,False,65.445,85.66666666666667,76.4125
401587264,"January 06, 2024",Western Illinois Leathernecks,2710,68,False,63.025000000000006,83.14285714285714,74.84571428571428
401587283,"January 20, 2024",Western Illinois Leathernecks,2710,57,False,61.56,81.25,73.36812499999999
401587346,"March 02, 2024",Western Illinois Leathernecks,2710,76,False,70.58500000000001,73.92857142857143,70.68285714285715
401625575,"March 07, 2024",Western Illinois Leathernecks,2710,61,True,71.515,74.06666666666666,70.67633333333333
401594473,"November 12, 2023",Western Illinois Leathernecks,2710,94,False,80.815,0.0,0.0
401594474,"November 17, 2023",Western Illinois Leathernecks,2710,88,False,83.19,94.0,80.815
401594475,"November 30, 2023",Western Illinois Leathernecks,2710,92,False,67.28,91.0,82.0025
401598955,"December 03, 2023",Western Kentucky Hilltoppers,98,79,False,78.165,85.0,80.19300000000001
401597884,"December 16, 2023",Western Kentucky Hilltoppers,98,65,False,66.63,84.0,79.855
401598957,"December 30, 2023",Western Kentucky Hilltoppers,98,86,False,78.815,81.28571428571429,77.96571428571428
401573610,"February 01, 2024",Western Kentucky Hilltoppers,98,77,False,70.885,82.72727272727273,78.65545454545455
401573615,"February 03, 2024",Western Kentucky Hilltoppers,98,88,False,73.77,82.25,78.00791666666667
401573623,"February 15, 2024",Western Kentucky Hilltoppers,98,90,False,81.77,82.6923076923077,77.68192307692308
401573628,"February 17, 2024",Western Kentucky Hilltoppers,98,72,False,65.095,83.21428571428571,77.97392857142857
401573639,"February 28, 2024",Western Kentucky Hilltoppers,98,84,False,77.375,82.46666666666667,77.11533333333334
401573583,"January 06, 2024",Western Kentucky Hilltoppers,98,70,False,81.235,81.875,78.071875
401573592,"January 13, 2024",Western Kentucky Hilltoppers,98,80,False,73.165,80.55555555555556,78.42333333333333
401573603,"January 25, 2024",Western Kentucky Hilltoppers,98,105,False,86.235,80.5,77.89750000000001
401625488,"March 14, 2024",Western Kentucky Hilltoppers,98,89,True,73.58500000000001,82.5625,77.1315625
401625490,"March 15, 2024",Western Kentucky Hilltoppers,98,85,True,78.955,82.94117647058823,76.92294117647059
401625491,"March 16, 2024",Western Kentucky Hilltoppers,98,78,True,78.77,83.05555555555556,77.03583333333333
401598952,"November 06, 2023",Western Kentucky Hilltoppers,98,90,False,76.84,0.0,0.0
401598953,"November 18, 2023",Western Kentucky Hilltoppers,98,95,False,90.095,90.0,76.84
401608089,"November 24, 2023",Western Kentucky Hilltoppers,98,72,True,82.515,92.5,83.4675
401593935,"November 26, 2023",Western Kentucky Hilltoppers,98,67,True,69.42,85.66666666666667,83.14999999999999
401598954,"November 29, 2023",Western Kentucky Hilltoppers,98,101,False,82.095,81.0,79.7175
401581765,"December 01, 2023",Western Michigan Broncos,2711,51,False,65.235,71.5,69.88
401581767,"December 09, 2023",Western Michigan Broncos,2711,68,False,69.235,67.4,68.951
401581769,"December 29, 2023",Western Michigan Broncos,2711,127,False,75.56,67.5,68.99833333333333
401588668,"February 03, 2024",Western Michigan Broncos,2711,67,False,69.58500000000001,76.0,70.84818181818183
401588688,"February 20, 2024",Western Michigan Broncos,2711,77,False,71.025,75.25,70.74291666666666
401588693,"February 24, 2024",Western Michigan Broncos,2711,91,False,77.165,75.38461538461539,70.76461538461538
401588629,"January 09, 2024",Western Michigan Broncos,2711,95,False,83.14500000000001,76.0,69.93571428571428
401588636,"January 13, 2024",Western Michigan Broncos,2711,81,False,69.515,78.375,71.586875
401588650,"January 23, 2024",Western Michigan Broncos,2711,73,False,68.63,78.66666666666667,71.35666666666667
401588656,"January 27, 2024",Western Michigan Broncos,2711,55,False,68.49,78.1,71.084
401588710,"March 05, 2024",Western Michigan Broncos,2711,65,False,66.955,76.5,71.22178571428572
401588716,"March 08, 2024",Western Michigan Broncos,2711,90,False,72.49,75.73333333333333,70.93733333333333
401581763,"November 06, 2023",Western Michigan Broncos,2711,76,False,76.42,0.0,0.0
401574588,"November 11, 2023",Western Michigan Broncos,2711,70,False,70.515,76.0,76.42
401581764,"November 24, 2023",Western Michigan Broncos,2711,68,True,67.955,73.0,73.4675
401582163,"November 25, 2023",Western Michigan Broncos,2711,72,True,64.63,71.33333333333333,71.63
401577588,"December 09, 2023",Wichita State Shockers,2724,69,True,74.7,81.66666666666667,72.95583333333333
401577589,"December 16, 2023",Wichita State Shockers,2724,69,False,61.025000000000006,79.85714285714286,73.205
401602122,"February 07, 2024",Wichita State Shockers,2724,84,False,74.025,75.41666666666667,70.55624999999999
401602131,"February 11, 2024",Wichita State Shockers,2724,82,False,79.77,76.07692307692308,70.82307692307693
401602148,"February 21, 2024",Wichita State Shockers,2724,79,False,79.77,76.5,71.46214285714287
401602156,"February 25, 2024",Wichita State Shockers,2724,66,False,74.58500000000001,76.66666666666667,72.016
401602061,"January 04, 2024",Wichita State Shockers,2724,62,False,67.235,78.5,71.6825
401602079,"January 14, 2024",Wichita State Shockers,2724,86,False,74.42,76.66666666666667,71.18833333333333
401602098,"January 24, 2024",Wichita State Shockers,2724,52,False,64.28,77.6,71.5115
401602106,"January 28, 2024",Wichita State Shockers,2724,77,False,67.28,75.27272727272727,70.85409090909091
401602166,"March 02, 2024",Wichita State Shockers,2724,87,False,68.955,76.0,72.1765625
401625460,"March 13, 2024",Wichita State Shockers,2724,88,True,64.165,76.6470588235294,71.98705882352941
401577582,"November 06, 2023",Wichita State Shockers,2724,76,False,71.095,0.0,0.0
401577583,"November 09, 2023",Wichita State Shockers,2724,71,False,78.91,76.0,71.095
401577584,"November 12, 2023",Wichita State Shockers,2724,95,False,74.63,73.5,75.0025
401582115,"November 19, 2023",Wichita State Shockers,2724,88,True,79.63,80.66666666666667,74.87833333333333
401577585,"November 25, 2023",Wichita State Shockers,2724,80,False,66.375,82.5,76.06625
401577586,"November 29, 2023",Wichita State Shockers,2724,80,False,67.095,82.0,74.128
401581860,"December 06, 2023",William & Mary Tribe,2729,84,False,66.445,78.75,70.65875
401594153,"December 10, 2023",William & Mary Tribe,2729,99,False,76.305,79.8,69.816
401600696,"February 01, 2024",William & Mary Tribe,2729,53,False,63.35,75.3,68.651
401600702,"February 03, 2024",William & Mary Tribe,2729,83,False,73.91,73.27272727272727,68.16909090909091
401600728,"February 15, 2024",William & Mary Tribe,2729,52,False,58.165,74.08333333333333,68.6475
401600742,"February 22, 2024",William & Mary Tribe,2729,65,False,61.7,72.38461538461539,67.84115384615384
401600621,"January 04, 2024",William & Mary Tribe,2729,77,False,65.77000000000001,83.0,70.8975
401600649,"January 06, 2024",William & Mary Tribe,2729,55,False,64.235,82.14285714285714,70.16499999999999
401600664,"January 13, 2024",William & Mary Tribe,2729,59,False,69.235,78.75,69.42375
401600667,"January 18, 2024",William & Mary Tribe,2729,64,False,61.885,76.55555555555556,69.40277777777777
401600758,"March 02, 2024",William & Mary Tribe,2729,85,False,70.7,71.85714285714286,67.4025
401594149,"November 06, 2023",William & Mary Tribe,2729,84,False,71.28,0.0,0.0
401594150,"November 09, 2023",William & Mary Tribe,2729,75,False,67.35,84.0,71.28
401587242,"November 19, 2023",William & Mary Tribe,2729,60,True,70.235,79.5,69.315
401582130,"November 25, 2023",William & Mary Tribe,2729,96,False,73.77,73.0,69.62166666666667
401583720,"December 05, 2023",Winthrop Eagles,2737,88,False,81.7,85.4,68.319
401600060,"December 29, 2023",Winthrop Eagles,2737,113,False,80.235,85.83333333333333,70.54916666666666
401601253,"February 07, 2024",Winthrop Eagles,2737,67,False,68.35,86.0,73.88227272727273
401601272,"February 21, 2024",Winthrop Eagles,2737,55,False,64.42,84.41666666666667,73.42125
401601276,"February 24, 2024",Winthrop Eagles,2737,83,False,70.49000000000001,82.15384615384616,72.72884615384615
401601215,"January 03, 2024",Winthrop Eagles,2737,68,False,77.86500000000001,89.71428571428571,71.93285714285715
401601228,"January 13, 2024",Winthrop Eagles,2737,92,False,87.025,87.0,72.674375
401601232,"January 18, 2024",Winthrop Eagles,2737,77,False,74.445,87.55555555555556,74.2688888888889
401601243,"January 27, 2024",Winthrop Eagles,2737,81,False,69.84,86.5,74.2865
401601282,"March 02, 2024",Winthrop Eagles,2737,64,False,65.235,82.21428571428571,72.56892857142857
401625516,"March 08, 2024",Winthrop Eagles,2737,56,True,60.745,81.0,72.08
401600054,"November 08, 2023",Winthrop Eagles,2737,98,False,70.49000000000001,0.0,0.0
401600055,"November 11, 2023",Winthrop Eagles,2737,72,False,64.77,98.0,70.49000000000001
401597978,"November 17, 2023",Winthrop Eagles,2737,89,False,68.305,85.0,67.63
401600056,"November 19, 2023",Winthrop Eagles,2737,78,True,68.725,86.33333333333333,67.855
401600057,"November 28, 2023",Winthrop Eagles,2737,90,False,69.305,84.25,68.0725
401577601,"December 02, 2023",Wisconsin Badgers,275,75,False,66.49000000000001,81.0,69.98
401584415,"December 14, 2023",Wisconsin Badgers,275,75,False,65.28,79.8,69.28200000000001
401584416,"December 22, 2023",Wisconsin Badgers,275,80,False,67.91,79.0,68.61500000000001
401600370,"February 04, 2024",Wisconsin Badgers,275,69,False,67.49,80.66666666666667,67.79333333333334
401600385,"February 13, 2024",Wisconsin Badgers,275,62,False,58.56,79.76923076923077,67.77
401600398,"February 20, 2024",Wisconsin Badgers,275,74,False,68.305,78.5,67.11214285714286
401600306,"January 02, 2024",Wisconsin Badgers,275,83,False,75.725,79.14285714285714,68.51428571428572
401600314,"January 06, 2024",Wisconsin Badgers,275,88,False,67.88499999999999,79.625,69.415625
401600328,"January 13, 2024",Wisconsin Badgers,275,71,False,62.91,80.55555555555556,69.24555555555555
401600340,"January 19, 2024",Wisconsin Badgers,275,91,False,66.235,79.6,68.612
401600351,"January 26, 2024",Wisconsin Badgers,275,81,False,61.165000000000006,80.63636363636364,68.39590909090909
401600416,"March 02, 2024",Wisconsin Badgers,275,83,False,72.05,78.2,67.19166666666666
401600426,"March 07, 2024",Wisconsin Badgers,275,78,False,74.025,78.5,67.4953125
401625681,"March 14, 2024",Wisconsin Badgers,275,87,True,66.885,78.47058823529412,67.87941176470588
401584411,"November 06, 2023",Wisconsin Badgers,275,105,False,83.655,0.0,0.0
401575518,"November 10, 2023",Wisconsin Badgers,275,70,False,72.305,105.0,83.655
401584412,"November 17, 2023",Wisconsin Badgers,275,78,False,67.4,87.5,77.98
401584413,"November 27, 2023",Wisconsin Badgers,275,71,False,56.56,84.33333333333333,74.45333333333333
401594584,"December 17, 2023",Wofford Terriers,2747,105,False,73.49,82.25,76.0325
401594586,"December 29, 2023",Wofford Terriers,2747,75,False,68.21,86.8,75.524
401587937,"February 03, 2024",Wofford Terriers,2747,88,False,79.305,80.63636363636364,71.97272727272728
401587948,"February 10, 2024",Wofford Terriers,2747,77,False,65.63,81.25,72.58375
401587958,"February 17, 2024",Wofford Terriers,2747,47,False,64.88499999999999,80.92307692307692,72.04884615384616
401587969,"February 28, 2024",Wofford Terriers,2747,91,False,71.98,78.5,71.53714285714285
401587891,"January 03, 2024",Wofford Terriers,2747,87,False,83.77,84.83333333333333,74.30499999999999
401587901,"January 10, 2024",Wofford Terriers,2747,74,False,66.49,85.14285714285714,75.65714285714286
401587913,"January 17, 2024",Wofford Terriers,2747,75,False,61.095,83.75,74.51125
401587923,"January 24, 2024",Wofford Terriers,2747,65,False,66.815,82.77777777777777,73.02055555555555
401587927,"January 27, 2024",Wofford Terriers,2747,77,False,67.7,81.0,72.4
401594578,"November 06, 2023",Wofford Terriers,2747,85,False,70.42,0.0,0.0
401594579,"November 11, 2023",Wofford Terriers,2747,99,False,81.68,85.0,70.42
401594250,"November 24, 2023",Wofford Terriers,2747,67,True,76.26,92.0,76.05000000000001
401608091,"November 26, 2023",Wofford Terriers,2747,78,True,75.77,83.66666666666667,76.12
401589374,"December 07, 2023",Wright State Raiders,2750,81,False,78.095,85.33333333333333,70.29666666666667
401589375,"December 12, 2023",Wright State Raiders,2750,84,False,83.235,84.25,72.24625
401588608,"December 19, 2023",Wright State Raiders,2750,92,False,73.885,84.2,74.444
401589376,"December 22, 2023",Wright State Raiders,2750,101,False,73.49,85.5,74.35083333333334
401587719,"February 01, 2024",Wright State Raiders,2750,77,False,72.77,87.2,73.36
401587726,"February 08, 2024",Wright State Raiders,2750,92,False,68.56,86.27272727272727,73.30636363636364
401587732,"February 10, 2024",Wright State Raiders,2750,60,False,67.21,86.75,72.91083333333333
401587743,"February 17, 2024",Wright State Raiders,2750,101,False,73.19,84.6923076923077,72.4723076923077
401587755,"February 28, 2024",Wright State Raiders,2750,77,False,84.49,85.85714285714286,72.52357142857143
401587675,"January 04, 2024",Wright State Raiders,2750,82,False,70.955,87.71428571428571,74.22785714285715
401587698,"January 18, 2024",Wright State Raiders,2750,81,False,68.49,87.0,73.81875
401587702,"January 20, 2024",Wright State Raiders,2750,95,False,74.56,86.33333333333333,73.22666666666666
401587763,"March 02, 2024",Wright State Raiders,2750,94,False,81.56,85.26666666666667,73.32133333333333
401625695,"March 07, 2024",Wright State Raiders,2750,97,False,85.84,85.8125,73.83624999999999
401577692,"November 14, 2023",Wright State Raiders,2750,77,False,67.49,0.0,0.0
401581578,"November 21, 2023",Wright State Raiders,2750,76,True,71.235,77.0,67.49
401587638,"November 29, 2023",Wright State Raiders,2750,103,False,72.165,76.5,69.3625
401601131,"December 05, 2023",Wyoming Cowboys,2751,80,False,72.05,80.0,73.37375
401601132,"December 09, 2023",Wyoming Cowboys,2751,78,False,73.025,80.0,73.109
401601133,"December 16, 2023",Wyoming Cowboys,2751,71,False,62.35,79.66666666666667,73.095
401602994,"February 06, 2024",Wyoming Cowboys,2751,73,False,79.165,79.0,70.96636363636364
401600801,"February 14, 2024",Wyoming Cowboys,2751,76,False,69.235,78.5,71.64958333333333
401602977,"February 24, 2024",Wyoming Cowboys,2751,72,False,68.98,78.3076923076923,71.46384615384615
401597314,"February 27, 2024",Wyoming Cowboys,2751,69,False,71.77,77.85714285714286,71.28642857142857
401602988,"January 02, 2024",Wyoming Cowboys,2751,75,False,68.375,78.42857142857143,71.56
401600808,"January 13, 2024",Wyoming Cowboys,2751,68,False,63.095,78.0,71.161875
401602980,"January 20, 2024",Wyoming Cowboys,2751,98,False,72.725,76.88888888888889,70.26555555555555
401602993,"January 27, 2024",Wyoming Cowboys,2751,79,False,75.515,79.0,70.5115
401594459,"March 05, 2024",Wyoming Cowboys,2751,74,False,59.165,77.26666666666667,71.31866666666666
401625522,"March 13, 2024",Wyoming Cowboys,2751,73,True,69.91,77.0625,70.5590625
401601129,"November 07, 2023",Wyoming Cowboys,2751,104,False,72.42,0.0,0.0
401601130,"November 11, 2023",Wyoming Cowboys,2751,80,False,73.63,104.0,72.42
401581143,"November 16, 2023",Wyoming Cowboys,2751,69,True,77.095,92.0,73.025
401582113,"November 17, 2023",Wyoming Cowboys,2751,67,True,70.35,84.33333333333333,74.38166666666666
401574562,"December 01, 2023",Xavier Musketeers,2752,60,False,73.05,80.6,77.10499999999999
401577609,"December 05, 2023",Xavier Musketeers,2752,80,False,74.095,77.16666666666667,76.42916666666666
401577610,"December 09, 2023",Xavier Musketeers,2752,84,False,77.56,77.57142857142857,76.09571428571428
401577611,"December 16, 2023",Xavier Musketeers,2752,75,False,65.025,78.375,76.27875
401599447,"December 23, 2023",Xavier Musketeers,2752,74,False,62.675,78.0,75.02833333333334
401599522,"February 07, 2024",Xavier Musketeers,2752,56,False,63.42,79.71428571428571,74.06392857142858
401599526,"February 10, 2024",Xavier Musketeers,2752,71,False,75.885,78.13333333333334,73.35433333333334
401599542,"February 21, 2024",Xavier Musketeers,2752,75,False,70.7,77.6875,73.5125
401599552,"February 28, 2024",Xavier Musketeers,2752,91,False,72.49000000000001,77.52941176470588,73.34705882352942
401599483,"January 10, 2024",Xavier Musketeers,2752,75,False,72.445,77.6,73.79299999999999
401599491,"January 16, 2024",Xavier Musketeers,2752,85,False,75.165,77.36363636363636,73.67045454545455
401599494,"January 19, 2024",Xavier Musketeers,2752,92,False,76.235,78.0,73.795
401599511,"January 31, 2024",Xavier Musketeers,2752,88,False,75.12,79.07692307692308,73.9826923076923
401599566,"March 09, 2024",Xavier Musketeers,2752,80,False,70.165,78.27777777777777,73.29944444444445
401577605,"November 06, 2023",Xavier Musketeers,2752,77,False,74.77,0.0,0.0
401577606,"November 10, 2023",Xavier Musketeers,2752,79,False,75.05,77.0,74.77
401588732,"November 17, 2023",Xavier Musketeers,2752,71,True,80.655,78.0,74.91
401577607,"November 24, 2023",Xavier Musketeers,2752,100,False,85.28,75.66666666666667,76.825
401577608,"November 27, 2023",Xavier Musketeers,2752,76,False,69.77,81.75,78.93875
401576161,"December 06, 2023",Yale Bulldogs,43,71,False,69.955,83.0,70.15666666666667
401587189,"December 08, 2023",Yale Bulldogs,43,95,False,70.14,80.0,70.10625
401587177,"February 02, 2024",Yale Bulldogs,43,70,False,65.375,84.0,70.40833333333333
401587193,"February 03, 2024",Yale Bulldogs,43,74,False,66.025,82.0,69.68928571428572
401587194,"February 10, 2024",Yale Bulldogs,43,80,False,70.88499999999999,81.0,69.23125
401587191,"January 15, 2024",Yale Bulldogs,43,89,False,71.885,83.0,70.113
401587198,"March 01, 2024",Yale Bulldogs,43,80,False,61.745,80.88888888888889,69.415
401581757,"March 02, 2024",Yale Bulldogs,43,80,False,69.63,80.8,68.648
401577680,"March 09, 2024",Yale Bulldogs,43,81,False,70.235,80.72727272727273,68.73727272727272
401625540,"March 16, 2024",Yale Bulldogs,43,69,True,66.42,80.75,68.86208333333333
401625541,"March 17, 2024",Yale Bulldogs,43,62,True,64.35,79.84615384615384,68.67423076923077
401587184,"November 06, 2023",Yale Bulldogs,43,102,False,76.235,0.0,0.0
401581510,"November 17, 2023",Yale Bulldogs,43,68,True,65.14,102.0,76.235
401587187,"November 29, 2023",Yale Bulldogs,43,79,False,69.095,85.0,70.6875
401583781,"December 14, 2023",Youngstown State Penguins,2754,107,False,81.35,86.75,71.56625
401583782,"December 18, 2023",Youngstown State Penguins,2754,117,False,83.885,90.8,73.523
401583783,"December 21, 2023",Youngstown State Penguins,2754,75,False,67.815,95.16666666666667,75.25
401587672,"December 31, 2023",Youngstown State Penguins,2754,81,False,70.305,92.28571428571429,74.18785714285715
401587729,"February 08, 2024",Youngstown State Penguins,2754,97,False,86.86500000000001,88.16666666666667,73.66291666666667
401587733,"February 10, 2024",Youngstown State Penguins,2754,83,False,71.84,88.84615384615384,74.67846153846155
401587739,"February 14, 2024",Youngstown State Penguins,2754,87,False,69.63,88.42857142857143,74.47571428571429
401587756,"February 28, 2024",Youngstown State Penguins,2754,69,False,71.815,88.33333333333333,74.15266666666666
401587683,"January 07, 2024",Youngstown State Penguins,2754,75,False,78.56,90.875,73.7025
401587685,"January 10, 2024",Youngstown State Penguins,2754,93,False,75.445,89.11111111111111,74.24222222222222
401587691,"January 12, 2024",Youngstown State Penguins,2754,81,False,73.56,89.5,74.3625
401587712,"January 28, 2024",Youngstown State Penguins,2754,82,False,66.77000000000001,88.72727272727273,74.28954545454545
401625696,"March 07, 2024",Youngstown State Penguins,2754,70,False,71.025,87.125,74.0065625
401611424,"November 13, 2023",Youngstown State Penguins,2754,99,False,69.815,0.0,0.0
401583778,"November 17, 2023",Youngstown State Penguins,2754,75,False,72.84,99.0,69.815
401583779,"November 19, 2023",Youngstown State Penguins,2754,79,False,69.77,87.0,71.3275
401587635,"November 29, 2023",Youngstown State Penguins,2754,94,False,73.84,84.33333333333333,70.80833333333334
